r_cv,r_mean,r_std,g_max_deg,R,kuiper_V,sample
0.48083016462004946,12724.01811799723,6118.0917263051,33.337723584886696,0.005899694099516598,0.15297110569987676,0
0.48003048228874645,12727.926944181288,6109.7929095512745,32.78040714699622,0.11789186051928972,0.1771074836772769,1
0.42696699318132586,12980.178593186789,5542.107824889576,36.113039171279055,0.06612327829436741,0.14388012727776994,2
0.4689839264658245,12781.618943138157,5994.373838542895,31.685939722548984,0.0760611545775953,0.12018160302753603,3
0.6164222953212524,12028.926573153954,7414.898528474368,40.225785015133766,0.07094941513044778,0.13688744310513853,4
0.5426219695140696,12414.152782049292,6736.1920324441535,24.465317108943246,0.05099240530926165,0.11737244191745205,5
0.5483644165991773,12384.673694579305,6791.314365299159,25.738109571114297,0.05996641730020138,0.1405598993579414,6
0.5676940431271239,12284.747675679588,6973.978076803083,41.68180045706989,0.03767739202647237,0.14526377867944396,7
0.5053643091898612,12602.74675299894,6368.978406724075,26.351272592774958,0.031650431523564185,0.1502097944844032,8
0.5655115102422563,12296.081185246576,6953.575441130184,26.111158578329547,0.049450561561792734,0.13047334910951525,9
0.4209085219015233,13007.99666689435,5475.176649962443,24.895122966036872,0.06976648931444836,0.13902386420046692,10
0.5519583206294293,12366.174115043545,6825.612697150554,26.068874138580107,0.042631593404622185,0.11014465611519814,11
0.4553568081547973,12847.039406318921,5849.986858300286,32.89288845615669,0.076689789712202,0.1226343729883892,12
0.550403387888948,12374.182760297053,6810.792113624513,26.654542978442667,0.09083027529195153,0.13917742475978123,13
0.44416632482475177,12900.048132589536,5729.766969114697,21.546592965826743,0.016805033180076236,0.10630791459958472,14
0.5044517280834078,12607.30229778974,6359.7754305899525,34.39296081801994,0.09165258686502044,0.14634659737200884,15
0.5616943554268158,12315.873030601095,6917.756363441986,33.00233627005536,0.030455392447605544,0.15651764613398167,16
0.4639495882069818,12805.895222951616,5941.289815310158,30.009710102549928,0.03605911625796109,0.1483909751097005,17
0.546086977868347,12396.376976721798,6769.500039734764,25.381120618635492,0.05410282179645439,0.12655038048311665,18
0.5127021904742244,12565.998625147957,6442.615020609449,32.740356717089014,0.09149233875120977,0.14699958302675498,19
0.48939843169023617,12681.957287313804,6206.5300071739375,39.783849235920364,0.08871307405939281,0.18422695400682643,20
0.5020610190714331,12619.220850968235,6335.618880324589,25.251145671721346,0.03116668098978169,0.11177862744226882,21
0.523190358097048,12513.123307516342,6546.745464171992,40.82868412485965,0.057301035449456375,0.16471064060648993,22
0.4927296510653377,12665.518087741684,6240.676307934684,33.582030340620804,0.08555390776538213,0.13794545233190048,23
0.5392607243116613,12431.36074354159,6703.7445987417905,25.496396003407813,0.061537536333690086,0.1293288924222274,24
0.5558008217304232,12346.35355911557,6862.113453530769,28.239955085354815,0.048078706451253145,0.13062294997330193,25
0.5290784968433477,12483.266667794283,6604.627964291266,21.962188247238824,0.06540449106232638,0.1179638229799411,26
0.5112538694618849,12573.268207203962,6428.132022715122,31.17906103745585,0.08907408331718476,0.16057666651217065,27
0.49148608098071567,12671.660526247346,6227.944771563341,24.833316366151003,0.1159130931057842,0.15697211782943488,28
0.4914008291561637,12672.081373973884,6227.071294305145,56.66535282330121,0.04578920578442461,0.19591004090052527,29
0.5601880790224709,12323.67232915271,6903.574328570437,39.96210453686855,0.11960118514067479,0.18175922968839894,30
0.5503551775066191,12374.43095403564,6810.332144251687,34.089244915316904,0.013703278181176079,0.13206647358926749,31
0.506363811189898,12597.753535509815,6379.046492671762,30.3364789051029,0.01990357482574404,0.1073042056348108,32
0.4980132235734608,12639.347988442185,6294.562435590829,45.2994420697763,0.01990470784660356,0.17941975195735893,33
0.5601117083854869,12324.067602485571,6902.854559086424,34.042303936856854,0.049600045500869105,0.1411870083668928,34
0.4602873307404713,12823.47653164211,5902.483783562624,31.395699917706825,0.04428488513266331,0.12396986811108074,35
0.5166305482444986,12546.241298562432,6481.77152048408,21.590179474914166,0.05536181896045867,0.12553358809003223,36
0.5144092713627202,12557.42008625521,6459.653316766129,29.55665143072996,0.05660756378296428,0.13635004760397307,37
0.47068119434550615,12773.406773405099,6012.20235596729,36.108579954998234,0.09081690803477678,0.1598313166842627,38
0.5093034766827943,12583.045213476104,6408.588674480174,48.00329572310246,0.09301661015488201,0.18767059096918215,39
0.484776137660317,12704.688109824821,6158.9296320598305,32.63039375946609,0.04793744311319616,0.12244359521829712,40
0.5005702610813552,12626.641202422112,6320.521083277033,25.522254027638457,0.07786238124985995,0.12005668579782401,41
0.4795338790625623,12730.352863457341,6104.635490448896,29.664708037427296,0.020718154706047404,0.1570698836322558,42
0.536279944802107,12446.590949089883,6674.8571071523265,27.542446008820384,0.07289855348612488,0.157061769763212,43
0.5525710913965525,12363.016126596389,6831.445314026546,27.44616700609446,0.05763831962171248,0.10616741294835325,44
0.4700331509331214,12776.54394009179,6005.399206196822,27.194365457674664,0.02913860739714129,0.09021304532889474,45
0.5755355677242282,12243.92894815282,7046.816598350246,30.405636253424333,0.10784769698366836,0.17493944686729618,46
0.5065818319142772,12596.663846884752,6381.241047563224,22.91011207623429,0.030567100566424303,0.173442463115841,47
0.5198151118924487,12530.183038542507,6513.378498212836,23.21978908038151,0.07561347955843914,0.12414232164143436,48
0.5541703545719794,12354.769046445315,6846.646743123516,23.360043601997656,0.08349235164891672,0.14672599065148542,49
0.5273615716961517,12491.984957139117,6587.792820601569,29.242366452228342,0.04891083395441138,0.13058422626079164,50
0.5575639852477546,12337.244764406063,6878.80335781924,22.617076209843134,0.0914821316989503,0.12557773760920032,51
0.5430911832700993,12411.74783009415,6740.71081549592,42.063213410344616,0.08318248923793765,0.16918054959464132,52
0.518346843311959,12537.591421355495,6498.820935994719,28.647208171533475,0.06936592674900258,0.13166863192770786,53
0.620548470342986,12007.059144666562,7450.962185540597,24.698624743905793,0.02738926501533424,0.11464766942066196,54
0.5373677742375953,12441.03601928534,6685.411834893116,34.72803315107659,0.07199670553208472,0.14470544305222616,55
0.5186041205740329,12536.293853534995,6501.37364917017,32.84098430682248,0.04787957391747442,0.17325541565935496,56
0.43870455910013706,12925.674816417151,5670.552471408031,30.295273274854104,0.08043377019845713,0.1575706225819835,57
0.4614453715204565,12817.924402010114,5914.771887806683,27.70342494369664,0.04670173785511122,0.11792663328097142,58
0.48141056793325177,12721.17930605039,6124.1101545064475,33.25787390480095,0.004099784345509358,0.1085628958302905,59
0.5757795294408136,12242.65659957098,7049.07105600645,27.283482252747024,0.0726184097152026,0.14877469889593592,60
0.6248623073004829,11984.169525496189,7488.455820781681,26.47437756546368,0.09141282240767566,0.18701570791908065,61
0.41389020519030156,13039.944335681563,5397.105236765353,43.42704326436987,0.041924018207530535,0.12381816322620623,62
0.5881056365036501,12178.19251235089,7162.0636589401065,30.908725893882867,0.007904512177714984,0.14597138559626388,63
0.47833106493275485,12736.223970662835,6092.131575109233,32.18127945787326,0.11762747821609304,0.15308870156959786,64
0.5369879728315049,12442.975883878033,6681.728395874968,34.86221207150636,0.03264537693475705,0.14302280024315686,65
0.4313749306854883,12959.80302396197,5590.5341311591765,29.8242857770627,0.033561452657293406,0.1199830127481204,66
0.5066783717378359,12596.181272042908,6382.212617033323,32.34352922417642,0.05434391712265719,0.12741048538538152,67
0.48715518555969073,12693.000473144897,6183.4610008041445,23.808949061017174,0.07418479815900274,0.1315956716487423,68
0.5072360298157556,12593.392986151362,6387.822660205,45.24360980303997,0.05116637278329459,0.1356012082621999,69
0.4702495435837123,12775.496610792963,6007.671450280654,40.72714668596007,0.07024299621173531,0.16297673844421573,70
0.5161889923331731,12548.46492603378,6477.379465497542,28.158155900569394,0.06368934452405585,0.13492618931327321,71
0.6300643203738504,11956.531643761162,7533.383984154813,26.041094568624818,0.03909400638282099,0.1347102756451416,72
0.5040358155976877,12609.37741072697,6355.577827394828,28.698010718129925,0.06472072825760293,0.13931146469973343,73
0.5376045308829825,12439.826532053195,6687.707107030137,31.805432349516355,0.11218912807887202,0.18951904267830605,74
0.5784225190238824,12228.863388159116,7073.449965777925,18.587998731867145,0.004418579220738374,0.10537955470825208,75
0.49566209620958945,12651.007781210536,6270.625035998642,29.88064403576495,0.04231800344546265,0.11397695776907779,76
0.49111194915189343,12673.507206015143,6224.110826536664,43.36252083624267,0.10435488038851035,0.14560064352553226,77
0.5494419105101902,12379.131290609681,6801.61354676906,44.72817284624982,0.09581369843138629,0.15483731644314258,78
0.5204132825630825,12527.1626379962,6519.3018296412065,31.031029589255084,0.06932937120613906,0.14806163906069542,79
0.5121773220841404,12568.634024215113,6437.369316778108,27.6937639804441,0.03772166623027611,0.11984389231934583,80
0.5367304280379973,12444.291049132107,6679.229661430094,43.60420895258332,0.021654143151903418,0.1555442446541265,81
0.4035007496380309,13086.672087531808,5280.481997586179,29.088011027491767,0.03730120129482942,0.12704458311804245,82
0.4684436002101454,12784.23038270585,5988.690906390653,27.061830609017058,0.06806725567863728,0.15856250584930834,83
0.500711780716904,12625.93716482645,6321.955481019991,39.66718282078842,0.05219333673901202,0.14487272665097217,84
0.4584317149069516,12832.359021400758,5882.760352482441,33.81238331896385,0.06315699823175099,0.10816124942581762,85
0.5157361542653768,12550.74462126656,6472.872764138879,21.850598592502365,0.031161643134547543,0.11058221865369416,86
0.5338095857177859,12459.191399934443,6650.835799577606,42.470380818995,0.04542153080186034,0.15160569610895847,87
0.5245710493866215,12506.133138903864,6560.355384443603,20.703021082267067,0.09593899099950273,0.1453965891363746,88
0.6227662716394725,11995.294723849582,7470.264972388441,25.31566780631573,0.06211218312554329,0.12712427452332883,89
0.6730612815255461,11726.925639750907,7892.93959944553,30.590959968214158,0.08545510324105106,0.12516603119713737,90
0.4820795777230423,12717.905222849338,6131.042379352883,24.33122275714571,0.06433791507773981,0.1554866363830828,91
0.43251130638858176,12954.53188821223,5602.981510623213,27.810127958830034,0.054491587277840925,0.13910531931079284,92
0.612215734854128,12051.192037324843,7377.929388999044,29.896001311953142,0.03219296214773975,0.09959457681073214,93
0.5019522436134758,12619.762591695639,6334.518146771038,41.18956653220949,0.05873992663221477,0.14432094875902857,94
0.4825098037102065,12715.798664547876,6135.497517649502,33.266315871996774,0.04790617597680715,0.12120429117595288,95
0.4992298472908635,12633.305506993602,6306.9231790352405,40.681444035155074,0.030433223214194102,0.12887751597613384,96
0.46602615172737116,12795.896757703362,5963.222523893243,22.802052961772326,0.05106258911550215,0.11060383302625709,97
0.49926464280064015,12633.132602418924,6307.276436199805,25.571175169755914,0.06749045522370972,0.1426920411510832,98
0.48316532753568386,12712.587360383945,6142.281435805903,31.10997872761449,0.0833385976890701,0.15750859445718024,99
0.5332970630484916,12461.80309545421,6645.842991094331,27.46991153849737,0.00477313116673562,0.14423315900402076,100
0.5469309081396463,12392.042009355417,6777.590789881405,22.741430908616984,0.019641860361286942,0.12031084510464997,101
0.5824558094431532,12207.783130595342,7110.494204837381,37.98201406599351,0.06414878467790805,0.13229741327186906,102
0.5601873225050772,12323.676244755636,6903.5671989690845,22.086196986673883,0.06796861447843161,0.16441871089279098,103
0.4145814132776723,13036.811391549696,5404.81969134313,39.72467030109104,0.05574681647002629,0.14463753116136618,104
0.6016270238543532,12107.10407441524,7283.960991785354,22.556454921828504,0.09306163021271366,0.1362497251707242,105
0.4782588907669169,12736.576052148748,6091.380734869138,32.99348971217483,0.012497475638327957,0.1139276571619165,106
0.5227580065399217,12515.31083664965,6542.47894419445,32.25181870917353,0.029615854814326895,0.15087919517190307,107
0.4751120505092807,12751.903633505353,6058.583083211475,24.8275623226581,0.04004580022523147,0.12456449728923852,108
0.5326541002620158,12465.078255373,6639.575042811322,30.159462508983673,0.07725852653658964,0.13966076714581777,109
0.6107173609221066,12059.11589425087,7364.711433990721,22.405152666025348,0.06494342137300099,0.13025506811703225,110
0.4795334598434578,12730.354910878197,6104.631135448576,25.113703189363484,0.02203447720332749,0.14542136264222136,111
0.4976748522733177,12641.027461037473,6291.121474254776,26.173399389382986,0.04503606985688137,0.11854264884672155,112
0.5166048037550884,12546.370964739894,6481.515510077993,33.61461487104447,0.054893473947324176,0.1287410572443073,113
0.5053691276259539,12602.722690947638,6369.026972036022,24.249983739336322,0.051685165941134745,0.11806001713677808,114
0.4368181400786798,12934.487430515226,5650.018742268723,30.765280281999015,0.04472882737616619,0.14547820170417833,115
0.49532370156437205,12652.684067216878,6267.174306898418,40.46494120120659,0.07307350697598174,0.14090245890371167,116
0.4894384293593877,12681.760186117266,6206.940787005651,26.015228370390663,0.08383631937667867,0.16192277222233753,117
0.4630280380346297,12810.325582015988,5931.5399208256895,19.704577389710263,0.0682397479132382,0.14651521929048983,118
0.4685267509577741,12783.82860038235,5989.565678938211,53.83023568386017,0.09670365327839443,0.1700390186264884,119
0.4704843731415911,12774.359793968286,6010.1366599503135,23.315274834429882,0.12219179677589476,0.16731341310276762,120
0.5734767604294,12254.660660135312,7027.763095536011,24.411006010709404,0.11793236053125278,0.18411612268544963,121
0.5246411234545865,12505.778189188593,6561.045518849768,40.80771343244327,0.053077705339551515,0.13034021978822785,122
0.49480769862079377,12655.239238827116,6261.909803259611,26.526869250057057,0.015032469850002565,0.08998358470714629,123
0.46915614974209235,12780.786278309566,5996.184481008282,41.36047405783105,0.05749089570160678,0.14868047903560783,124
0.4546129711586542,12850.583368816002,5842.04188641943,27.97867728356271,0.05157288216923287,0.140948543012948,125
0.5133570962030846,12562.70884237247,6449.155731765146,26.87284655648116,0.04721553711270468,0.1208783763917119,126
0.5796664125940166,12222.366091181748,7084.895105486077,32.38245714475836,0.07605251231546425,0.14961763310329187,127
0.5246695151035209,12505.634370642967,6561.325121307171,21.369323966842558,0.04569791917260516,0.089277838269889,128
0.46532715135350167,12799.264749427843,5955.845405270548,23.270015623635064,0.02535046254158418,0.08684424446094696,129
0.5307721138668238,12474.656915556674,6621.2000208334075,24.759127420709348,0.08826674508094036,0.14646439588677124,130
0.5415281880689056,12419.756299720486,6725.648125245009,36.37265334007975,0.06491290780562589,0.11205504742952904,131
0.43506602591477483,12942.654675399195,5630.909334413208,32.38794404836991,0.08200196070855566,0.16175809147996034,132
0.513229726988822,12563.348781624882,6447.884065258688,25.104825384046418,0.12379214591723381,0.1424320512303326,133
0.46507745846347187,12800.467262552615,5953.208781612845,23.561510418249277,0.06399954550511619,0.11357524396491891,134
0.573632341551189,12253.850038990004,7029.204690882965,24.711915948410667,0.039813229830577876,0.13691947244732322,135
0.5149814844166598,12554.542121298276,6465.356737797667,27.192944754683772,0.05031259314927148,0.09735647986043028,136
0.5237799453069384,12510.13916377069,6552.560006981999,27.274585696991583,0.049852132797706526,0.14999272311137685,137
0.5236629894935224,12510.73122274044,6551.40691285021,35.15882628150778,0.06509630828745419,0.12925889393177417,138
0.5371919535852867,12441.934094354503,6683.706882525681,28.916599530213166,0.0538329452960061,0.1367131804367367,139
0.409416069254178,13060.15133924963,5347.035825180273,32.764021009298446,0.04041327231603978,0.17122702329290013,140
0.560447394560221,12322.330065275486,6906.017779994723,31.324615146468055,0.04001024383007342,0.13242014555715198,141
0.48550676293430556,12701.101396393899,6166.47062466359,32.69739191366232,0.07617313778484643,0.15903365705604805,142
0.5117502791170375,12570.777465929446,6433.09887690756,35.614377122034476,0.060297410647329915,0.13893336850872517,143
0.5171055243492236,12543.84856899517,6486.493391627507,22.222957649203174,0.02086372109831289,0.10757090239664199,144
0.6270326100780497,11972.643470949388,7507.237885123315,30.276096322635194,0.09139022494543105,0.1561080907343867,145
0.5862795743938042,12187.76405463796,7145.437122765248,22.997294136483436,0.0122231282737259,0.08908705549542278,146
0.4577164850976755,12835.778027793598,5875.147202375659,32.776744961199476,0.053300766121669105,0.17935229897403981,147
0.5701293165765213,12272.087344488378,6996.676770680535,30.16446070578695,0.09519839389283645,0.134478022701633,148
0.504837348170622,12605.377709705508,6363.665455656796,22.95297894164861,0.050055535257739134,0.09756942696136894,149
0.5015650874444644,12621.690381363616,6330.599239825597,28.88016437281204,0.045618773638001736,0.12135549183874775,150
0.5170537568017831,12544.109392366669,6485.978887055719,22.564072999413575,0.03265707307377129,0.09271637446498288,151
0.49338039023635105,12662.301234442733,6247.331124339586,28.187943576771822,0.08673856278002816,0.1881444244782502,152
0.53458357403555,12455.245698119139,6658.369760791439,38.31484888389647,0.0172862761847236,0.13118081173586138,153
0.5627006932871892,12310.658946780424,6927.216324175483,34.2105553793706,0.02332009254977657,0.1488144854286147,154
0.4626526285175537,12812.12915703707,5927.56523140959,25.583625705635313,0.03165960227175248,0.10044235250075495,155
0.49842071106845015,12637.324838590577,6298.704432053302,30.60603749150934,0.11203627388453974,0.17746087014308168,156
0.5818205125679529,12211.106021012181,7104.671964166923,31.883152489720025,0.10989545161472608,0.15353684895542652,157
0.5060866806838275,12599.138391418192,6376.25612798901,30.00713699588947,0.006944348075698266,0.08990397989246654,158
0.5733602343848995,12255.26775473135,7026.683192302468,30.241415455657382,0.0366023971053222,0.17240349231580093,159
0.5776692098505214,12232.79643243262,7066.509849385629,24.147831908277027,0.02077335058603164,0.09489100823798502,160
0.47313232428415486,12761.522794463664,6037.888941149817,36.66161560523666,0.05109847657829872,0.15259790417597574,161
0.4756930539278632,12749.077150527703,6064.647444496463,24.055217749531195,0.10163685030557996,0.16495049287175445,162
0.5017073035128986,12620.98230666302,6332.039000759906,31.198323139860126,0.056025022727487786,0.13084824998115338,163
0.5198552361210096,12529.980475787475,6513.775958832138,26.629341017109144,0.06538269921866206,0.09257874405636835,164
0.5294056586945134,12481.60424865753,6607.831918824777,35.09914829532559,0.06936614512220204,0.17590833832890648,165
0.5104575908032367,12577.261583844182,6420.158646991203,24.010186675140876,0.03062863271615951,0.12366203196939689,166
0.5430050389554685,12412.189413207843,6739.8813958415785,32.82874823112987,0.03450985047051787,0.11680840350109217,167
0.4179367247621983,13021.561257469799,5442.18866323726,27.47433957029183,0.03136906120611077,0.14094093724820933,168
0.5132852573254673,12563.069788879313,6448.438509382722,23.652057460930422,0.045361586468807405,0.12016059548985752,169
0.40616494639117906,13074.75523134401,5310.507257616628,26.567343356025113,0.05308602088226009,0.11919663356562307,170
0.5479049566380327,12387.036012972963,6786.9184295617015,35.7552338190151,0.060255722031608,0.1381193397715944,171
0.5720599394506171,12262.039966136717,7014.621840569217,35.474929332619006,0.07171168440833406,0.1561556494016429,172
0.5336182999929747,12460.166248538404,6648.972731174905,22.594960057829393,0.026544659124929752,0.09653177595084117,173
0.49985514392279956,12630.197551708896,6313.269214982841,26.771681414779167,0.09372193843286526,0.1609592480522536,174
0.5193459831979641,12532.55095155034,6508.729995911492,28.775655002214645,0.05482306242576021,0.1647549606843785,175
0.4836130490881553,12710.392939912037,6146.9118847794225,25.95522262832036,0.14903365544820765,0.1687951201629539,176
0.417792917708048,13022.216290904309,5440.589739202186,44.87088663886756,0.034741240693636564,0.13732462912847787,177
0.5597577241911282,12325.89951964343,6899.517463724127,39.76632995900124,0.047513372364805684,0.14498268442232348,178
0.6036683607746306,12096.340782915393,7302.1782117938465,28.608051280314196,0.06056525611177396,0.13909722802573984,179
0.43808462676520826,12928.573099022828,5663.809120692127,22.53383571809179,0.01300266447423211,0.11247380634174102,180
0.4681274466052764,12785.757723605317,5985.364116065048,35.27678750430817,0.06220001527689769,0.17131053666647988,181
0.5213330039112187,12522.516092222415,6528.400930884888,25.243325000840123,0.044080894208512016,0.10169325298514487,182
0.4854950938992078,12701.15869942863,6166.350235407843,28.595182916505568,0.04863150733351624,0.13434850961115397,183
0.557378028355125,12338.205857326448,6877.04485419627,29.265666624644513,0.04240057995436014,0.1301095825630492,184
0.5164743536005773,12547.027959960404,6480.218155228919,33.730843911230586,0.047482908482726474,0.17003322656286032,185
0.5500641397994489,12375.929111862517,6807.554801135613,27.96717269679096,0.040270226165102715,0.1475620645991692,186
0.574610338954502,12248.753051523334,7038.260142705813,33.44594216832848,0.04382485231777604,0.13290656622851843,187
0.6399380261088081,11903.975313867735,7617.806465204499,27.67067154337837,0.056718493185393,0.1343590219530352,188
0.5350443916801615,12452.895571062836,6662.851935475892,25.141980805528963,0.0410600593721967,0.1224245802870666,189
0.5499300795230283,12376.6191225218,6806.275138274646,29.912741720779625,0.04148007766397801,0.12841885491998423,190
0.5853122571667837,12192.831437138659,7136.6136897257475,28.606209886500523,0.08702307761815267,0.164009395417721,191
0.6039063710904727,12095.085331964814,7304.299090856477,27.43146315716554,0.1356598916698981,0.14754765926991592,192
0.5055917799168783,12601.61072185194,6371.2707946807395,28.367059986600456,0.060682014707851166,0.15378355465083393,193
0.5179019095381898,12539.834858028138,6494.404418266328,31.374737679280653,0.06352962358859736,0.13836305570381235,194
0.5624776765480889,12311.814684847237,6925.1209180235155,40.14609233395001,0.13324777061979995,0.16905122702008318,195
0.5852455133242463,12193.181005381808,7136.004476550127,30.696630719433664,0.027267147383550048,0.13806876638748333,196
0.5031979736713769,12613.55556671422,6347.115601961911,41.671409029647585,0.05841805179078122,0.1292260544998496,197
0.5527831936636114,12361.922779565095,6833.4631539109405,48.43955629041884,0.06656096855541317,0.1506118497926348,198
0.5660002010574704,12293.544570467966,6958.148698593843,29.932866822824348,0.037057368619534195,0.12082406763084247,199
0.5510238761047306,12370.987794295917,6816.709645657247,36.90918340722763,0.05017598452698506,0.13152424365442572,200
0.5670125439839333,12288.287900486988,6967.613383662114,47.671640680548876,0.062435464457337345,0.14857228741853515,201
0.6416661366596518,11894.764611884199,7632.467654983676,28.91375243073931,0.12099592789754654,0.16834007387435856,202
0.5104401465787956,12577.349040374816,6419.983887741595,20.322169648524167,0.0439843486221471,0.12153555642403582,203
0.45491056527454726,12849.16584463479,5845.221297689218,30.585623042491004,0.03962711378381086,0.125274497094767,204
0.5567644534998686,12341.376353433587,6871.239660855652,23.817874240740327,0.07613858130780113,0.13718979940291587,205
0.4634884163502235,12808.112836388764,5936.411934972797,29.01433762421383,0.035573189906766355,0.14807373551143016,206
0.4655260355012616,12798.3067104246,5957.944984033157,27.242553284322803,0.06765256865331944,0.1439379815167486,207
0.45280916784616493,12859.16554647644,5822.748050296072,41.42801997777675,0.032122847662609644,0.13730654199673856,208
0.5005868549736558,12626.55865466195,6320.689286077621,24.046151420120093,0.06588020371413396,0.13916991318731972,209
0.4737608766167226,12758.4707584795,6044.464290826069,27.58058644178761,0.07946326509951958,0.12246196593317563,210
0.534947848254468,12453.38799103381,6661.913109281568,29.41357389637105,0.083643926175094,0.1366084766472936,211
0.5152985962370261,12552.946671646212,6468.515798537543,26.265265445121297,0.021215233712537262,0.11058679748900965,212
0.5572397010233091,12338.92072104002,6875.736493542654,28.987978049611524,0.017977398995269223,0.11564496776998401,213
0.47644056935187656,12745.438302905965,6072.443881675733,23.571946554764555,0.015486704858795214,0.1208452856977984,214
0.3728720305984995,13220.236804084092,4929.456542131853,36.60329708142407,0.04855380123474235,0.1800694424436005,215
0.4780827310156327,12737.435297714337,6089.547853266189,23.814990536494367,0.1114812849219118,0.19008099592991407,216
0.5219921969314342,12519.183906124428,6534.9163109465435,30.56744131150217,0.08621906840481068,0.13904158960619156,217
0.4688448859038519,12782.291071878208,5992.911799184563,24.159250028490657,0.04077452358037731,0.10492307562120179,218
0.5487219859549848,12382.83481359067,6794.733710665997,40.265457773491754,0.024252820528693483,0.12798367980699932,219
0.5141202201954694,12558.873414327685,6456.770765181177,27.069592164945,0.04298876048549515,0.13116543604834258,220
0.5188463895696693,12535.071759184062,6503.776725249374,29.323260803946336,0.09786197416766926,0.1596127081828262,221
0.45321788430524323,12857.222430441941,5827.123147966814,34.733609773218575,0.03599586982003998,0.12697077765186088,222
0.5175769702536449,12541.47280383502,6491.177496327415,44.23492656941227,0.10428793475049501,0.15396910829989527,223
0.4948617609138339,12654.97158253388,6262.461521647243,28.619817420742567,0.06366265798245208,0.11615273952997446,224
0.4654959528558252,12798.451633121935,5957.627438039287,32.928992708464875,0.055244771561978705,0.12939294275877694,225
0.5708607362869771,12268.281970717548,7003.480478780065,28.16322703695903,0.03128210312516384,0.09682725146276122,226
0.6047846693234645,12090.451609467951,7312.1197786034245,29.755988377128947,0.026471071090734058,0.11021522751733459,227
0.5344126241879166,12456.117349638074,6656.706360012719,31.423710195287793,0.035406102299339666,0.13687288314254697,228
0.5644238134895004,12301.724782672318,6943.386414334205,24.021240271864485,0.06737921603081391,0.1169976166968062,229
0.5775153690424235,12233.599474824792,7065.091715420638,25.887353633120206,0.017986805904096324,0.14777641725344404,230
0.4424152105059047,12908.282274807918,5710.8204198787835,31.380069103376957,0.047199292046960634,0.12287069163461448,231
0.4855210394310367,12701.031288100392,6166.617912844621,21.933967377814614,0.05035164699058664,0.11940964395311415,232
0.5560030539671089,12345.309235449691,6864.029637078383,23.14587312982757,0.11396167867173825,0.19614093453409376,233
0.4511654595811774,12866.971216045187,5805.1329821048075,23.527273321273395,0.04550425766755742,0.11387749592712537,234
0.5195216291066239,12531.664477292572,6510.470744660646,42.89129064664731,0.12507132862409398,0.1607825146488135,235
0.6529861323080657,11834.34973506683,7727.66626188227,50.09656276142284,0.08892116961730284,0.14882997477050508,236
0.46434597357110835,12803.988304020255,5945.48041462337,38.752902282831414,0.030049112532842395,0.1489311521405463,237
0.4374186724160703,12931.684144048084,5656.56011039346,39.612455499447364,0.04518132930890426,0.17138580919389235,238
0.5228955513831475,12514.614985482922,6543.836503181893,31.93134444645779,0.07301625582288682,0.15567560621018928,239
0.515532009123487,12551.772088530466,6470.840282860217,50.33640886607463,0.04467442794289491,0.15504407610590315,240
0.640419068256994,11901.411741897458,7621.891018688819,24.606723934338003,0.03897843531695694,0.1240289202362801,241
0.4785037439455311,12735.381507303828,6093.927731819563,33.76262301207466,0.0952488721398861,0.14920148838612052,242
0.49886810201696374,12635.102784845532,6303.2497450651435,21.205708861796637,0.1289071927502834,0.15388186608352566,243
0.42455191900827244,12991.293859464116,5515.478738435877,32.462136327184055,0.035670148705938855,0.0999608022953028,244
0.4571513265033948,12838.477804266246,5869.127158504705,28.130500721783633,0.11947691155087639,0.14345523969786203,245
0.5040494392567727,12609.309449067061,6355.7153572173775,37.38770011362043,0.06283138646272866,0.13293575422570553,246
0.5371028538481969,12442.389169317968,6682.842731530577,18.28349924334286,0.07892061757416399,0.13724169447884244,247
0.4975926067914825,12641.435607032154,6290.284897289796,40.17194982896218,0.029499924393266687,0.14212764615368104,248
0.5515404198657778,12368.327194298687,6821.632373780815,24.83479921307774,0.08470955234410496,0.12785484847988704,249
0.5312120000514917,12472.419107526997,6625.498699589858,28.580061465597897,0.07522690540263456,0.11673730768785215,250
0.5550104163023127,12350.434094035081,6854.619568044687,30.589082830056526,0.028090085657127735,0.13472042642313842,251
0.44247547026378625,12907.999198445148,5711.473015496593,29.42220298142636,0.06686877457732923,0.1190170082277332,252
0.586867471408527,12184.68330322718,7150.794280078634,39.57204093802637,0.11790892219874928,0.18159893904412683,253
0.5272198535848712,12492.70412928991,6586.401641923342,39.24186858833631,0.035299836036130336,0.20759776406238928,254
0.47226546954982956,12765.728884912241,6028.812945978902,26.33836164576155,0.060797519782428484,0.12437185343974816,255
0.49027900079286285,12677.616406040705,6215.569103988842,42.671394198422895,0.04165791038001719,0.12309924898800848,256
0.563517616888106,12306.424279204937,6934.8868822314935,24.206328639526323,0.0610660753720527,0.14050856433800163,257
0.5417163400013917,12418.792649578623,6727.462901365917,24.422385715152984,0.026989436531467376,0.10394497222012278,258
0.5149347945442438,12554.776995306394,6464.891512626898,33.04398119241542,0.021648334846017706,0.11237461176711491,259
0.4933312637455741,12662.544148108698,6246.828906820589,30.05730611917009,0.06106066775575218,0.1364112024350826,260
0.4745745970557927,12754.516849249287,6052.969694373799,25.93730931377206,0.044904124276169625,0.10065697404864721,261
0.48125822559082465,12721.924575529376,6122.530847319573,27.533336606540026,0.04581392341748358,0.12641316514080939,262
0.47585166862622214,12748.305243550933,6066.302322300128,47.684443393761086,0.09206229974580998,0.17526336856687008,263
0.5254265803732715,12501.798400509626,6568.777182095808,32.75510916710591,0.061782771950266054,0.12969830805278026,264
0.4888101532726794,12684.855415706246,6200.486119993147,38.983596588931846,0.04718002768657591,0.1230345839752301,265
0.559386161184782,12327.822041960862,6896.013047821627,34.246959735447156,0.02149066027799572,0.10717011502976492,266
0.5931500828002874,12151.714627259611,7207.790537324501,34.962644385097484,0.0755148823109083,0.15876628323092576,267
0.47723780927019765,12741.5545438028,6080.751577181181,26.62961903156252,0.03494566634698027,0.11998230193655306,268
0.5149360446625343,12554.77070667585,6464.903969340712,46.00761089748093,0.06894319401892293,0.15687428109199908,269
0.5713597302592124,12265.68507744737,7008.118517294776,25.135416834777676,0.025970379249225864,0.12802037160694715,270
0.5639518874501424,12304.172441120498,6938.96127168193,22.84037034376478,0.05283064731724874,0.1215563782657319,271
0.4170423752652349,13025.63291492535,5432.240890173493,21.985544640188962,0.023374302809210143,0.12000478686291882,272
0.5591127231364031,12329.236610006454,6893.433055213744,27.045530658384873,0.031482977427935696,0.11829851034325989,273
0.5719385127145364,12262.672169866526,7013.494482739398,27.20066010969321,0.11104363212553064,0.1461115912657393,274
0.4819760022417458,12718.412245408741,6129.96948890457,43.669081584479784,0.05032224720271394,0.14597876567684365,275
0.47353708355409974,12759.557634757035,6042.123709803293,32.9868130473563,0.041458756917191295,0.1441023541900481,276
0.5563951502857625,12343.284130110458,6867.743428592675,42.91036764049972,0.048496327410433415,0.17593096178160322,277
0.5595452331909025,12326.999025877996,6897.513544478932,38.95575790441068,0.11307907936609528,0.16932658810583162,278
0.5306077523196133,12475.492895924306,6619.5932445857,23.90128866838791,0.06053502735040714,0.13775933509629856,279
0.5155807630744599,12551.526722797644,6471.325725489484,29.14211391358253,0.08466399872819509,0.14077850112982176,280
0.6571905788836384,11811.878388628731,7762.655195926054,41.237565965831756,0.08520980805506308,0.17944413004821497,281
0.48403761643827253,12708.311178542954,6151.300651817785,26.156091110661055,0.05352812611099313,0.1229064927005532,282
0.5290481365800803,12483.420920041719,6604.330575892864,32.530773766275445,0.012232318086962866,0.14827935334534947,283
0.471785412573365,12768.056651018192,6023.782874860714,21.5873188299797,0.05897752577826687,0.10142136444502187,284
0.4364771025191187,12936.07849078321,5646.302057616949,34.07249550169171,0.039957384643841076,0.12741320622625812,285
0.510251959920851,12578.292439164277,6418.098369541195,23.7421617832883,0.011390009488497716,0.0997947624176847,286
0.5610908120503927,12318.998833607593,6912.077059196725,32.23695270897331,0.20766247927833456,0.20623676562408444,287
0.5121316447433006,12568.86332389133,6436.912646618216,26.273069647436095,0.06362990152650985,0.14636813054221334,288
0.491916136640347,12669.53707257044,6232.349729760503,25.636276069517884,0.049123766987840684,0.1346478592058718,289
0.5306000059997216,12475.532293234191,6619.517509639782,34.22373994977475,0.08852171446630155,0.18343585809875984,290
0.5329980698551328,12463.326294048644,6642.928858702652,40.63777963003743,0.04292158147880087,0.13962872713936403,291
0.4660891066460731,12795.593304626535,5963.886652359856,27.688070581088216,0.0594621570435229,0.15132046889573178,292
0.5747541531060153,12248.003346035886,7039.590790390497,40.927907889104766,0.042071556366937254,0.14066853216080227,293
0.5293356656309608,12481.959937452377,6607.146571870339,26.730419993954133,0.017132039417807204,0.15233230908093826,294
0.49927409386344285,12633.085637688242,6307.372384456071,31.962276610029512,0.08766771386949912,0.14699804089823656,295
0.5706615387456825,12269.318472788793,7001.62815904248,32.019787916538526,0.035388503094181734,0.1581476710799074,296
0.606117147148975,12083.419057162762,7323.9674867330505,30.63185213937002,0.05492081844464736,0.14521537827712183,297
0.4893070957171179,12682.407348339337,6205.591906317355,21.52426818560091,0.06930329830814042,0.12218059364508495,298
0.48392709795144984,12708.85315607996,6150.158426112899,20.38513407377742,0.16130738950808876,0.16563371618179681,299
0.5463727406127901,12394.90935624578,6772.24059461912,35.29334052144387,0.06386532908549286,0.15005194411138245,300
0.47798485082293257,12737.912661338763,6088.529283225553,39.165949445327115,0.050780070980075184,0.16457118773793825,301
0.5562207864675771,12344.184740354163,6866.092144580857,19.345001698979843,0.06618861988335523,0.12285199618121814,302
0.5479609140571045,12386.748340917724,6787.453943084598,20.714637152106675,0.026246842433718064,0.11000405615937148,303
0.4820919067837347,12717.844866430727,6131.170081837321,29.497138781910817,0.05737193513719598,0.10981933413249684,304
0.5852994405823747,12192.898564254103,7136.496708735566,27.60886823338367,0.024206690266001394,0.10279457725636623,305
0.4539135079842755,12853.913300183829,5834.564877412177,39.51395760667242,0.031359642854324,0.14429759441882378,306
0.49742552738042756,12642.264658267548,6288.585164921676,25.610727867657655,0.08604704169198789,0.15325136269239553,307
0.4678255487837076,12787.215742793931,5982.1862222882355,21.695991105385897,0.025866179585833145,0.15647989386389155,308
0.4297892416036147,12967.145857693607,5573.1397839415895,25.005251632458844,0.09902950332747065,0.13271698047059827,309
0.5018412524102198,12620.31531853119,6333.394845263574,21.912531160820937,0.03782295810323503,0.140955231096294,310
0.5702438979062027,12271.49129809391,6997.743030947118,20.927038956515243,0.057055488670585096,0.1096951709383524,311
0.4766481504469313,12744.427353766185,6074.607726677931,35.55393907662651,0.045120224996948885,0.1416569957559361,312
0.47528226226036524,12751.075745353508,6060.360126504888,35.00735728946703,0.017479819580884935,0.13292266789624316,313
0.5478378327950684,12387.381078289472,6786.276003936741,26.591416082009918,0.03328608298816063,0.1030083768995318,314
0.5167047010689032,12545.867802537647,6482.508872560192,21.739090593734534,0.014942249995626872,0.08928348461557073,315
0.5692334712063756,12276.746349582072,6988.334939692803,38.375086293416466,0.052709863731184074,0.12989293480756223,316
0.5908507043446949,12163.790475930151,7186.9841702046215,27.251630104764487,0.09208156129478019,0.14737469416824012,317
0.5079604605106897,12589.769027345645,6395.104872853712,24.58852772541702,0.028592241167085038,0.10875113650567308,318
0.5095680429581378,12581.719840582493,6411.242356213195,34.92382052695899,0.039328376206391305,0.16496323297044713,319
0.5793608445701195,12223.962514371271,7082.085246319621,31.38826043526484,0.022435358914012236,0.14878632256685842,320
0.5400399119467564,12427.3748370322,6711.278412720205,24.499583799963148,0.07174481700432306,0.1494064637719797,321
0.5047165279448484,12605.980773737294,6362.446847460201,40.55852208863933,0.03009381497565134,0.14625396913553654,322
0.5671940405892896,12287.34518562613,6969.30896395064,36.780077045281715,0.11224144961719111,0.17889523519292216,323
0.5849288394355001,12194.839438715615,7133.113279990191,30.09680427927936,0.032799089801957615,0.10625596435880558,324
0.5069557320074,12594.794624840528,6385.003328518896,26.32821282375138,0.04127781298686319,0.125287352733165,325
0.5822070151572578,12209.084546176084,7108.214671431781,24.97512768367928,0.0631918365589794,0.11140475201433075,326
0.4834638247147822,12711.124433813766,6145.368835197124,28.35855963848734,0.028928592812714485,0.11324166104338051,327
0.5354619749144718,12450.765336507122,6666.911396282751,36.4495634246349,0.08608669907521434,0.13805756047694695,328
0.504051757575523,12609.297884054267,6355.738760250876,18.351569292455068,0.10295204214959905,0.15002053048372643,329
0.49956084379138466,12631.660530935133,6310.282993320285,24.862421883156436,0.11720064352190192,0.14614542184790613,330
0.5850204139593778,12194.35988212585,7133.949466210893,21.226408768596304,0.10548072992720864,0.156005567894295,331
0.4624570788891183,12813.068355638536,5925.494163355195,31.644622803996004,0.02253936629155972,0.12704244323986796,332
0.49608936985966984,12648.890537635501,6274.9801362395365,29.638204142332583,0.03506441453251964,0.1845091749852347,333
0.5105073787020827,12577.011966062828,6420.657410699462,27.977962010466133,0.08117840229537138,0.14010080580864132,334
0.5425914354815535,12414.30926041811,6735.897882122205,30.111435845352577,0.1104258841575123,0.1443605053299813,335
0.5512709388288747,12369.71532696132,6819.064581339888,28.57559629987999,0.045413906759463635,0.10743264834294147,336
0.5869270166468372,12184.371227002624,7151.336653982214,32.15280730073596,0.07193529811094702,0.12956037837349343,337
0.4639104606382583,12806.083414567713,5940.876055824067,22.971737217313326,0.059091521771423426,0.12897895585324418,338
0.340207827050587,13355.111445495832,4543.513444890561,27.51998602690542,0.009071275947225484,0.10909681537203608,339
0.53761870312261,12439.75412650665,6687.844480656641,31.96697010088381,0.12609706357161934,0.1627187751929246,340
0.503436967645619,12612.364035256278,6349.530304752083,28.42698104896671,0.006919909576293205,0.1318842038796928,341
0.5859466411955656,12189.508387657053,7142.401497572825,38.31702793370266,0.09212742612750852,0.16743131962894964,342
0.6255069756998526,11980.746517317104,7494.040520673563,35.31670399717027,0.07228223736268778,0.15150076819170202,343
0.5555309538202511,12347.746973056886,6859.5556534734105,38.25139543412213,0.07529551008645537,0.1574344930473981,344
0.6397208396571797,11905.132656235015,7615.961459076774,40.991683083496895,0.14803824119633496,0.1738454506333809,345
0.5229686336561589,12514.245228745402,6544.5577285150885,39.570401244072166,0.052270411255262494,0.15659468308670987,346
0.44736607568427644,12884.959137635693,5764.293604756339,33.6336147502569,0.0159348828786968,0.10411792033423611,347
0.5569069987899861,12340.639879466426,6872.588718421663,31.562032443950006,0.07736634719562673,0.15256733004418793,348
0.6014781177413899,12107.888902782039,7282.630227067204,28.69632559038239,0.04558158068463261,0.11815716706593887,349
0.4667287832731352,12792.508859097305,5970.632094817288,39.120298566196816,0.011073911041371566,0.12619132539643296,350
0.49574584604502325,12650.592840653899,6271.478850761081,34.1211023877432,0.031315837386880034,0.1573173666378177,351
0.5079400994546133,12589.870911251746,6394.900282781954,26.280640380272185,0.0343642252068837,0.12877698733695192,352
0.5191557127677194,12533.51110883547,6506.843893189608,27.142565557965376,0.04933705484641478,0.1259376486861138,353
0.5101139377738038,12578.984271942205,6416.715200155182,55.023216334973355,0.11445766078919913,0.17382488500180376,354
0.5533646841536922,12358.924643095434,6838.992431605789,36.049082192799354,0.09684448856600811,0.16150821602776738,355
0.5118855295176191,12570.098683181452,6434.451620529064,28.295350553925868,0.01992983572638942,0.097424625176321,356
0.48920648550985807,12682.903066678746,6204.55843531211,29.285737048851765,0.03997184795079558,0.149852301306468,357
0.5926813192142332,12154.177358599738,7203.553870858657,34.17242344678959,0.05284136386905585,0.14475105793588702,358
0.4641915838588114,12804.73112978507,5943.848424021159,30.045687633835218,0.07501882745171629,0.14266049703161288,359
0.4674304585994043,12789.123167557636,5978.025707295732,24.477054137693703,0.04357486862216269,0.11878249267601015,360
0.5884502626362242,12176.385304417065,7165.197130344082,31.901929247884564,0.08420865917561407,0.16789991776162383,361
0.4540948463984085,12853.050247032785,5836.503877677379,38.36988789928122,0.05528276503712726,0.1636259535970518,362
0.4892537188260662,12682.67034802347,6205.043632415563,31.45762770493751,0.03249335383948685,0.14040584088618224,363
0.6161076234529441,12030.593136346084,7412.140145963487,29.60872274534683,0.14062451985257424,0.1641130920643371,364
0.525359875231216,12502.136468768533,6568.120855355872,29.580612480244795,0.022491898781353048,0.1313760625347281,365
0.5281175752587659,12488.14732607249,6595.210085319645,30.43968227215391,0.04193468664954994,0.13078168708950477,366
0.5266640265444716,12495.524098417949,6580.943035456276,37.340117197328404,0.05231733260153812,0.12229361312227036,367
0.4689532203791178,12781.767385856596,5994.050977734229,32.23650348478189,0.10857134709656953,0.16801182720014893,368
0.5141067730938271,12558.941017763995,6456.636640118352,27.979190098756828,0.05587885727494111,0.13156285364949655,369
0.6003829064325106,12113.660066582082,7272.83443830999,51.22375640448245,0.09352562065951878,0.14860256013182932,370
0.6124396923236963,12050.007357563696,7379.902798564587,34.773415381686604,0.05697099846252163,0.1511555550631143,371
0.5439199715839544,12407.498221922971,6748.686080296307,26.124282279313856,0.07192105201780669,0.1141762685888321,372
0.552280415291068,12364.51429632309,6828.679090445664,30.740261983677076,0.06005813051940282,0.15413798680488205,373
0.5149960441004492,12554.468876960975,6465.501807417111,24.189346091547286,0.07467921812381877,0.1379697918280814,374
0.4671329692015527,12790.558892478492,5974.891753190801,38.42015455244754,0.0751572750262239,0.13094406052349405,375
0.6436144227055508,11884.376311106731,7648.955998688482,34.73740737375006,0.09506977181795956,0.17251248396231683,376
0.5442774343702548,12405.664681712258,6752.123344620031,24.327657971584305,0.07650881617899415,0.142944636033412,377
0.5079261528929915,12589.940696986134,6394.760143371074,35.47848224330779,0.042453931700324056,0.16646949875724004,378
0.4767261315360821,12744.047523280316,6075.420475885414,29.277009211742506,0.00838277647465651,0.12944536598009343,379
0.562302800709602,12312.720849801428,6923.477418198854,20.13538879822984,0.07237009042593853,0.12561853241923976,380
0.6221628258157266,11998.496456415727,7465.018460863591,25.841167607025174,0.15673258444446678,0.1676069123098024,381
0.4870783608275766,12693.378281832873,6182.6698868795165,33.55433063375918,0.04254725194960203,0.13344472422583262,382
0.5273641362785979,12491.971942102216,6587.817993663215,46.75369621241739,0.06338294919920477,0.12987137836782603,383
0.5578375002857454,12335.8309648513,6881.389109380144,33.66822073697656,0.10639503612593458,0.1690680137133902,384
0.546095480847634,12396.333310675036,6769.581600040628,33.30726528858166,0.04365463494183452,0.1294334761759563,385
0.500780904938193,12625.593253334939,6322.656014786615,22.8868191398973,0.028033483347691197,0.12851825474417655,386
0.5150936961156013,12553.977605721511,6466.4747258835805,31.509598673871384,0.019263337500008013,0.12649659882876632,387
0.4838156000456982,12709.39988147841,6149.005929878203,26.973983408525825,0.05601619517042814,0.12929569038154418,388
0.5498413072461859,12377.076005974104,6805.427651010202,38.187149315600045,0.07551442807076865,0.14716233395480635,389
0.4822638033922473,12717.00328227273,6132.950370660539,24.397382237252575,0.026620835741301085,0.12200122314635792,390
0.4514269660199488,12865.730318977992,5807.937603527103,40.73906615424419,0.05976392464570641,0.1537860429345901,391
0.5578649205835878,12335.689217871412,6881.648285871656,24.082214324863973,0.07054657725877168,0.1718400685985672,392
0.5191458298372769,12533.560977255462,6506.745914353397,35.7384456661786,0.023649667831185286,0.152852517208948,393
0.49661493281915386,12646.285204347683,6280.334077168985,36.37297046507774,0.05419159641893963,0.13975045505695677,394
0.479929153957787,12728.422026880087,6108.740814578221,27.848622540710757,0.03009213473758414,0.1319232161690694,395
0.4989718769513661,12634.587249255446,6304.303714266787,35.696247569503825,0.07761756860767666,0.15518755016803928,396
0.45374207243349796,12854.729064938016,5832.7314064960965,32.822821062830535,0.05981015668610442,0.12597861675704516,397
0.5721360490270542,12261.643685929055,7015.328373044975,28.475511958428648,0.020347500966231943,0.13088482405535484,398
0.5074153161415452,12592.496298039305,6389.625490080852,48.37179963160201,0.029869392430085958,0.16436724176488265,399
0.5275731742065412,12490.911016466793,6589.869573688839,24.811960285352367,0.02964304450321059,0.1364913128460906,400
0.5307678644182833,12474.678530366373,6621.1584828671685,25.961666145701194,0.0668769201047628,0.169993359131955,401
0.439956300216557,12919.81619201165,5684.154531315412,23.359061187242013,0.015667839689955918,0.10246637917570961,402
0.6244739786623945,11986.231152947837,7485.089457248476,36.37567253217003,0.09517323819919402,0.1501428738588464,403
0.6683680897859464,11752.066434427406,7854.706193815784,34.16299914939771,0.07155676095555534,0.137580791435228,404
0.5337078767495698,12459.709753916215,6649.845237678528,26.889089925817274,0.0186574326914158,0.1463844779899026,405
0.6238288533163869,11989.65562495799,7479.493120175912,27.90731305930155,0.07434571248242093,0.13474504117262376,406
0.5615915884197326,12316.405339007672,6916.789637954593,27.428562880651853,0.04016979233169027,0.11362281067392324,407
0.4444295604560556,12898.808891205521,5732.611965925132,24.790751333028147,0.045263966235025856,0.14480899306253306,408
0.5451401104053772,12401.238133003386,6760.41232498884,35.89604499018895,0.029553881600269834,0.12159801698555647,409
0.5133095601735217,12562.94768407497,6448.681150195486,21.619520662378797,0.05594318804833481,0.10975756332009184,410
0.5508581989164963,12371.84099542827,6815.130048022891,25.32404354493302,0.007457529660608087,0.10938926266162008,411
0.5182911253547736,12537.872400937573,6498.267996236492,36.44253055623764,0.043769859730226575,0.14698523306556066,412
0.5113662347216319,12572.704495248025,6429.2565580027185,27.520988703375323,0.1071089099368714,0.18746590439883135,413
0.5505466161805285,12373.44536104473,6812.158474017834,26.22487680377832,0.0492057436396832,0.13019890589448563,414
0.5068433311578874,12595.356602878379,6383.87249772437,22.843104458395295,0.0884662896185947,0.11716852335282502,415
0.3919707132872696,13137.707685591928,5149.596652481112,46.724291653295474,0.02290689660297456,0.16442495528547402,416
0.5076052290874158,12591.546325000065,6391.534756866466,27.31587448394674,0.06736478771164622,0.141146990681413,417
0.5340705676404268,12457.861164584468,6653.376983755255,35.01455662757739,0.04630107276489172,0.14441247068461904,418
0.4988075824554072,12635.403414990029,6302.635030779972,29.117238947227435,0.07332822955259051,0.15791339687076325,419
0.5428107233569408,12413.185407360255,6738.010150133043,25.789799815775705,0.023786054059380616,0.1105779228488466,420
0.5227054866004912,12515.576521852161,6541.960515940417,30.21066174206175,0.04130204716379016,0.10896062358513667,421
0.5066618286201126,12596.263968926309,6382.046136277841,37.75993815385824,0.08278669106259941,0.18141189603554608,422
0.7134301556617548,11510.282125825628,8211.782368738492,34.12487745805485,0.04076492851526505,0.10309555635943357,423
0.5620725089335827,12313.914042214015,6921.312560499707,33.05511546277829,0.06386671465996578,0.1704792034310392,424
0.5375302910831643,12440.205810429003,6686.987450414374,28.53572882911474,0.07314281442215392,0.13358752781356564,425
0.5658730339132264,12294.20470823056,6956.9589177967,40.02926864762565,0.04058418282007772,0.1695695699899602,426
0.4614997393616503,12817.663574526603,5915.348398869346,44.821514379499554,0.008817094356118015,0.127761814396797,427
0.5462338717023434,12395.622590068355,6770.9089195340675,25.861742224633634,0.06268081996172474,0.1558345938409376,428
0.5270055877834862,12493.791325508422,6584.297841143787,30.955276299349563,0.13618042587383627,0.1514102555139455,429
0.5195800565828447,12531.369572622818,6511.049711603902,24.515048360988846,0.04190597022139558,0.1319213603043855,430
0.4556339232585183,12845.718378809184,5852.945062010882,33.42853796008163,0.025671078185801218,0.11073679905824824,431
0.49364606753875173,12660.987374416663,6250.046628538571,33.87017849144976,0.05267045219547582,0.1225855812122003,432
0.49307835821104606,12663.79451769623,6244.2430095077025,27.619979914278336,0.0290175860572759,0.11607493845445499,433
0.5141748429005756,12558.598799307912,6457.315564685503,32.4175737069272,0.004136879783101514,0.13410878361969303,434
0.596093821564151,12136.239003450595,7234.3370869827695,34.417813754315205,0.055122853797195,0.12009062991469276,435
0.5335519634279103,12460.504291117511,6648.32652982765,19.55827843979475,0.10323577905782799,0.1309090226369476,436
0.5224258376257686,12516.991031207539,6539.1995240328315,33.83163475091047,0.01757464757833514,0.15123864207598448,437
0.5544391442620042,12353.382234751749,6849.198674977205,23.61017705884782,0.02514961712939642,0.1214686748091679,438
0.46520537772452236,12799.851245696047,5954.559633571727,26.685147714106474,0.03363903163968809,0.11983984980374285,439
0.5237298645793155,12510.392690574196,6552.066269668481,20.34928228855836,0.050296564664892816,0.11448066216194719,440
0.57023779841909,12271.523028153,6997.6862748231315,32.48845281979258,0.04427203457963817,0.10145694986283266,441
0.4894454430313056,12681.725623312248,6207.012816103524,32.4630430497675,0.053183079425933845,0.13574835131108862,442
0.5103361319271009,12577.87049312695,6418.941775342425,24.292183337937214,0.07575935107346368,0.14487250563918574,443
0.5058589746951782,12600.276041045372,6373.96271899943,24.630377571670667,0.0323945932497506,0.1386642786974534,444
0.5297286788117631,12479.962518864766,6610.994056738556,25.95545284547117,0.08285783338998153,0.14331070653859312,445
0.5301775549816572,12477.680547250895,6615.386164383665,22.806909729763085,0.010975396838165867,0.11322942960738275,446
0.6407655949960313,11899.564863290889,7624.831759820454,27.597394668241677,0.08161498708855855,0.15294772314230579,447
0.5856191585581895,12191.223927226292,7139.414298056728,25.417390950930898,0.10338077147391697,0.14432126692448824,448
0.4938785478054804,12659.83743990168,6252.4221302720925,25.73463296658212,0.09061328757395137,0.1500364870203577,449
0.7308527125887258,11416.720646887854,8343.9412536457,22.38197578387955,0.09267364355620258,0.13941793273057734,450
0.49744896790150395,12642.148352908343,6288.8236502119535,29.398046819358047,0.0485900988362256,0.10317012458208824,451
0.5631321762333906,12308.422499689434,6931.268748250141,23.299961747660596,0.04978881136769105,0.1139698241352955,452
0.5661862918093374,12292.578478543644,6959.889425541893,34.57430752132334,0.10071813525458703,0.19505842363458398,453
0.5763309064081342,12239.780445156108,7054.163758193376,43.44847255795077,0.005087112613236943,0.15435876217276212,454
0.5340522111106417,12457.954735879604,6653.198272612793,30.209239876049637,0.09856600771160968,0.15522264531539728,455
0.579408221976699,12223.715007908968,7082.520978682425,24.026627403502573,0.0788664841671787,0.1220510679079659,456
0.5205122706452675,12526.662683756193,6520.281637129276,35.670698299178376,0.06714859823752502,0.13168332230001173,457
0.5651368522837174,12298.025476006387,6950.067406815214,33.051944753508906,0.11678548555041969,0.1812739241040443,458
0.5046342054243127,12606.391646586055,6361.616431842647,52.46891417799175,0.05578997547162032,0.16980213718187764,459
0.44516148304368275,12895.361220681754,5740.518125382685,29.126727381748267,0.0627686013170217,0.16629862425934996,460
0.5338721293530097,12458.87263293216,6651.4448618814295,36.163678327379,0.028488631045426448,0.1718399168310043,461
0.6286334284976954,11964.137597931012,7521.056837205554,36.577740521883,0.030999454386713584,0.1553057618052659,462
0.516866587696011,12545.052334928294,6484.118392822263,23.624448437412106,0.1007948198961561,0.13334191309010468,463
0.5602281951633848,12323.464692731153,6903.95238296847,37.93313161504128,0.06073825135023754,0.13051485977278987,464
0.561830201147587,12315.169338874035,6919.034066826194,23.619661059553255,0.031545432558287484,0.13833871319922775,465
0.5335450678406044,12460.53942930818,6648.259355140759,25.96290952873213,0.08175166793372758,0.13063283584433166,466
0.48925491013064026,12682.6644783383,6205.055869566469,42.807335100449315,0.06841096649542598,0.14658623170266347,467
0.5425871825204516,12414.331055423987,6735.856910238645,37.37202497754604,0.06123713585541651,0.14418081521776188,468
0.49597390619094905,12649.462762896816,6273.803457730888,41.24051223070611,0.092667641629982,0.18463648822307377,469
0.5859711675215841,12189.37989542215,7142.625168684642,31.724648922813852,0.09471048357783772,0.14747954045274858,470
0.538763272946808,12433.904431723211,6698.931047143019,52.131358127700466,0.044255714340534436,0.16466076301556676,471
0.4760681479726416,12747.251546225896,6068.560435353154,69.68793735811306,0.06458032467247353,0.19930979713575858,472
0.5105783077698788,12576.65633804444,6421.36791048205,25.65900301341925,0.04278686825144173,0.1187562582737513,473
0.5441623395356345,12406.255082435804,6751.016790534124,36.67978389988121,0.0651319142427122,0.13954884917099677,474
0.5157975352462781,12550.435659165369,6473.483779264496,25.745397030892722,0.11049051969667462,0.19568549839410823,475
0.593140660249511,12151.764134702538,7207.705402053791,23.564101427878462,0.1431113621023165,0.16333997890608798,476
0.622916967104865,11994.495087232495,7471.57450169307,28.924168746312574,0.10986213146825029,0.1424740165523837,477
0.5280990859646577,12488.241204933156,6595.028765631375,25.587699783699343,0.07372467193277826,0.12622050026248466,478
0.5200351150809994,12529.072305250045,6515.5575581188705,25.488495195117128,0.10152376715860147,0.16423851344719692,479
0.5743866948080137,12249.91881274384,7036.190378518442,28.920318420953585,0.040097196670624564,0.13171145854453253,480
0.5741766459308506,12251.013597371037,7034.245896591747,28.321652167450083,0.024544229248980202,0.13664259651751187,481
0.46968605763135207,12778.223384632773,6001.753365060919,21.54794351647655,0.03739513857402368,0.14644905471474795,482
0.5502154996449496,12375.149996609613,6808.999338565754,37.707250851564204,0.07125488345813179,0.16536041812422775,483
0.5082516907585962,12588.311575348065,6398.030641966662,31.355901519939913,0.054112560145269065,0.13160399231844078,484
0.4730875377348389,12761.740191585071,6037.420244448713,22.728508890389428,0.07654084261440773,0.17203583234003506,485
0.49234678632221773,12667.409895523793,6236.758553087399,25.542095941140268,0.04596844647809478,0.11399908754294158,486
0.5395465967062596,12429.89859662097,6706.509485210757,31.642071692508313,0.012993801834936067,0.10718685914901194,487
0.5419916912385803,12417.3821953811,6730.117976830437,30.291723457676582,0.16575529052953586,0.18827707912716662,488
0.5007787732169634,12625.603859507753,6322.634411887651,35.36651970138349,0.0683558366704715,0.11969901050267862,489
0.43863684111453266,12925.991513322824,5669.816085677181,38.41160822216037,0.01927429339697673,0.1760370651786196,490
0.47119593250175523,12770.91350405835,6017.602497444032,29.436539397889863,0.029602206102459717,0.14778433020163528,491
0.5183588865459122,12537.530687153116,6498.940447027895,31.153224042035404,0.07809712397313871,0.17755156686797197,492
0.5133027265765967,12562.982018341809,6448.612923947606,34.64506117179496,0.0911238809833605,0.18383199971045472,493
0.5002319568596914,12628.323882413319,6317.091167557589,29.169984406807504,0.04344633470530147,0.16047188156980252,494
0.5031740469737758,12613.674843403674,6346.873818166734,20.363679694078005,0.0366534909527286,0.07595044928448091,495
0.5235873564521406,12511.114070069321,6550.661142218778,24.7641173883538,0.034905667165766374,0.12679092698917083,496
0.5090369153312807,12584.38030815891,6405.9141334209235,34.542329565694345,0.02809363619650797,0.16267931917935063,497
0.4753157979408286,12750.912616149551,6060.710204618903,30.064094182642798,0.016614113061259084,0.13396774881201345,498
0.5494285165511767,12379.200207411106,6801.485606047903,32.01017802202126,0.03828648479390672,0.13257759532823726,499
0.5965848771858424,12133.655771752792,7238.755538406428,25.214957664632845,0.12724373245256318,0.14214313980384147,500
0.5321846764022882,12467.46856675981,6634.995724756769,47.918548651974845,0.15963977446380273,0.19207548063384208,501
0.5011707247386885,12623.65343320108,6326.605539967419,53.91988009024303,0.019460841630565016,0.17090477065671225,502
0.5337302271924829,12459.595849074576,6650.06292325309,23.437479883570035,0.027793812268519364,0.12271456465737812,503
0.5056191501222765,12601.474016206024,6371.546582362041,29.20265977444476,0.03003517380667055,0.12924210416483817,504
0.48528756073666157,12702.177730276311,6164.208846769336,22.94702957659389,0.10226849715580914,0.13259878762051946,505
0.4615883474474055,12817.23844915304,5916.287914583898,29.22151892201656,0.006215287786096151,0.11009311796993418,506
0.4508944850114972,12868.256661126576,5802.225960214436,27.704208022775525,0.04697890094850707,0.1075091511996964,507
0.4742125782059362,12756.276301198011,6049.186673098393,30.65051117396802,0.019003742036962798,0.09815150701100471,508
0.4123214051592627,13047.043973429396,5379.575504299099,21.992907446691373,0.01771051987622918,0.1252342869282051,509
0.6074201951488928,12076.53875449277,7335.533526977166,23.316016290894094,0.01677240932306443,0.12428750659246723,510
0.5582534506672591,12333.680520064117,6885.319709753348,29.066312934341823,0.05262502939627852,0.1318956847078583,511
0.5393325244217725,12430.99353303369,6704.439123241788,31.837668061722525,0.016855250875033208,0.12687102309234416,512
0.5270617177715786,12493.506534210484,6584.8490149114195,33.56458749258003,0.08326471837008848,0.12894464834078745,513
0.5020007426272024,12619.521055124644,6335.008941272187,30.847421222531295,0.025066138784593964,0.11988050119514826,514
0.5119846005027756,12569.601430454532,6435.44236685038,26.29829902399989,0.05929306591048139,0.15313326563597413,515
0.5514725482304391,12368.676829999562,6820.985729678648,20.985169800649395,0.019979879805517263,0.10479928581735277,516
0.6174535209362295,12023.463897978152,7423.930117656253,34.35301509597999,0.09027199374840243,0.12209669350780808,517
0.6014764855615935,12107.89750515976,7282.615638943478,23.923396562872565,0.040506076518057044,0.12628867238718955,518
0.521067115103762,12523.859706852592,6525.7714474139275,33.2419393126085,0.035435262607089534,0.13492169461674086,519
0.5497793695597285,12377.394766368205,6804.836291445795,26.537860911188883,0.06201952772980927,0.14731393305256535,520
0.43180423436023074,12957.81255127736,5595.238327687709,25.4645192217684,0.0364402363258972,0.10910803118842516,521
0.5422963628608695,12415.821276060708,6733.054719938321,28.51622247876366,0.12122660043817654,0.13591780178406715,522
0.5916011593893105,12159.850446916973,7193.781622396707,31.50673152724966,0.014974406314866998,0.13385008734098303,523
0.5034849757318337,12612.124658016553,6350.015277368326,43.74201547142471,0.10014552233716734,0.15128147910022235,524
0.5471119888580576,12391.111583427355,6779.325702571055,46.25746212327948,0.028149006104144114,0.1722815783822612,525
0.5201849811571341,12528.315574288532,6517.041600941909,27.58165338400955,0.04605814692107647,0.14627213594320554,526
0.5791411015694117,12225.110415664552,7080.063912935657,28.02804155121949,0.07343769054970299,0.16331996234326807,527
0.42136970978552074,13005.886802358395,5480.286747413091,23.347057469278656,0.014123576267402554,0.12660973828873046,528
0.5290454663554665,12483.434486577442,6604.304419669275,28.86148338373589,0.06749308839193013,0.14859752152424316,529
0.5942504252098094,12145.93202648599,7217.725271308743,26.72604564650939,0.04132193289335979,0.11815759960478994,530
0.5203326603057862,12527.569806830403,6518.503724754508,30.369893472222248,0.067199786439784,0.11408038917170629,531
0.5186255309439699,12536.185860312353,6501.586047816782,29.251866543180146,0.04032607797829956,0.09844402892809273,532
0.5970894337508352,12131.001021335393,7243.292530659954,19.362095448769008,0.09779689171852622,0.13105767796959902,533
0.5175060607756082,12541.830191196883,6490.473137162892,35.43855410494894,0.04258891238858326,0.17360442547040908,534
0.5573883506268827,12338.152510584894,6877.142477657847,23.69357090853534,0.08120513292110915,0.13214972649827275,535
0.47328549055037505,12760.779242878561,6039.491663770824,47.7058637574028,0.08964823605792442,0.1629985203934021,536
0.6293727028427641,11960.208307514209,7527.428629062699,38.079106541631035,0.02497299458242405,0.1356197776403545,537
0.4231837311217641,12997.57551093617,5500.362500254838,26.584652523791988,0.0441146764893227,0.10679509573674664,538
0.5814354457603588,12213.119649361719,7101.140667451228,25.040411450116416,0.07790318384060511,0.11487990386794344,539
0.504734484109555,12605.891150702553,6362.627966691058,31.54835998946112,0.05859100932732255,0.11333281311693476,540
0.5740148736555262,12251.856689143688,7032.747969464427,27.765408170693156,0.013194704149653359,0.13104891669681792,541
0.4838379185772128,12709.29044791338,6149.236636911663,31.885336175692707,0.04155070107689635,0.138858947613929,542
0.55534305168101,12348.71705048121,6857.774211159554,24.82150380620715,0.0774663835738816,0.15718411759080256,543
0.4862381407806739,12697.508626145072,6174.012986923349,25.956107765047356,0.0991330910684519,0.15577614825995695,544
0.46965674487047826,12778.365190768429,6001.445400262528,27.72192517720418,0.08609741854241107,0.16060883262368175,545
0.4920838861480238,12668.708574447166,6234.067347790752,44.48196935720823,0.13053706789244704,0.17790550458075685,546
0.5393667761697842,12430.818352031652,6704.770419687502,39.81120025735919,0.03057045011614052,0.13959567326711086,547
0.5063686867945933,12597.729168803826,6379.095575801138,28.326049237708936,0.06889285872434693,0.13574438098800423,548
0.50603635250057,12599.389855308653,6375.749286113075,41.22487275158518,0.08286838340616211,0.17211754874043622,549
0.48985171312608766,12679.72319460282,6211.18412884078,35.34794469058262,0.03143661273762899,0.13877481228076716,550
0.5109359724403568,12574.862766586863,6424.949735950094,50.83904076258731,0.08954113066921068,0.17076542542193274,551
0.5230661273122638,12513.751934208793,6545.519762372944,34.38212804660715,0.07470765255646233,0.13198938242774738,552
0.47855412817115833,12735.135667829561,6094.451746659598,22.536491613886557,0.0847385390181435,0.16457412405503205,553
0.4918119395471732,12670.051631233733,6231.2826669198885,26.63224429020203,0.07027922216085565,0.15063339253202612,554
0.4909730077446834,12674.192855209993,6222.6865868586265,28.35602299121207,0.06796484311689839,0.13512293299560335,555
0.5671716045456806,12287.461725682515,6969.09938274899,29.611237248865486,0.08504318762396963,0.14291565891504338,556
0.528714759432911,12485.114512449094,6601.064315941869,32.26320161317602,0.07811853382216823,0.14409154315158845,557
0.519716127728504,12530.682724351049,6512.397903294187,34.90824560833398,0.02884232519391665,0.13030675203633724,558
0.47777374523719807,12738.942077327089,6086.332066644295,29.959601254598052,0.10933365442998624,0.15712250125893357,559
0.5466808124940424,12393.326884671995,6775.194010816746,39.43805645043043,0.0225583900766703,0.170584239388341,560
0.5502274987999151,12375.088228842109,6809.113843584065,28.019247814896755,0.06668910369885066,0.1549442166579854,561
0.5967520734415032,12132.776115602588,7240.2593035873915,38.330799895411296,0.03448435853336495,0.17060545660295945,562
0.6079600626912484,12073.687286350028,7340.319679523891,31.10990749815869,0.13153357437181953,0.1494608749420487,563
0.48865876016730325,12685.601004604185,6198.930058886977,27.17726883048864,0.080236286351541,0.18568977109091495,564
0.563462307049715,12306.711043401909,6934.367796709445,34.53996378946224,0.04176310389459891,0.1236292307328714,565
0.5518933117245188,12366.509082641433,6824.993652090322,56.42717647373583,0.10098702066415725,0.17716855056350317,566
0.5909064640302113,12163.497767517645,7187.48945604322,28.105914677268288,0.09658976654926259,0.15136789009280616,567
0.5385601593064429,12434.942815034006,6696.964783431222,47.635537117549866,0.06864505656335364,0.16364622274563434,568
0.5289375765355713,12483.982619092729,6603.247512055102,27.734203760723975,0.023865451533000553,0.12079955698448563,569
0.5103435046783287,12577.83353295356,6419.015646468125,22.98953962263475,0.03570794251460958,0.0961386111684126,570
0.45385387750985495,12854.197065196562,5833.927180315258,30.92414609884919,0.0392438831983072,0.12601111925555597,571
0.4752645922977825,12751.161696080495,6060.175664810798,22.45605507992823,0.05550651984282674,0.14509488531746279,572
0.509523804585617,12581.94147617401,6410.798690013755,28.982435527467555,0.043269374419241,0.09948426037985114,573
0.5250192968684421,12503.862311860192,6564.768999112651,23.525983747366567,0.048638803043434896,0.10368923043568662,574
0.5140473584886683,12559.23970834215,6456.043996699275,23.2128446559788,0.052174954819753955,0.10622058170330206,575
0.47034261568015345,12775.046077615976,6008.648587580383,19.81258474437478,0.03588512337308471,0.11472846283230993,576
0.5440992800445497,12406.578540814502,6750.41045187333,31.93631691705452,0.04771799640277528,0.14193645970681593,577
0.5504488430387573,12373.948744644958,6811.225770310701,36.024446246581554,0.049999050948584756,0.13010274949522427,578
0.481268473428644,12721.874445675505,6122.637093621127,31.533874964681292,0.03908267921454306,0.1421536259027779,579
0.5693947057321612,12275.907969679125,6989.837005990538,36.55740980643434,0.08457583558855346,0.14551563765774891,580
0.6259325163941682,11978.486690120286,7497.724316541042,26.44436314743499,0.1167405877601694,0.13562926591111857,581
0.5863056458874342,12187.62744835689,7145.674782944308,22.879499072507485,0.07364700439150768,0.13091454008128667,582
0.5617065625725908,12315.80979863335,6917.871187288171,22.221597443825665,0.06357811565663307,0.12975850042150738,583
0.5248925383960832,12504.504543004783,6563.521130963134,23.30517257574413,0.038110297668656035,0.12408195690278168,584
0.3899707810895824,13146.469178604917,5126.73885415068,29.542968050349174,0.03472772816779741,0.11836970491057255,585
0.5678197234629854,12284.094666394014,6975.1512364649825,25.91732193464786,0.1151078876293078,0.16198417842848406,586
0.579320795955957,12224.171730096105,7081.716896581583,28.49742614108422,0.026248564900308288,0.14323858935660883,587
0.5356101799190838,12450.009155606984,6668.351643828896,22.013225176154812,0.012548359716455718,0.09787698937245493,588
0.49776206218489366,12640.594648397986,6292.008459429912,40.57264105197724,0.06360140877456046,0.13821306678260625,589
0.5287909434678324,12484.727522564166,6601.81084559552,27.514588745575697,0.07171380835166041,0.13477431449402252,590
0.46090362570637394,12820.522595684533,5909.025347801494,37.854935666380385,0.043517185464866354,0.13482206966466,591
0.6169213709225398,12026.283048202158,7419.271025199377,35.018857531014504,0.11763166736627395,0.16341046439980011,592
0.4939713109947749,12659.378534769989,6253.3698111994445,29.420423234638154,0.04178204184006838,0.13583651906094207,593
0.5214145491587994,12522.103969349822,6529.20719569815,30.57784618566081,0.05324262566043227,0.165804054288907,594
0.6222615939478536,11997.972454439247,7465.8774636418075,27.08894761896154,0.06267644557315648,0.15719673366785297,595
0.5641979298251938,12302.89640819843,6941.2686843593665,40.26681916369756,0.04406371859732468,0.14406975198270344,596
0.5271976218060228,12492.816941883144,6586.183381418784,36.98236299443477,0.026669449013439796,0.14614230195242497,597
0.5340297283366822,12458.069338944326,6652.9793846759885,29.794898091528918,0.04046646097257327,0.13625551047738826,598
0.5286074830578886,12485.659407679485,6600.012993811501,22.972678780254398,0.015800415256804378,0.11232840704659436,599
0.4744139467284695,12755.2977035895,6051.291125256478,21.68673330100821,0.028417917142625284,0.12432940183756075,600
0.547712482980764,12388.025431401564,6785.0761682618,34.820230476519626,0.13087640313670162,0.19541933287450314,601
0.49285840214267645,12664.881764218115,6241.993389638461,36.03248140789615,0.06849511160999658,0.14133390491671813,602
0.4713683440905653,12770.07810066978,6019.410568219906,35.23121924894636,0.026446812285698118,0.13071644158246515,603
0.5852644469682674,12193.081842163463,7136.1773011926225,27.793693761510717,0.014970879278046275,0.11121621896022499,604
0.47019391769412155,12775.765858671888,6007.087400631738,55.637694066811534,0.025869241932824628,0.15454915018558762,605
0.4806386946000702,12724.95428277407,6116.105415318101,31.271587733426067,0.054241323925048136,0.12051441851498362,606
0.48910894904669966,12683.383598483286,6203.556422210308,40.41211414220397,0.07680564113023183,0.14581526744248186,607
0.4990286862358613,12634.305012053816,6304.880631668373,26.686756124208557,0.005382248991516643,0.1406257061551662,608
0.4823035301833063,12716.808765995387,6133.361760505591,34.011908440801356,0.048646162896365704,0.14468124647655228,609
0.5205961077632337,12526.239224201836,6521.111385030625,39.21251492419089,0.057790583516605536,0.15125988654948463,610
0.48322300337616353,12712.304723716037,6142.878068427054,30.663076963007413,0.07627167481419078,0.2126099059195989,611
0.46643897796969114,12793.90651393269,5967.576678598538,23.002360199469837,0.06886854021223252,0.1433678362612223,612
0.4688600546526179,12782.217749952622,5993.071312824449,36.967483147555676,0.08885959638247597,0.16203525575095468,613
0.5161623170355539,12548.59923688146,6477.114057659319,46.24489511995093,0.025540217134417283,0.17909966128650096,614
0.3937616041081691,13129.838899801554,5170.026426867698,25.35766148461482,0.06747082297346235,0.1400854095035038,615
0.5508757329406293,12371.75070284306,6815.297236187416,31.76215996176052,0.042804065046365185,0.13539347876461988,616
0.5422281041380471,12416.171009973414,6732.396867391666,30.42905750841136,0.1135780456278367,0.17593555604869004,617
0.5855367486430791,12191.65560004091,7138.662380624142,45.238501604682945,0.06860664648464918,0.16198244417188723,618
0.5251060434742894,12503.422771454012,6565.622861404549,35.49366931452581,0.01844775333571133,0.15089998580492164,619
0.4336956313216115,12949.030446543044,5615.937934516254,40.593955730841934,0.04020714356307155,0.139133719857462,620
0.5895363077250484,12170.688464665018,7175.062739930452,23.729540616873376,0.06246385976928659,0.16902165047341977,621
0.5362471675920537,12446.75826444487,6674.538865011547,26.849285312566955,0.03727176836535094,0.1176305818570455,622
0.49741620992193636,12642.31088827964,6288.4903667028875,30.450700973332207,0.04917962829825676,0.12183364944285013,623
0.38410602643410485,13172.00328503848,5059.445841993106,23.21612926307708,0.052238656834122155,0.1404726883632651,624
0.5036833658989572,12611.135350294728,6352.019101043773,27.44849514655864,0.02842518570090303,0.15761699342825186,625
0.5882003211756951,12177.696014412873,7162.924706857634,45.796166292239064,0.10049450926122039,0.17601649405932102,626
0.46749071180141105,12788.832324870878,5978.660326662782,22.702222908860595,0.03497319592665562,0.12917634993972404,627
0.45395609304043183,12853.710638309904,5835.020262439399,29.72582219589688,0.0008760229771886072,0.14135111257679045,628
0.5945634909058812,12144.286332218093,7220.54927624417,20.953578434656517,0.05942786089393666,0.12050658320827637,629
0.5763641653474486,12239.60693296005,7054.470834096364,26.92998853241346,0.09306316025202489,0.16137829034700932,630
0.47252439904158805,12764.472898251643,6031.524885328995,34.95336231102321,0.05211248803112067,0.13538645592905552,631
0.5025033988477415,12617.017151161404,6340.094001778855,31.87529998806865,0.08366993163891998,0.1669370142460147,632
0.5217309761664104,12520.504548791645,6532.335060337047,28.668528727706665,0.10152598723404535,0.16042152700211654,633
0.567056015797562,12288.06211045725,6968.019542228869,26.955623643916116,0.13169780366804013,0.14453164886752534,634
0.5696790811919688,12274.429127289952,6992.485507390479,32.6377497688216,0.0802061399620539,0.15314703684557862,635
0.507389608916985,12592.624878634717,6389.367012408766,25.156891315132167,0.022360483831742998,0.12103660274458922,636
0.48231744040635843,12716.740654995952,6133.505803029126,35.02247711671429,0.060814710896431645,0.1490031082971524,637
0.4757314052040653,12748.890522712678,6065.047603162893,31.923948194925597,0.08771184845291549,0.15890054987801178,638
0.48826877704006355,12687.521155838756,6194.920438431323,28.81962158855601,0.09674677898436153,0.13369038163454977,639
0.5391758706782349,12431.794693184685,6702.923727790912,44.96184722899596,0.05179820817164879,0.14361924177465363,640
0.472866668536682,12762.812167947948,6035.108471016974,56.91962479253383,0.026056329408282456,0.1581100688681495,641
0.4301568528298677,12965.444861865577,5577.174957319276,31.011657231724087,0.013121187312035699,0.11721598635768363,642
0.6107206258512761,12059.098632446578,7364.740264010042,32.207226531517996,0.03672819224643026,0.14346530717003436,643
0.46500936326807163,12800.795153665284,5952.489603730911,31.740294922963994,0.015811613219887753,0.1298710683355169,644
0.531338913781486,12471.773345886992,6626.738502532484,37.15171714155087,0.017286423907728492,0.19026530047189494,645
0.41924288887203887,13015.605965168983,5456.700245257586,43.39561659499198,0.04605948283365484,0.1566265328708547,646
0.49104046378870186,12673.859982903292,6223.378083997902,31.68756485210192,0.08075515892337151,0.13848034308789411,647
0.5430086952944088,12412.170670967946,6739.91660181383,26.115748194845345,0.06131432374725041,0.14367924245870428,648
0.5167890725155977,12545.442812312733,6483.347755272568,36.39968123048875,0.07014590187644971,0.12529359719068678,649
0.4939755367837765,12659.357628671185,6253.412979960644,28.153327937143228,0.08342492674469536,0.13253896284709143,650
0.49966784108235046,12631.128683449395,6311.368799692511,25.78972628302318,0.06276874293911469,0.14205621143207772,651
0.4811690308149803,12722.360873959218,6121.6060514013825,30.285920406553497,0.03908453580285388,0.11222731431286537,652
0.45538520789555714,12846.904040947034,5850.290067500939,31.405884717020484,0.11511792438602042,0.18136023399491108,653
0.5905691259063867,12165.268512310015,7184.431991731414,27.438361873313543,0.05699379916282541,0.12556562042063585,654
0.535289027478811,12451.647669361788,6665.230371441475,21.856718029612633,0.032010699817733496,0.12437197995401217,655
0.5909304168015951,12163.372026335057,7187.706501235038,27.650570675949265,0.05318666365800101,0.12302260360441092,656
0.4929508336575295,12664.424898680163,6242.93881159756,39.626841586744675,0.0753124384154412,0.16433170981880435,657
0.4908836512533696,12674.633768633073,6221.770502645859,37.91544402606669,0.04334358941193667,0.1685822153910895,658
0.6037771184244684,12095.767123643882,7303.147419047123,21.796136514765486,0.0581319244826281,0.15468359433179552,659
0.6410347882527954,11898.130051988546,7627.115278480699,22.489235836222765,0.07233943809534427,0.12344138118479242,660
0.5536479520081505,12357.463776886427,6841.684512088075,26.64733020282102,0.1143167146984051,0.18023772196312743,661
0.478834849122852,12733.765734521567,6097.370794255377,23.702342832882362,0.03527154267291824,0.17100180164001222,662
0.4863281398789341,12697.066357905465,6174.9406637595575,28.85006615245782,0.07867249545635269,0.13313222627198268,663
0.45667738088728516,12840.74059423182,5864.075783226829,23.618716228757876,0.0041945418994376584,0.10820723786585729,664
0.5399810815482186,12427.675848809276,6710.709845970709,26.028900647380645,0.09342010942241886,0.11572742729548594,665
0.5120678617691904,12569.183500397492,6436.274919233131,33.951887961041265,0.06603216122755867,0.16916154709097292,666
0.5299868127055326,12478.65031538112,6613.52010751573,25.12662516000325,0.040530799193807455,0.1324869797843144,667
0.5194937987852197,12531.804942680632,6510.194955308554,21.64577816083648,0.16774383071028776,0.18029137423487426,668
0.5615391064989119,12316.677171798216,6916.295894087115,43.775060505065206,0.06966200380744257,0.1956009021307481,669
0.5962627970924927,12135.35015001416,7235.857824144245,33.582088745967205,0.06503968585865742,0.15823304341993755,670
0.5770206308051022,12236.18160860706,7060.5292304442355,22.02380786245475,0.038088611427609234,0.14892227342074754,671
0.5488268848437781,12382.295275468505,6795.73654325121,33.07437276319189,0.03915325612664759,0.13937411749757636,672
0.61549286266368,12033.848570439653,7406.747905481136,38.588325981560494,0.051209885545543364,0.13847270614023274,673
0.49398445758680537,12659.31349484578,6253.504110172717,24.38063323257111,0.0359986863257107,0.10876229861195505,674
0.5173134159736833,12542.801037745408,6488.559250714337,25.13982975875193,0.03844816910934232,0.1167615129585633,675
0.4155912371709893,13032.228973453828,5416.080162173288,36.16113181174962,0.042466868489338665,0.1223216460381703,676
0.5832211849133122,12203.778661207514,7117.502251209242,24.03048094802228,0.02652769485537795,0.12316412574923097,677
0.5422631890835108,12415.991248744624,6732.735010177221,26.324172136903897,0.07739615633269845,0.1477798177978551,678
0.544309198043869,12405.501736798933,6752.428701688852,37.793875783828284,0.08076589422169639,0.15896970090861468,679
0.45449897535233685,12851.126241284357,5840.8237087872685,28.203722278939008,0.10580942612300868,0.15718531802193314,680
0.48479353778391987,12704.602718346916,6159.109297966606,30.841469928418718,0.06921253949341755,0.14048005812871114,681
0.6065313322505655,12081.23242092841,7327.645995494434,21.736424327439813,0.08434637362930156,0.12213831366040814,682
0.5116583530843715,12571.23877653724,6432.179328633433,46.64324050042219,0.028431756642735232,0.14484772383825506,683
0.5605907211242547,12321.588102900758,6907.367960001173,22.18638544064542,0.06109163499929956,0.15457492900917974,684
0.5190124887523195,12534.23377031553,6505.423863734833,27.609965833447138,0.04193565879396429,0.10696545071432802,685
0.6013727331156985,12108.444320499324,7281.688254797936,28.76491480041275,0.06546001501617266,0.12340348845060156,686
0.47333771625448795,12760.52568586899,6040.038086355961,36.44276421822883,0.020549198881129997,0.12524192099704828,687
0.668694200760309,11750.319975094377,7857.370824423629,31.781576693749184,0.09258456488680347,0.1491526987336126,688
0.5759943617887784,12241.536053266671,7051.0557463156565,23.689295477043675,0.044895835574309206,0.13478753910088404,689
0.49026289602365813,12677.695826627203,6215.403870869297,27.271610388035484,0.02147867694223131,0.12180653096126848,690
0.5512191450139425,12369.982099600018,6818.570956779296,29.898231202648482,0.01108868241515768,0.13310686817341855,691
0.5473495421538795,12389.890841922901,6781.601079663045,27.002132547642645,0.047535254127962036,0.14253390707204597,692
0.48829112711940836,12687.411129116654,6195.150280463697,30.089306655971658,0.045424768650070994,0.1330040114979185,693
0.545548391035652,12399.142380090852,6764.33217568053,31.732017379495517,0.0800421652951925,0.17838307608206694,694
0.498176514982621,12638.5373388687,6296.222485955338,40.71962085961163,0.06212441715227989,0.15225327241307318,695
0.46920557766643683,12780.54727785738,5996.704068400279,34.706167702553756,0.08983349561361031,0.13961140351465562,696
0.6276325987237997,11969.455876234057,7512.420696910636,41.75826840381098,0.04288949546453472,0.1823735988287829,697
0.47785267478223603,12738.557216523217,6087.153638782174,22.940032237347058,0.04838139398292042,0.12738556838106957,698
0.4511646540691227,12866.975037794586,5805.124341842631,21.754574212517735,0.043448731028371795,0.15478059350763,699
0.4233335650335774,12996.88813539142,5502.018988697854,42.607074599810694,0.08352755339340912,0.14276857867885834,700
0.5349701160021,12453.274417035927,6662.129659487694,30.30625180671402,0.05068746830374803,0.14943548244649063,701
0.49355917820150974,12661.417103061674,6249.15862025366,31.645877637958733,0.04537519422864168,0.18040668351068578,702
0.5267808865483044,12494.931301717492,6582.090988478899,26.771840254688755,0.027544235663820967,0.1392276730539374,703
0.5109414801112188,12574.835143598853,6425.004880424968,23.2436376046932,0.06940763665572791,0.15105575545564648,704
0.46083984070809203,12820.82840933569,5908.34852190404,27.78015012526104,0.03971628288192364,0.15479754608573695,705
0.5715241800602098,12264.829102675394,7009.646396485153,35.113946126281235,0.0372007290638965,0.14667282370669316,706
0.48190279400299507,12718.770585137192,6129.211081260722,26.628466919383005,0.06957897439545524,0.1291609642625301,707
0.5067245117181786,12595.950618651104,6382.67692686227,24.75031666600252,0.04715838113272627,0.11018316033483391,708
0.5555067301455279,12347.872037572588,6859.326019847345,27.1022228390804,0.06351851508439785,0.13070057363793322,709
0.4911944094063419,12673.100241369162,6224.955988406695,34.07729820603279,0.05225768791964954,0.14243801639953485,710
0.5490763517677527,12381.012033610567,6798.120918607535,30.528049248131346,0.09428381425035465,0.15808885961297733,711
0.558500274088588,12332.40422827899,6887.651141665078,36.85489149302707,0.04079070021913193,0.16411403915527095,712
0.4911603656989817,12673.268260209796,6224.607073285941,27.509591512934268,0.06674481732620403,0.1263642444925932,713
0.5886315772082472,12175.434394959846,7166.845151100755,26.09184484998341,0.056232482725800184,0.13592413115532515,714
0.6268335268335653,11973.701040897391,7505.517252716444,28.80675406099821,0.026300108025837793,0.13272910140802247,715
0.5774003333578884,12234.199919697769,7064.0311120005435,35.31800585283359,0.054205440858029655,0.1771343376451233,716
0.5216893990577921,12520.714725967038,6531.924141163792,29.412380312430592,0.05492570607530252,0.13618729158967846,717
0.4922176421402079,12668.047881003236,6235.43665850667,30.865809033780398,0.06344585063845806,0.14314363628454654,718
0.45007456611953583,12872.143819055269,5793.424544389565,35.9870809607039,0.07467122410304526,0.15166101827293887,719
0.520253546327863,12527.969335623984,6517.7204751451,33.326865888341295,0.05219083448546441,0.1602193103845251,720
0.5356692403417738,12449.707793888289,6668.9255164292,25.615948468516244,0.0579592385913822,0.11373076190131111,721
0.5534550596825254,12358.458584241596,6839.851433325451,30.89518119692907,0.049428352183117044,0.1139127171117858,722
0.4802466962471664,12726.87038262329,6112.0374548207465,31.758057783302093,0.061350254131662,0.1296280086272046,723
0.4950312063557345,12654.132597932792,6264.190525340095,24.934485350421838,0.06989751143641423,0.1299890352872144,724
0.5354712185048034,12450.718175369439,6667.001232624975,21.20943865441538,0.02784358836910356,0.14753520727954555,725
0.5314284089603147,12471.317944654445,6627.612652965935,18.969271819669025,0.03133515561775807,0.10780310766057155,726
0.45470388498688047,12850.150369415956,5843.013295639033,23.908454004075214,0.036686778531043435,0.12877856975373103,727
0.6493063642521333,11854.003172456916,7696.879701741254,28.90285223562711,0.0254395854718149,0.09310510010944084,728
0.5270064571076082,12493.7869148305,6584.3063778422165,24.84658739878003,0.05489376822725712,0.12389932358596144,729
0.6061110409726783,12083.451291629848,7323.913240912421,19.192626253349122,0.05457830824585917,0.12739788675300745,730
0.4998517808933635,12630.214271474682,6313.235096661396,22.45332878371886,0.05396028615459537,0.11078937824795879,731
0.5261745700740769,12498.006455355324,6576.1331734296255,29.51830070650627,0.08102252916642493,0.15170420628978104,732
0.5412533941358935,12421.163502084173,6722.99690461994,37.98253992038046,0.07071435053288601,0.14614485400190708,733
0.5084767958238531,12587.184819228467,6400.2914053239365,20.18845766697146,0.05681343446438293,0.13484696100863847,734
0.47815099801284094,12737.102332142953,6090.258191905837,28.06790025330337,0.07075506135571454,0.1325091439527255,735
0.49176796202918577,12670.268792421173,6230.832262410953,33.20168768076297,0.0230100041396402,0.14313515922317022,736
0.6315973702654492,11948.379608458465,7546.565139635683,25.100938869135966,0.06572628923560012,0.1327868027856377,737
0.5234131606436215,12511.995756146129,6548.943244684025,28.59961151059432,0.054775971121534435,0.14634041299388964,738
0.5121885909638774,12568.577453365719,6437.481976259745,23.419817421876928,0.04460916187607498,0.09948625971615405,739
0.4752057641158255,12751.447839266712,6059.5615140418295,30.66693239985672,0.08043970937965712,0.13317261465988806,740
0.48753355806831317,12691.139335840646,6187.356316343119,31.189047401065164,0.060570215239870995,0.16878506243118363,741
0.5277718680273723,12489.902450976051,6591.819148031286,24.025066280072227,0.02202943073494134,0.14080989222385754,742
0.5600370018745289,12324.454247413907,6902.150406461488,50.19287740761692,0.0792237491128225,0.17956295297379254,743
0.45112580235162714,12867.159365586698,5804.707592786553,28.566235503687246,0.026211264766841217,0.10224824929270515,744
0.5500158810408823,12376.17750664238,6807.094175234258,29.831682055169537,0.08904562199108344,0.17150936602127342,745
0.523055794492755,12513.80421739186,6545.417807054688,21.93443377850014,0.07436786216966602,0.16151940947601465,746
0.6508430392438888,11845.79748822541,7709.754839504249,26.57324779467318,0.03600892965976888,0.09620893443603112,747
0.5892045027668311,12172.42921033298,7172.050100338695,34.05427954111114,0.05978214128279988,0.14417124908818674,748
0.5713139321970642,12265.923448183097,7007.692957209658,39.10350589980086,0.1280541437400916,0.18943460945679066,749
0.5398495257715605,12428.348927925017,6709.438274863804,31.760315124755916,0.04677973297733168,0.1199072306138226,750
0.5367598583867591,12444.140772425684,6679.515238752106,41.12211686744663,0.07496793644264328,0.11422810240957404,751
0.5411008526339025,12421.94455555872,6721.524790383887,22.68658499716967,0.06786013994360614,0.1288069950751073,752
0.5716762462031907,12264.037526173663,7011.058936258025,23.38557044926715,0.024445636740340723,0.09251569848737078,753
0.51630191465264,12547.896329984544,6478.5029000338545,23.64215692405152,0.07964310847456012,0.14098789968521064,754
0.5628526384623154,12309.871446448778,6928.643622765613,31.2357112698018,0.03650720462718401,0.13056078431214402,755
0.5828332605522304,12205.808458728268,7113.95114167659,29.16251934579996,0.012175330877125625,0.11286433587277583,756
0.5511412153420525,12370.383474595968,6817.828182436065,27.515682147930136,0.07109554159496421,0.1255636649704086,757
0.5355889864092029,12450.117294846488,6668.145702622518,29.180987077468426,0.1846715725745812,0.21611363496845104,758
0.5190022587613612,12534.285384652712,6505.3224265942745,30.12443812693103,0.10249534592123138,0.14687942841411805,759
0.5720454224756744,12262.11555013699,7014.487070323651,32.46353135729731,0.10653468627629852,0.15998826574955527,760
0.478464497746655,12735.572992994828,6093.519535609134,22.690744742750027,0.06168039592568908,0.10952896046667573,761
0.539543452892855,12429.9146776404,6706.4790843376795,27.93722077987718,0.1056711378242071,0.15512777522825216,762
0.48123988884957003,12722.014273086255,6122.340734722673,29.091590950423477,0.09642357599699782,0.16014172791742037,763
0.4495907042347958,12874.436093133725,5788.226789737864,37.385530369360666,0.07899305068502274,0.13951353845480546,764
0.4412764434385619,12913.627995439061,5698.479833715995,27.712896326976015,0.02694169869291802,0.1492510929531603,765
0.5286871620104243,12485.25469341539,6600.793870839113,19.85491476232339,0.04513473472793567,0.12252170202632384,766
0.4802352088106751,12726.926523032655,6111.918216306706,46.46473694369129,0.08705767745399322,0.19295484624093895,767
0.5492885303190852,12379.920455933237,6800.148312706747,33.274675523194226,0.04963028300726766,0.10805115686087863,768
0.4616926833222743,12816.73781433715,5917.39407293938,30.138614822671695,0.041562977127679285,0.1281447226769254,769
0.5615080724448018,12316.837910782155,6916.0039138983475,40.368738508303046,0.084436405959734,0.14839593551512012,770
0.495579067938151,12651.419117856361,6269.77849452216,28.8991527625166,0.09832053691609773,0.14699237621286576,771
0.5980456211763043,12125.96862137279,7251.882436533264,25.464444520966012,0.049960313130610924,0.11587482976552924,772
0.43006357907777354,12965.876528702353,5576.151265814232,32.93578661711006,0.04030874694423351,0.11471238304725007,773
0.5118103605816695,12570.475942957453,6433.699825048257,38.964812244976,0.025081652469251085,0.146230638531208,774
0.4829269806490544,12713.755205713418,6139.815414206379,23.00709926217175,0.0492862323862077,0.10570790667952135,775
0.409740536442336,13058.690154972748,5350.674709332786,39.12255250829017,0.08121738636612467,0.16111032902573552,776
0.5714167599365018,12265.388240878256,7008.648407965922,28.160507109945897,0.024700661746508167,0.12505975759208782,777
0.5220735647969296,12518.77248844136,6535.720179922309,21.524948469180167,0.06202998730899925,0.12063127995465392,778
0.47326286427692976,12760.889089969098,6039.254921438999,24.90262293387681,0.04011098496639932,0.13922122628684297,779
0.6378070405573933,11915.328486772785,7599.680399417754,32.695102790193516,0.024171952915385864,0.11737961635439634,780
0.5253088235254202,12502.395193393511,6567.618510291413,24.41632012683758,0.048536044396899104,0.17613491581154528,781
0.5286047559074795,12485.673259344327,6599.986265596251,27.865378964162495,0.019907534528160818,0.1351105844143488,782
0.3813477829574466,13183.929211055516,5027.662175303939,34.11738603874297,0.056511086765220646,0.12928981240067494,783
0.568141863890822,12282.42070634357,6978.157393193262,22.7138807897137,0.07727137659350636,0.15038963856976267,784
0.5083548224809722,12587.79537722208,6399.066484414533,32.01327646654292,0.08623520046180587,0.12827933298902125,785
0.6264425620451626,11975.777761793632,7502.136903581485,27.03024740281021,0.05834967368832286,0.1272003690847608,786
0.4350248460716127,12942.84642063012,5630.459771863141,46.12051966912619,0.06567382683779177,0.135495162646596,787
0.462410221075035,12813.2933791237,5924.997824139872,39.42774853998261,0.0774943597866691,0.1487063612557925,788
0.5275006207201323,12491.279262603206,6589.157564611707,25.91540948217652,0.05371499679122628,0.11816405914552175,789
0.49466020893782503,12655.969381186702,6260.40445840853,32.2653934376913,0.0781195090752667,0.16515632153703502,790
0.5176080284476696,12541.316263165452,6491.485985115765,23.429616348411244,0.01940277042924556,0.1057310241241192,791
0.5193537080105105,12532.511967236911,6508.806560870587,23.112421228223816,0.026812819183626074,0.09238441666002523,792
0.49913028347666627,12633.8002284979,6305.912289437728,25.241229943929962,0.027259144377563348,0.13366531102394463,793
0.5551478344278223,12349.724787940422,6855.922971804723,27.43077864362213,0.023403886725411743,0.14947465534285853,794
0.4861117014483948,12698.129906602097,6172.709534111092,23.31135685092641,0.052783942478465296,0.1124351679712261,795
0.4279592769419497,12975.601683667219,5553.029114428968,30.03433066742274,0.01735312380374297,0.1480633722452258,796
0.4778924237681307,12738.363389433845,6087.567355015761,27.77965574362573,0.058774105582768105,0.12978843785507366,797
0.46072547171435335,12821.376693962216,5907.134825353159,33.28554593240726,0.08618216691466093,0.14019392100439598,798
0.6569247616373567,11813.299563247023,7760.44899973674,27.76630642317162,0.05928322214432391,0.11757677726995643,799
0.5865870023523734,12186.153136385505,7148.239038479346,42.643812114088355,0.04886786195842396,0.1350034909152395,800
0.47471133236452134,12753.852140598143,6054.398142443447,28.495102439602302,0.03769295062888982,0.12890643904732696,801
0.5153738656936049,12552.56792187742,6469.265454279507,28.537522059838476,0.049852526971083305,0.13782055006229457,802
0.606777152323812,12079.934501200127,7329.828256896381,32.772091000683545,0.0719096117175195,0.19785242387121937,803
0.46866215955539153,12783.174237916422,5990.990044314757,34.28505878517708,0.06677720184555974,0.16093166681323245,804
0.5184846907073003,12536.896223370335,6500.18876080369,24.413859211498362,0.03404268416896022,0.130261329959245,805
0.5053650436873498,12602.743085110149,6368.9858097871365,23.874751804604763,0.04119320320714044,0.1355411427986678,806
0.5234596915299087,12511.760252143093,6549.402162082995,25.010696024916236,0.05976969098321066,0.13573099059418015,807
0.5781950550927784,12230.05112274566,7071.355082703423,30.34383234727453,0.10340877349119812,0.1527757463870283,808
0.4942779930245147,12657.861102062885,6256.502181510715,26.35487144733536,0.04140959494953913,0.14486825350511007,809
0.5376093901117959,12439.801706471746,6687.754208527953,25.604882122445606,0.0334574296513888,0.14617542441187475,810
0.5723533861867303,12260.511996524676,7017.345557593927,31.17489845794876,0.14610881641397527,0.18032425443992833,811
0.5437915045986174,12408.157074163733,6747.450404655475,31.53871877938397,0.07133103785539353,0.16146625540197718,812
0.4332772918470657,12950.97463994287,5611.363218774473,24.39734802818468,0.05649922059552065,0.13294906083458674,813
0.49714239710911357,12643.669292632618,6285.70406039427,47.863315503250085,0.04184683247741696,0.13351269177588265,814
0.5437700277752708,12408.267214662952,6747.243807960256,29.364615544741753,0.07896993631130331,0.14335527068793147,815
0.5843434500163824,12197.904562559428,7127.7656350565485,38.49997728382789,0.13667972430522998,0.19210173286937232,816
0.564338494297519,12302.167336616063,6942.586591342029,37.71127591093858,0.129572238673456,0.1745747163337769,817
0.5712337838659313,12266.34059339381,7006.948151352619,27.26883869077179,0.033354897602482496,0.1247607169518904,818
0.4523737517156602,12861.234637343918,5818.0849645906665,25.256725292818093,0.038911327052282486,0.14112994452489808,819
0.46727018733716946,12789.896712299305,5976.337432779144,40.98231839793802,0.008976861776183736,0.1370885427812918,820
0.44196758220273075,12910.384430080148,5705.971391870303,32.831017006676745,0.04942148900631696,0.16953031294782536,821
0.479787651375817,12729.113319738626,6107.271383774025,35.905107454107586,0.028527684827650668,0.14277827587056782,822
0.4773363871577195,12741.074116793778,6081.778287419073,25.803566206303323,0.048492817354878946,0.1268697262324433,823
0.526519511184342,12496.257117435662,6579.523189106079,21.99068607185084,0.024203662086320302,0.10856586527201206,824
0.5272368159546116,12492.618054560458,6586.56816602355,46.068312874176954,0.11261777215118333,0.1525655337975289,825
0.5929159102521113,12152.944949859584,7205.674417189795,29.223505725675768,0.09805907603206214,0.16986401896801062,826
0.5817261754076046,12211.599369118767,7103.806996607377,42.8642569132738,0.15425552884687346,0.19576093262958016,827
0.5009712138048004,12624.646315779924,6324.58438867257,30.438613626780374,0.026037268497434155,0.14729631962439954,828
0.5320211550007218,12468.301047328358,6633.399924096341,36.54610511059568,0.07735398772528547,0.12882050220700292,829
0.44928278745669875,12875.89418831971,5784.917631925787,31.366159772095205,0.05638894439738603,0.12623938047325794,830
0.4634493506163232,12808.300641357991,5935.998614735997,27.956592870437664,0.05874254123045561,0.15659175804437753,831
0.5908592385209404,12163.745676507424,7187.061507983557,32.045305721500156,0.09559699735308626,0.16231298334921218,832
0.5325699986864009,12465.506555352906,6638.754809809619,31.50663529634391,0.05154246131159545,0.13322769261844614,833
0.5173574506422025,12542.579134039957,6488.996765264996,26.91136273966468,0.07691298675802957,0.11879949816932936,834
0.47063146801266365,12773.64756890664,6011.6805072309235,30.150079511469617,0.09877590145431928,0.1493624529100571,835
0.44502067388217703,12896.02471831494,5738.997610545727,24.957504788237888,0.039795485337394715,0.12331550136354763,836
0.48864024608772316,12685.692176909386,6198.739747118107,32.66247245453211,0.03310886377205549,0.12744575944990855,837
0.43309956795803034,12951.800292001291,5609.41911074445,36.55802278110436,0.06830717866247793,0.12701460061789055,838
0.46389614973077903,12806.152243755441,5940.724718744326,29.15383951162831,0.030908962984007384,0.14223804735762877,839
0.5507023808022874,12372.643351407578,6813.644150437745,29.42997116236789,0.03372067829479083,0.118850192583589,840
0.5221592857402703,12518.339034950332,6536.56696914421,30.479138965263704,0.04887760581284273,0.14282594135837537,841
0.47269640539854835,12763.638373231497,6033.3259788335035,29.716623039508637,0.014801389540202249,0.12322512230389443,842
0.49777676138756666,12640.52169487628,6292.15795152479,27.591169807606374,0.08593376855664764,0.16580253925415678,843
0.4832342331593695,12712.249691169942,6142.994231242938,28.532540663954453,0.0684335835224822,0.1289627782903997,844
0.5281670443237991,12487.896142563219,6595.695195440188,19.43075445984687,0.07909037588738596,0.14367125049748297,845
0.5172345082032304,12543.198659524933,6487.7751899547975,25.00235980138473,0.057534447324612416,0.1654702842705738,846
0.5446797030919739,12403.600849874209,6755.989628180839,24.794467188452177,0.06340703309458247,0.1412121370466495,847
0.44718880639980674,12885.796527079334,5762.383968455382,31.468524146893873,0.038282621069299236,0.15484333822951474,848
0.5019152069900193,12619.947036472944,6334.1433290144,33.47070846238228,0.07184669712414433,0.16848018456896932,849
0.509697758208434,12581.069919839962,6412.54313400599,28.469571761629638,0.07705477886851286,0.18521481771283582,850
0.4124547784745231,13046.44098794682,5381.066927564544,19.916234428673242,0.05757672774484184,0.12901548907996302,851
0.534083170460693,12457.796921832663,6653.499676967851,28.479521924130644,0.11275205758151709,0.1639875628038024,852
0.5079300047223392,12589.921423297486,6394.798847989371,50.57910711158411,0.05159262501231983,0.14049751975440028,853
0.5876434648530026,12180.615725402879,7157.859228918716,21.84984825230569,0.05029081838386787,0.13671042586247362,854
0.56425156042887,12302.61824625595,6941.7715428106085,46.716314643615135,0.08027268576678473,0.13701317797485862,855
0.4631536514879178,12809.721942476506,5932.869492202897,21.121619355630145,0.030978186357528414,0.09512557702973903,856
0.5136344310115541,12561.315222334015,6451.923996980306,30.022021661704418,0.029908688665992108,0.11682209165102171,857
0.4665566409835969,12793.339105576448,5968.817320061841,43.664704819547026,0.049731395597993,0.14139654609780747,858
0.5533182872400939,12359.163898915045,6838.551400267274,31.989196930130543,0.05880771585616305,0.1268702246005884,859
0.4999312713454832,12629.819061373653,6314.041500215948,42.29198441941646,0.09681650650119869,0.17018902500442573,860
0.5600040525699062,12324.624772323154,6901.839818904423,33.75418422270431,0.02842719981744028,0.15118457690751014,861
0.43811838545438586,12928.415327113773,5664.176449598822,25.65389093481766,0.03984745623415891,0.11471495537398857,862
0.49167654266913624,12670.72019522843,6229.895898717918,30.447207946577944,0.016648284557128402,0.1478655691876754,863
0.4955351712312278,12651.636578220903,6269.33089814396,30.413594822791175,0.052272535581273816,0.14114569275994904,864
0.45202140789936884,12862.908243095044,5814.309893724218,29.607294384242685,0.0693659743388531,0.1281538951097505,865
0.4964277662474104,12647.21316262791,6278.42777957822,30.39516280137561,0.058701787481057546,0.13115281169619614,866
0.46400421889939425,12805.632453390614,5941.867484048245,33.29833202633898,0.020802898143980075,0.13946425474478802,867
0.4692173783638162,12780.490215820637,5996.828113271763,45.188518812287995,0.06090511572200786,0.18467631219814906,868
0.4984913207527044,12636.974196532905,6299.421957547534,26.4889221990016,0.019788546190201334,0.15042106188655646,869
0.4349205221223145,12943.332139938091,5629.320772304409,25.66614455550049,0.023233506006837677,0.1323458599279848,870
0.4346157601528845,12944.750719463827,5625.99267392937,25.266146518455333,0.012843749106520716,0.0997571660636804,871
0.5731787237300598,12256.2133496763,7025.000725530784,35.95329003196196,0.00549822455384333,0.12799548587622728,872
0.5163955130333729,12547.42499979959,6479.433970019279,22.520374126880395,0.04004968755229217,0.11468632430052056,873
0.48006507373853835,12727.757922225679,6110.152045459537,28.048435315529428,0.020713167508132947,0.12377925929205141,874
0.5275275100361774,12491.142787648481,6589.421452274559,21.251016869616574,0.047027373259048336,0.13369642189843423,875
0.5655740993355184,12295.756342914186,6954.161319292679,34.969214364094896,0.07267970671603345,0.1423075980417542,876
0.49468241667799395,12655.859448408402,6260.631137075692,25.13817025171933,0.02819946874011761,0.11381869409479772,877
0.5018837934505206,12620.103473599947,6333.825405068434,37.59119609330124,0.05283678982902809,0.13437684644165085,878
0.5166713703117275,12546.035686784397,6482.177450270729,34.37186098528799,0.14882185703550752,0.15987938722439954,879
0.6043187754436848,12092.909745944298,7307.97240922006,32.99015296116131,0.07932388411245189,0.18174432592458645,880
0.504609213791034,12606.516374863577,6361.364316563705,41.53745943756406,0.09247752786231418,0.1523606160098657,881
0.5012239538535198,12623.388506920906,6327.144698467976,33.161714425343625,0.04350197345121902,0.1104755287966542,882
0.5816382159913104,12212.059345798203,7103.000411470076,27.504482920119795,0.0943408528078916,0.14187352128141406,883
0.517591113859363,12541.401517143117,6491.31798061561,31.376873079143483,0.03573912215298885,0.13500790693614323,884
0.49827741563221273,12638.036369307116,6297.248100764263,34.21175348136595,0.07246151272998495,0.14541446501164884,885
0.5457193633695757,12398.264608517326,6765.973069047617,33.42916798432417,0.05500282751508927,0.12523679006279775,886
0.5599358750459457,12324.97760698885,6901.197121290987,23.657696075124424,0.03417655818503959,0.09999191848588868,887
0.5518310567048285,12366.82984898457,6824.4007836539695,20.9433421940918,0.06529861715701697,0.1371412557800541,888
0.4026800062600585,13090.333977232855,5271.215767898382,25.59129335923994,0.022049318747946658,0.11803388149395984,889
0.5591121454901855,12329.239598107835,6893.427603960624,26.57402420392079,0.048284803752020405,0.12763651058093858,890
0.4848055541376329,12704.543747050644,6159.233371354686,23.41894009567775,0.054534670134397494,0.13022076648928227,891
0.559403785380653,12327.730860269303,6896.179308388542,26.783687134465822,0.07567107195540784,0.13077744293350774,892
0.489785947433986,12680.04738964505,6210.5090242451415,38.929553933672445,0.08602218303960513,0.18139356869016904,893
0.470972929963687,12771.993830673862,6015.263355910603,28.889470431296242,0.05083486107000468,0.15698234235077993,894
0.5020663398164631,12619.194350531523,6335.672719003951,33.501340108857065,0.11738000220758531,0.16507528436646474,895
0.4882947191636912,12687.393445716822,6195.187219495552,34.05112654126761,0.11032780354389041,0.16894227101764958,896
0.43859206354975033,12926.200910626014,5669.329131250125,38.4239744020591,0.06669884023217838,0.16663728085072615,897
0.587072236177339,12183.610100142909,7152.659226203709,35.14991535923973,0.09938821945766442,0.1632814062546713,898
0.5387087404834008,12434.183232400575,6698.403188066335,21.57420209889783,0.07498904187067254,0.12928855675681056,899
0.5491835576506315,12380.46051687749,6799.145352011957,29.427066181899864,0.08799700348149926,0.15757376410948265,900
0.5117618301211221,12570.719497483027,6433.214415971186,27.273821870305714,0.05571476521004498,0.1030272112099822,901
0.5865003179330013,12186.607382361935,7147.449104279935,25.10092425960044,0.0602671901904746,0.15099446640310998,902
0.6216986948045086,12000.958650569404,7460.980329461875,29.45130927711706,0.048345338035248486,0.13077475378947517,903
0.6450069348431311,11876.948826829328,7660.7143580819065,21.54950064277511,0.04021077165546621,0.12371433175139412,904
0.5315952158776969,12470.46906678497,6629.241695653697,20.439715112807296,0.04272228438077752,0.13701129745755442,905
0.629340089141861,11960.381667128067,7527.147664561058,24.557619711280356,0.05518147723464181,0.13622572925309395,906
0.553887074337251,12356.230399036089,6843.956305559103,24.501548062773427,0.014107814109172874,0.10655456314256125,907
0.5608067084130226,12320.469890732262,6909.402165523312,30.250831922908706,0.023390345764081156,0.10913455222947266,908
0.45407915251191555,12853.124946499393,5836.336082836204,33.355694807183944,0.051186766339404166,0.13022947198413015,909
0.4956057472985721,12651.28694675586,6270.050521535608,30.17010059072009,0.05750901757664649,0.15008269256483386,910
0.4355938772889339,12940.195995143846,5636.670146403442,25.130720735850495,0.06414245670625636,0.1317164481311255,911
0.5132065820128889,12563.465062032925,6447.652962724265,25.415060123471658,0.04268948074426489,0.11933770838526436,912
0.4032253934508394,13087.901125604212,5277.3740808174425,29.160134937924497,0.033319788049537696,0.14001111495494856,913
0.5573504656517028,12338.34830324135,6876.7841721844625,26.509785714107405,0.0851506786528667,0.14768541143655722,914
0.5018975908289799,12620.034764154669,6333.965044307201,26.1482142825524,0.035438233829940206,0.14260628853742155,915
0.6297063221119099,11958.434856198997,7530.3020315119375,29.93917131105537,0.0372289591208505,0.12464012373775613,916
0.5870491611800616,12183.731044227643,7152.4490895573135,26.969852007502396,0.04954677213271316,0.11977095000312843,917
0.5702375721238645,12271.524205358532,6997.684169122885,30.34666098306627,0.08891301246220261,0.1421660599462764,918
0.4729332862312804,12762.488866948901,6035.805800336274,32.372423800109,0.055879133944139465,0.12053203235774285,919
0.46946024150841886,12779.315707029373,5999.38063813434,24.177327563146836,0.018640065940206826,0.11235471061008306,920
0.5376070981048596,12439.813416241523,6687.731991671505,27.783206169923584,0.07510831762165907,0.13928034853938354,921
0.5434723845084404,12409.793485171509,6744.380056643468,37.83619825130605,0.004765294398434166,0.10510055069807234,922
0.4991701866528686,12633.601958929301,6306.317447936785,31.800774099325913,0.04720916449337073,0.1407565869061497,923
0.479419336908872,12730.912245140717,6103.445506810402,28.200812761416348,0.04113758777974444,0.12090065546215972,924
0.6219776375896007,11999.478910212662,7463.407544880308,29.489757158736438,0.08173173512285721,0.146120667093101,925
0.5219174425698587,12519.56186338877,6534.177709835002,22.7471065888086,0.042382618589421654,0.13702233236020012,926
0.522479573879071,12516.719246155939,6539.730138095521,26.75484409476321,0.05483749597796545,0.13637853164726205,927
0.44716985021386185,12885.886062841973,5762.179740593935,33.336628960132856,0.07706821311035919,0.14364873842952752,928
0.5472629558695338,12390.33581206377,6780.771800726159,25.96758769983275,0.030433009021640128,0.12415841442122638,929
0.627748670719377,11968.839155880758,7513.422870158176,24.274553766389744,0.05632035687945866,0.11684384019103655,930
0.533232925955269,12462.129862015934,6645.21796995729,25.039217814594,0.0410873491829881,0.10890189540806963,931
0.5455452843189,12399.158329147649,6764.302355989911,35.68702330308098,0.0271069454537259,0.13119478724339112,932
0.5444777998429391,12404.636772392434,6754.04933768305,47.11293339266857,0.03357802883695573,0.16387168286996048,933
0.5193876654356843,12532.340593926545,6509.143123524365,27.0169164275609,0.03967926372260165,0.11991705264644503,934
0.5214851842451376,12521.746966315293,6529.905523799924,34.406649114917315,0.033914998562163394,0.14133896585613848,935
0.4440659198311746,12900.520712474035,5728.681596485902,34.075911648769626,0.09885297777340211,0.1627609619320001,936
0.5090673378804845,12584.22794814703,6406.219420844401,31.475085466984655,0.0708996148016819,0.13191231987295562,937
0.6040690626551901,12094.22711074126,7305.748434324461,33.808989328858154,0.05309289039370307,0.1392920426987041,938
0.4668438040669596,12791.954030415587,5971.844481008889,34.40372277060587,0.07720677610411747,0.14955108837381773,939
0.5204677405306661,12526.887594175805,6519.840882022313,36.777325520958605,0.08175412488220539,0.13697577387632687,940
0.4874656922886106,12691.473199866748,6186.657769535393,25.56872251420007,0.05080860821373766,0.12723080776995527,941
0.4701432192026658,12776.011243380955,6006.555054532575,31.39349135046183,0.10973441072297659,0.15737509453107665,942
0.5407188873955578,12423.900000396095,6717.837385327848,28.61331659831509,0.04857082397825389,0.11437736960752025,943
0.5912252953321085,12161.823949830416,7190.377956515598,23.739106397867875,0.03324812319344948,0.1009793159939058,944
0.5222957386493126,12517.648998093757,6537.914729612206,38.68351212421662,0.03435843041034825,0.12592270749643797,945
0.4640014657104335,12805.645696377676,5941.838372487747,24.063928695068462,0.028407141675725407,0.11654046750592542,946
0.5109532966159561,12574.77587910624,6425.123189636141,32.72422612531245,0.06208124278870246,0.13006939697120085,947
0.5112227722477884,12573.424206640135,6427.820779566019,26.55924991601047,0.024470391896580096,0.11557987405204706,948
0.49712787089725485,12643.741349512118,6285.556217258543,23.81507933830885,0.07839923987825381,0.15606535688570808,949
0.47227274180631634,12765.69361378841,6028.889124043235,28.071360249643536,0.08558165835068263,0.1292395351817882,950
0.4988941080288955,12634.973595703797,6303.513881997293,29.666494671475057,0.07509732382653359,0.1498441186054527,951
0.5145756380989466,12556.583464996214,6461.311948843108,30.40583725185336,0.12207581755444312,0.17168722588203458,952
0.5132808881793026,12563.091740545739,6448.394886865377,28.07702796940735,0.046097251991607587,0.11426038087399702,953
0.5091888659127846,12583.61928461979,6407.438832613796,26.663928060390496,0.004777429619796978,0.10786430596288207,954
0.5065773375166842,12596.686312197964,6381.195813566104,26.10217656618103,0.03634274610633393,0.11938853512949332,955
0.5985336463128453,12123.399465383576,7256.262487723232,31.94231481128547,0.13739042367604318,0.15453285547913814,956
0.5532136817877994,12359.703297149104,6837.556966820659,38.6685252958455,0.030281725806973782,0.12781467174613298,957
0.5374283135389206,12440.726767327307,6685.998805763223,31.93636382482118,0.046467755607296934,0.12188823563235418,958
0.5295118715462707,12481.06446741668,6608.871805031464,30.494857303288462,0.02922426956224236,0.13987053298431906,959
0.6014942289880705,12107.803988443196,7282.774224767325,32.714246957158224,0.06147354952526917,0.13340488434007272,960
0.5413402373710741,12420.718808870237,6723.834868313178,33.175303378072655,0.0807514842578597,0.13787318705818902,961
0.5572774951676053,12338.725409444416,6876.0939897360695,26.414656134804044,0.018359493436550894,0.10870249653876779,962
0.5026424567176184,12616.324276800477,6341.500229237123,34.349517716137356,0.08222535658488243,0.17018446458401193,963
0.5164497934492517,12547.15164694884,6479.973876443166,30.446305885272952,0.03276064797561361,0.1222989204259004,964
0.4398111949349891,12920.495786629104,5682.578691069838,35.61623203254393,0.030425909313916796,0.1533332863600934,965
0.49725581827340837,12643.106639996031,6286.858337789189,28.150509514321005,0.04330664034211968,0.1595332656999015,966
0.5565644972624018,12342.409351003509,6869.346855448034,32.89589019222335,0.07368356756333481,0.11951861075284323,967
0.5151496848460073,12553.695919624874,6467.032496647362,28.899409632924694,0.021028613995974776,0.12132025123683865,968
0.5120735356214153,12569.155019531312,6436.3316506250585,28.02249664140326,0.032743796156723605,0.11901988205128668,969
0.5691553029754682,12277.152781522052,6987.606611043296,27.426002525226714,0.03898730296142537,0.11695326306164566,970
0.43362410571134014,12949.36292599595,5615.155918316577,28.285035745425386,0.04595973735401484,0.14937774768668421,971
0.4059204387770584,13075.850813363748,5307.755099543969,24.183827879036198,0.07438349785202635,0.12460495414686301,972
0.5349053181363941,12453.604906338938,6661.499494370189,33.29017959563647,0.01036751517342924,0.13353861812462076,973
0.6413547893049715,11896.424324495807,7629.828716119546,23.014222047770705,0.013084567707631082,0.12462958082912712,974
0.481958043133235,12718.50015389821,6129.7834457625295,27.767231327637305,0.016334878002638463,0.10289290642915139,975
0.521886079138992,12519.720430637937,6533.867807461966,28.024545515840178,0.006631895355501423,0.12071132664089188,976
0.4548578116661554,12849.417158286475,5844.657769803735,20.8738081744652,0.053801496917990785,0.10296711293183285,977
0.403227733840518,13087.89068147277,5277.400500242698,36.06427315540228,0.05964437988677217,0.17336955990573322,978
0.5148033623127121,12555.438123270902,6463.581761169068,39.61296880498481,0.06275816754419836,0.1364697194567316,979
0.4621610975541123,12814.489551584164,5922.358555755841,24.594641600508574,0.06160172054401561,0.1438895718576474,980
0.6896742469913169,11637.83427310845,8026.3145889158095,25.787228220292345,0.01620621770568287,0.1039820340974073,981
0.5090438139861252,12584.345759127502,6405.983361746384,28.15278456803673,0.12980742630853806,0.1919315172072587,982
0.4919838890806131,12669.202464450082,6233.043500009839,27.320468567702445,0.06995557115720775,0.14608750717009578,983
0.451032108518766,12867.60385317446,5803.702497481475,34.11219555356304,0.09398511483853966,0.17358497748435459,984
0.5234106393954215,12512.008516571326,6548.918377779557,31.289176560968933,0.023399278900716757,0.10753245684334894,985
0.5482554964803218,12385.233765374123,6790.272487060036,21.599274191420267,0.04455589213987899,0.09988467055902978,986
0.5273836573480827,12491.872873600596,6588.009603206786,27.618414611958364,0.031119465425825804,0.13648554078364417,987
0.4585123274313627,12831.973506813116,5883.618038146467,27.95663932573013,0.030766517778008748,0.12645506025506997,988
0.4487598223494805,12878.369458448893,5779.2947903245,23.36630739897453,0.04378639226976038,0.15467569517787622,989
0.5285777615338039,12485.810367031829,6599.721694741246,30.38982684646195,0.09514041871564799,0.1505311568729748,990
0.48262277232044737,12715.2453872236,6136.6669795166345,33.296085524294774,0.008696464155444616,0.1346660018067265,991
0.48398824840641297,12708.553283808338,6150.790443609965,27.551700232311973,0.08266081887596045,0.13556969076479475,992
0.5993899750678431,12118.890300866022,7263.941355286011,29.466929234528397,0.032678115491512616,0.11200365489530029,993
0.48080316858539524,12724.15012124247,6117.81169584962,28.660146770615896,0.06535245685245966,0.1561528871429817,994
0.4800626202938365,12727.769910512672,6110.126573737763,27.108460509943278,0.09106723957244288,0.15679037033452797,995
0.45833413606369783,12832.825630080397,5881.7220484189775,26.416408262730233,0.07392871138639694,0.12812339204900047,996
0.5204950246447947,12526.749789816786,6520.110940569864,26.274448401817207,0.041167910696117194,0.12384792814977352,997
0.5386346504635849,12434.56200715319,6697.685960390731,25.795690240272464,0.04652067373783488,0.14076123812011343,998
0.5915343248399154,12160.201388259631,7193.176518121563,29.08706981973979,0.030301364479091156,0.11217695579671016,999
