sample,m_r_cv,m_gmax,m_V,m_nzero,s_r_cv,s_gmax,s_V,s_nzero,m_lit_r_cv,m_lit_gmax,s_lit_r_cv,s_lit_gmax
0,3.083988351512133,80.33850557448203,0.5726593979196769,2,2.7532266019698577,91.21696263401775,0.6410771716462583,2,3.878290396994814,91.72441619679782,2.8193674294260322,111.51002655866509
1,2.5147430594485094,31.542447522282043,0.5165151575475049,2,2.72564763466429,61.67167735329474,0.6424613607243252,2,3.0730071321489425,91.8491271984818,3.1793375196647222,103.36995195604386
2,2.1783488234263886,58.32846686837615,0.45180688193468765,2,2.6402841055460358,90.78135361009754,0.6440653820252618,2,2.4518859434985925,90.80166754007519,3.0013073009187115,121.02166533935068
3,3.3652017667959533,55.4604361767048,0.6298132476000786,2,2.8366152597949927,75.41636167957095,0.7298424295165833,2,2.973291204197714,100.67382247018384,2.364361041856987,100.80750909946372
4,2.125135973565983,56.434126427079214,0.4714074450424902,2,2.5589854613778624,82.54989944310046,0.5835779609404186,2,2.6319196836626824,91.49720341404195,2.762299312267955,100.19040613189573
5,3.243127671249377,80.53614441559866,0.5908194036715804,2,2.7524743110436765,103.13590897413158,0.7047458097979313,2,4.070925204166372,92.05370662784034,3.271171097903087,163.813458436407
6,3.2433447738735124,90.70261504270113,0.6539618476211039,2,2.8032120159079232,94.9426816133443,0.6882383329162706,2,3.8511090585679795,118.6439186610074,2.8459356511090657,117.4090113765358
7,3.155502074123656,90.47179942554797,0.5974433864561406,2,2.4423050310504406,91.60745807539698,0.5513002571676733,2,3.5693593246259203,90.70853058490847,3.2414160162106094,131.8776589871277
8,2.5824571090455084,89.39907509922594,0.5852353203970583,2,2.43813710482527,91.55295312061249,0.7533963282302112,2,4.067765837675379,92.59692563609269,2.842848636881333,119.65801866097662
9,2.9631841391769975,90.56896164770546,0.598562381125841,2,2.8201703857841474,96.53468243546256,0.7574926853003114,2,3.968813117853009,98.22225883515968,3.2722593939016957,133.6385693232617
10,2.4498321807007652,26.079801181739754,0.4380208801820481,2,2.6258968737095847,60.72459926426072,0.4909787862064928,2,3.3254305995648195,95.38836474730843,2.719370294487595,104.56786589288433
11,2.7579046792568156,90.41795682972996,0.4879839510167702,2,2.720001511347677,91.2309602498077,0.6734286864199394,2,4.014692600500433,142.7748329612284,3.258660070699835,96.20780090375344
12,1.785520099378104,48.05019486810193,0.45549956295630695,2,2.563166366358965,66.43658570168344,0.5167388618784785,2,2.9366728078004165,93.2532768841254,2.931568925042329,91.51707927919152
13,2.357775235565264,56.6187049395755,0.3564904185101231,2,2.5318382956488104,93.66300011001573,0.43838014315214147,2,2.975069812809839,90.19869471091903,2.7263222023498934,101.42171793972743
14,2.76127056249926,52.33746617348211,0.4267480909633601,2,2.6303485785830074,85.71190936890646,0.520311128100446,2,3.6763414447202005,91.9163554569228,3.195562481938659,93.78901886905925
15,1.9789234656634205,60.62881534294115,0.47134644202659315,2,1.9948949866450367,83.22072859112602,0.4777050042644672,2,3.279870155634841,130.0429974916936,2.7012040851183206,105.41011436071071
16,2.942374476648344,90.72959391713884,0.7112520104150187,2,2.764802330017235,108.93652003035534,0.7881509152924553,2,3.8702933808473916,115.32219718641873,3.2764382427476115,159.7544728224595
17,2.61066691322737,90.24814792795793,0.5218358555095156,2,2.6329763350769286,90.66246886304893,0.7239211003990971,2,3.9233765805679233,91.13645901587839,3.5302947189498988,90.27646782312371
18,3.380565180272864,90.76017396604534,0.6184186517948899,2,2.7673737936315486,91.45930608255871,0.6875657258795892,2,3.999894241521736,91.23442828609848,2.842482746178315,116.71227262063876
19,3.0280925128030884,47.798598785369414,0.6409294602370372,2,2.723412079095104,95.3292711593852,0.6941776589307993,2,3.9099116870555877,93.61378095138936,3.2821441694300866,91.33949481830201
20,2.404059724393247,46.619056005890954,0.46026395798494707,2,2.5511697809678284,91.00001994783531,0.5911407390091991,2,3.3349445093123964,102.45517492266124,2.7238354355767807,94.77686474892498
21,3.384555351196107,90.59233943376707,0.6284191191094437,2,2.8291146804096696,91.18775247312338,0.7618994598589501,2,4.156333468199938,116.62861272461188,3.271184252344342,151.60916749411808
22,3.143690300070778,50.7849706919711,0.5835254349754262,2,2.7189176304565073,91.23948620248798,0.6827312080459056,2,3.40434224662855,105.45935815915766,2.818034844416406,115.6477142483886
23,2.3739954156486456,57.515206646791405,0.3972258449170436,2,2.5934815750722917,67.48732261478322,0.5591011104401462,2,3.1141457375610075,100.46155122732814,2.8888761088983963,146.23646594113092
24,2.430607875625973,85.57126646038246,0.50529490897291,2,2.5788950341421812,94.68052104580377,0.5844324590707867,2,3.7469925691677455,120.18198152516523,2.853192262577287,125.81536182584834
25,2.945621721938577,57.15681396779791,0.552256223988789,2,2.7313883844922855,107.65533581731363,0.6882084878465973,2,4.2132096711363225,92.95670293614052,2.8490334586646924,121.44596985994468
26,2.999977100254483,84.22833397348165,0.5996861952456529,2,2.347944758888801,94.00478170997471,0.5594046515227591,2,3.76013542046847,120.55847908500665,3.2707289718614216,165.10359181357234
27,2.7073933579182135,49.92562008627865,0.5076297215568145,2,2.6235482744021645,102.21710415963474,0.7132142118469202,2,3.733552093875079,117.05107704130758,3.2706659517020817,149.41635499488896
28,2.7101408398247524,90.26564366667724,0.5389377711927196,2,2.678521357364299,90.98951007299492,0.6928793910402573,2,3.408208470873114,99.46518837587006,2.7468813963702807,92.67606527543877
29,2.248738283312905,70.70948275782483,0.5748128928057589,2,2.7097195850019156,96.34861466172555,0.7065480719232451,2,3.4591109422986706,106.29359913929274,2.8383804594105273,112.81944823068841
30,3.3364565087689195,83.59258753023991,0.6319779698194146,2,2.6876283607941382,113.09308339719028,0.7101281311865122,2,4.389858840109173,90.17005594043097,3.4184274143989106,131.94880268528004
31,2.648907746851692,84.43882165904832,0.5887539630125191,2,2.7853962664612095,91.19718608065824,0.7826162457336493,2,3.1340218666281747,110.38948510549105,3.142263591751479,151.5288830530102
32,2.5917590713910728,85.96194822822059,0.5393111073284442,2,2.6710974238050507,91.3306925268063,0.6781752374529106,2,3.2322470457961834,103.60373907603625,2.7831053714186993,110.23325376863475
33,2.9623230256041695,51.188298475470795,0.603691229564301,2,2.781636809252797,111.12901359356269,0.7340911200729747,2,3.8746734948042842,93.31815106768552,2.7986062140292933,124.77594376713131
34,3.0948203642199457,90.73022175337125,0.628321534603573,2,2.8041282347937497,109.79696258015998,0.7403622816863429,2,3.779988694910494,115.3392354349777,3.2721461393267353,156.61136734231758
35,3.5679577256345545,90.61562290053716,0.7360438351367179,2,2.7782316361733814,91.67106907881292,0.769418775801851,2,3.9072183404079563,126.12118186539988,3.2703183108339786,170.62013139837916
36,2.3337853665226325,52.54789604258858,0.412673959476945,2,2.615875205547401,87.12954871383633,0.49555326025813595,2,3.3958381471780688,104.02751032174622,3.1860034472756853,92.90465051560226
37,2.926919796738114,67.9338752571341,0.5212264415297279,2,2.661749950583163,89.39969717736108,0.6122288352248293,2,3.6936617304957897,125.79110915562657,2.8009358512663303,114.52114687501772
38,3.0136600981405857,62.101635709817806,0.4891791802670183,2,2.804873077318682,91.86701341466036,0.6512850160887753,2,3.739146531246965,90.79387845987962,2.7709485436725823,93.97461176666583
39,3.508784882511343,82.28245789882361,0.6273994218224995,2,2.8265920984496646,98.40945133117859,0.7460791563642899,2,4.108875240347872,90.73102929450825,3.2770635513135398,132.9353507386702
40,2.6288671941657356,45.25487654091786,0.2995222236309395,2,2.6653513495414365,92.3657074958486,0.575591920273339,2,2.976051733304232,90.22760395331997,2.7813248530986727,101.43521834004126
41,2.5844960268034916,57.53943386548013,0.4093534355255923,2,2.53239446456842,85.88474489634523,0.6724335533032891,2,3.556609683898298,110.64138454020404,2.8363481868999996,121.35738283220314
42,3.400082094245001,90.81921866580332,0.6402645313191502,2,2.8556558359392397,113.32380120055653,0.8221316250560005,2,3.74911099454613,104.13027475807698,3.3439691480995433,144.55837491992176
43,3.112508478445003,68.06974156941573,0.5949960285957215,2,2.7599738145791615,93.25131782854835,0.6404544230875314,2,4.201438984325667,125.76552676600222,3.2704342477816333,157.71770350219907
44,3.0692431234202893,90.52599901134292,0.5346220237767363,2,2.757962818245578,92.66996762570456,0.6714254939976944,2,3.5240868898534035,107.56777641172614,3.2467428711662856,92.81964944210489
45,2.8001274387206845,74.2738148523001,0.4722370950004461,2,2.82700683491897,101.39684650154686,0.642983830367565,2,3.5731309099253794,98.77119330282659,2.8060233308619287,104.17740810241861
46,3.136384915238603,90.83474352989349,0.5397558688493365,2,2.797692972269089,85.62035671768442,0.6912252963340623,2,4.092334900555645,92.42681644427222,3.2584451814125033,120.5931353378169
47,3.529997725047422,90.60787653583048,0.6580999498902498,2,2.8030464090702814,105.03086228775804,0.7012080809257482,2,3.774592164145328,110.8519915322246,3.2706044976103006,161.1122525677966
48,2.7167054463664186,67.17354321872928,0.5312736435590061,2,2.584576173825952,107.18517462822018,0.7167389086239866,2,3.0065766888355547,94.76659160892586,2.6050989364807613,95.99714523814914
49,3.182034388652716,90.4905005990585,0.6041139808027065,2,2.7344570851860537,98.4376436572888,0.6894992256732871,2,4.131721788957712,92.29192683038511,3.2710345909186573,155.32915626670953
50,2.5366213359647247,34.96759003150226,0.4761630861803507,2,2.4994755637732577,71.47845781540003,0.5510439889736091,2,3.2144530992805356,98.15698270577259,2.638392656377992,100.94066806316575
51,2.185096220354645,37.48015176177871,0.2612859860856833,2,2.7650511973602367,91.2794281107429,0.6212930565842858,2,2.619202474426239,91.27635716495844,2.7451611226210777,92.826888838125
52,2.3889638840908116,41.038017567746984,0.40321931167312514,2,2.694247969633477,91.58993232559541,0.5292972163841909,2,3.077166474814092,90.42098312515719,2.7451706828999805,95.09013155779068
53,1.9619915687986325,89.93022572681562,0.47474017054028544,2,1.8866248818682525,92.64709067746686,0.569473390123528,2,3.577619375015298,91.04123289720822,3.2599951596274774,92.88995280299855
54,2.5512152873558946,43.269012812678284,0.3906248548720026,2,2.319502064491608,91.32429002712873,0.627768436193889,2,3.505370537098465,102.43896468504713,3.2590079289548233,108.06662682655086
55,2.9596090434232445,70.01621166161422,0.5557575581836103,2,2.7965078933178598,103.24179151855552,0.7087175493844464,2,3.5637644454915,99.67715802038593,2.809232911516828,97.98830381614844
56,2.343067694828571,50.3756723062417,0.45823959809851134,2,2.7191901210166316,60.07696672831266,0.5179521742407194,2,2.6489439248775626,107.85435136534385,2.71923773576915,96.99739191723532
57,2.796207802531988,72.18354521631566,0.5580266878240183,2,2.7267076540819564,77.7481393080988,0.6664724322587392,2,2.4653481595217492,111.88274104827694,3.006116730956144,131.87273920839132
58,2.5666458293226073,90.28647689219716,0.4919112895898575,2,2.718338509478613,91.16270514086987,0.6531673846348761,2,3.273304413080392,90.55126192407184,2.764284656121836,97.3205878610211
59,2.4241416244610376,59.48744463374528,0.45423466861281625,2,2.5120699968376514,90.18933656217544,0.5881340380887192,2,2.897851904429034,92.31619505770536,2.8835329013975812,90.86543882413798
60,2.9844783118410856,64.68412389852419,0.4526211292810425,2,2.759978799627021,106.011062976362,0.7070066502842627,2,3.5397599113672786,109.15848403331637,3.271130478712094,163.9490491965875
61,2.2185471127419576,76.81904901875409,0.3879586076262316,2,2.4429458079562782,91.23330000263869,0.5640972629414898,2,2.8576805180954445,90.47392408137158,2.7252088011071445,98.40693315770181
62,3.018466893427796,78.17494065053144,0.5796739902341697,2,2.685973310674352,91.14902234303659,0.7051582781046657,2,3.336347850172574,91.2612767100453,2.831845894769204,106.08203817853307
63,2.6667648599475378,90.97837306560054,0.601673601185042,2,2.672429445193956,91.24403880435466,0.6978047496166822,2,4.146723309469637,114.23969500548176,2.826408955603441,110.63597861061929
64,2.4634446684923,56.01735653319521,0.4773386968187107,2,2.1834849553166036,84.14346309157813,0.6242773021881438,2,2.805291053863003,90.88889840376308,3.137745991915074,112.83936765814833
65,3.5714331456975796,90.61289518763785,0.6377029764769753,2,2.674302819988145,98.03352029109445,0.7189064002204232,2,4.297405919379577,131.62928811566613,2.839282627115787,107.47736611190852
66,3.0208776706414167,83.54958382863951,0.5794475440690746,2,2.750700499737535,104.11783219895918,0.7191962756244996,2,4.213958168110765,109.9086923037822,3.282901665830073,159.87428656915995
67,3.6727291192572182,90.6089070679378,0.6861137534419464,2,2.8428573103194297,107.21232856855747,0.7845830973333632,2,3.7413484133342436,93.84895077220831,3.2725554834252932,157.52614547300672
68,2.2179891680926,55.3349202359864,0.5997048996948529,2,2.4586005475345964,106.55030771666266,0.7595262184615097,2,2.92981893160198,91.8718403292623,2.734859464280048,116.7783335148109
69,2.31125283205749,78.63968734226995,0.5303489669063215,2,2.6090740529329044,91.14649904444862,0.6423667921024284,2,2.99691756947691,90.20789954083223,3.0402794095509207,126.59732850775208
70,3.1804980646608016,72.16872579976801,0.6062427728366658,2,2.8236882247175177,91.26521406320292,0.7488300085018472,2,3.9168454671164263,90.7596613601673,3.2796986587267987,91.1104789353312
71,3.443150481882966,90.66590436067433,0.6592384613970588,2,2.853566806116257,102.28916952099694,0.7907975342992133,2,4.141957385550067,90.67492595134992,2.8418889968795935,91.93010383179735
72,3.059328564218903,86.21524786207151,0.548646886015678,2,2.7650883108271667,91.43815162340664,0.6975598050681773,2,4.078182093716577,137.40312144837287,2.8505939108759204,118.70880669186144
73,2.4229577880033553,90.93391475158731,0.623402751648079,2,2.275936300001172,92.36137184230147,0.6016271726279189,2,3.8906215443902337,128.7523416203066,3.270329825006385,169.45751842160706
74,2.210266947551646,23.45803645634681,0.27339941341708573,2,2.5466989545312035,49.987236199786985,0.52371452550735,2,2.1554002301602573,90.12177921733094,2.952186742831464,104.64634863336484
75,3.480107206882432,90.5814184449782,0.6578904036589125,2,2.826065508659096,99.78572033707628,0.7626409095042255,2,3.733684093980748,108.68659813185647,2.839764312121481,111.43314382158644
76,3.062503811244997,90.81064973159083,0.5058513952867628,2,2.761274730458552,95.34982887699755,0.48985068596406867,2,3.3983917917562114,91.55966063882768,3.2841935336034256,90.40317706199043
77,3.60221975483345,90.6413651368462,0.6978799177662276,2,2.826752236665738,91.1800658884545,0.7578084841314987,2,4.231681217228619,92.27349656098781,3.2644916228038103,92.83147655082892
78,3.4961813230196066,60.57294604252625,0.6661026637652077,2,2.7413900844503822,95.45305962304703,0.6913393313217393,2,3.892372710382374,126.75085019735897,2.8550584784206987,128.10649028935495
79,3.3979693645776816,72.68664506079568,0.5848805050574862,2,2.880535598067909,83.84966540661645,0.6850668019068628,2,4.12630670984313,91.23853524150289,2.818169175946953,103.89578115025843
80,3.4111988782836526,90.60199360391037,0.6636728146218598,2,2.8167042246941696,91.15921797125961,0.7870873616182938,2,4.398423590872349,92.87185574300058,3.2717804556118604,135.49917521388238
81,3.5272470994340166,90.70816702779874,0.693478499285569,2,2.8463853914156796,114.11287887553776,0.8256529601432843,2,4.177705495645408,98.3165049297482,2.8427555859601275,114.79008649600192
82,3.0087817457422292,90.67784665084916,0.5440297348080546,2,2.8100560164758384,104.85611931240322,0.7860613386714113,2,3.4565845321013913,100.0719232775653,2.7830239932859513,95.7889525324584
83,3.008668947600516,89.27369948710275,0.44371126347918244,2,2.8126698359571765,101.98173796604401,0.6115032370652502,2,3.6843700729236413,102.76466786788073,2.8191746751872904,103.63862799199256
84,3.2992097611918805,98.97678712570895,0.6698766553032686,2,2.810723126759787,98.64588452107697,0.7678228965691652,2,3.8907986240101504,120.13759706196777,2.8523120082246725,123.28957334348256
85,3.2177651419228295,90.59029957182332,0.6479671263493503,2,2.833194301509543,105.75857814074317,0.7806015074736475,2,3.7671906287870507,109.40057899708316,3.2795266087231676,148.19064589496475
86,2.453314173212784,90.38908611206143,0.6167161869804421,2,2.159161708618421,102.52531342588449,0.7766129401417747,2,3.983562363514452,91.03003309869345,3.274252073643725,152.99537663960305
87,2.954179318123982,52.56538774863753,0.46716878445948173,2,2.6581602508538036,92.60934943316335,0.5825404129085019,2,3.609171793050342,90.71159441154968,3.257255120167543,91.63808117586052
88,2.141310246741653,22.85297995225077,0.4012972083079021,2,2.485249386062127,57.65996809951798,0.4043030333725509,2,2.8494311378086277,90.66736237561685,2.7626663941532312,107.41825508725161
89,3.021612554020295,66.18923140829085,0.5251420039756687,2,2.7712037603320705,91.3341536572526,0.6464176299791051,2,3.682703571061163,111.62351300662112,2.8287949964795227,106.60360259500324
90,2.6724932724822263,36.3376522629112,0.5410229066380396,2,2.8242617969039796,92.90971900626089,0.6353865193171615,2,3.555637783107118,90.17170197633774,2.42124542225936,96.68432244097146
91,2.8419481942660956,60.23078504481897,0.5870019327967326,2,2.725232607757016,101.67845379385703,0.732790589214924,2,3.4681172324856373,100.98453172815901,2.834285188291384,105.38864620740921
92,2.014439701769716,51.40319288257307,0.2628354783543464,2,2.0327568207420863,93.430477133188,0.5578750843306814,2,2.4642934620608203,91.29590274813938,2.7403165459383145,90.39765991072603
93,3.41155155513907,44.77784880843202,0.5311207748601742,2,2.822230719424646,86.58834418983854,0.6941750720741746,2,3.702815979585015,102.14685637655101,2.747113814500355,92.17650160583459
94,3.5006105904961373,86.02474232089045,0.6605367297118583,2,2.822031172186655,107.25488368906615,0.7817712882214319,2,3.72806863867241,104.19072653665522,2.8370880566279104,106.32360735195961
95,3.2465892708426285,90.63251823821743,0.6777713898909782,2,2.777078342277878,91.18575678428249,0.7444573300387556,2,4.495973582284605,147.62586694339353,3.2703701447589237,170.247650268165
96,3.446500536402114,90.59986533815018,0.6315453790095114,2,2.813208020948624,108.33943993339608,0.743969575211072,2,3.8047901168278555,109.35446883479462,3.2719899585419197,162.62733578692047
97,1.8425548094857584,58.41750592676688,0.48784721788090346,2,2.334962237213537,69.23546786133083,0.4978249527682456,2,3.170444206324358,90.57319432809001,2.714435391843897,100.55301351337154
98,2.913385299212973,70.03024083789194,0.5888098365041017,2,2.8904951610296905,93.07505848196305,0.7214741914648927,2,3.8557482353095867,91.16223702179626,2.793072823603388,94.11236934150219
99,3.086106768135718,84.65196846608482,0.5862561448623184,2,2.759043081430092,95.16764357364302,0.6957495462629302,2,3.7311398692919027,113.2316723011955,3.271061882977381,163.3256263413061
100,3.293694756876053,90.52340049208748,0.5568551429843762,2,2.822362615070284,101.40248525099442,0.7610117416951774,2,4.184519495341921,100.15221867003154,2.8322025939973248,107.10754793406835
101,3.108827112055769,65.99069895950167,0.5898031287657743,2,2.7797428949937517,62.551371897641644,0.6680249356766432,2,3.7461163572950764,91.62169281511116,2.809580311792084,102.85312508073945
102,2.023867719986822,41.47194543541681,0.4139890669331178,2,2.6608081791519775,77.90719905118569,0.5897098951071621,2,2.737030976570429,94.0324962738715,2.674313483097413,92.18641263022032
103,3.264711230000816,60.1836145483789,0.6136571494851008,2,2.6944236455379094,93.21154245810953,0.6518516104664067,2,3.8695058264392155,92.09517549114949,2.850232421308744,122.59946187414353
104,3.4900139186912438,88.20930623990694,0.6218578445467251,2,2.808186376422558,98.01302956087746,0.699573247497521,2,3.771261561764659,114.37486330846949,3.271302512577922,126.16780576236185
105,2.261966348575183,57.285404279316786,0.3928443819505629,2,2.4587748744557087,60.61351041729578,0.4358547440382299,2,2.578032975913633,90.26649920130689,2.7156074715164573,98.69660665311763
106,3.0451554138233066,69.35443210531845,0.529596264786205,2,2.740763693497415,93.49459515552051,0.6539288948174943,2,4.276559241164382,98.57247861920456,3.2694672932689084,99.76871339949187
107,3.1285632009350346,75.23062649701855,0.5620312317799407,2,2.7380088738357555,66.79813350882088,0.5981925115867184,2,3.0346562864314945,90.50361659175286,2.711158013780167,96.88389032407119
108,2.6786776286665632,48.3432742233546,0.5396956219726639,2,2.778570827060886,97.53250838384753,0.7117445925691973,2,2.795010634573907,98.43278078373925,2.462628194022697,106.15822402414729
109,2.925938739378457,90.65213943958405,0.6038945787856911,2,2.673041832056795,101.23692596647692,0.7370548270402403,2,3.855884096916526,120.93330294167974,3.270520643601703,164.3248240717893
110,2.9952901326022987,90.42560364691562,0.6191012981861131,2,2.734731331686578,93.13402159258762,0.6058967891422118,2,3.339251810589985,91.38839974171458,2.7849360017825,105.37513730210703
111,3.025151248620313,69.35569683530784,0.5796416874201973,2,2.782567350473166,91.64829896322377,0.6213577858417423,2,3.2369729201948902,121.300881225355,3.1535229076699265,101.80941517312091
112,2.253899495172288,33.42305822642545,0.4421133628900462,2,2.061181570564938,71.7912761260852,0.5493381904375105,2,2.7919984354103025,90.86059704501571,2.3314054957440438,94.67298898483328
113,2.17712078417453,37.33306650941627,0.3994354629132879,2,2.490204993744798,91.49249404548783,0.5247128356866453,2,2.6690292951412946,117.38817723320348,3.077101454615904,101.81857988848279
114,2.904138179669201,73.51207018208216,0.5916202298465778,2,2.5127560897575707,92.87922649383533,0.6639906716611026,2,3.7924204398078403,115.96316670928299,2.8390192013932003,116.20575923441233
115,2.6036414901604967,90.52598948635521,0.5649742108583369,2,2.756334220370222,92.38311888930909,0.6674878141588318,2,4.1143874755528795,120.80188038545549,2.8494825269531123,117.71746443535942
116,2.5927035060147956,56.813403196776946,0.48105907746204973,2,2.676959651612382,92.05759328645989,0.5929652720335099,2,3.1811593286952093,91.86200870744999,2.771521069834361,104.8631798669002
117,3.69154192926215,65.00102780650047,0.7115623876712394,2,2.8494476941808458,115.3540030742515,0.8176057807403546,2,3.8012405174178046,106.54873409039332,2.8369410383769127,101.8009325223059
118,2.188493044254166,69.00159586767393,0.44446483784262136,2,2.717126118067134,91.32293024288174,0.5850990114137696,2,2.5085402673983817,90.38061458678074,3.2267154505530606,101.97225542355956
119,2.5646866927741865,36.974419278193835,0.5094872695551186,2,2.710929872942027,91.38951008666301,0.6883667989486429,2,2.9100800070838266,96.5156645657531,3.02598754831551,117.9775564312312
120,2.7296787074837816,82.70226417462364,0.4661183436613505,2,2.4472203920820914,84.90794964062978,0.5494543329334158,2,4.229917535417018,93.53159264703164,3.252611398508984,137.42166966521373
121,2.337606540026303,64.31250109539329,0.5163319208165562,2,2.6430513681395653,87.95411160138218,0.7083295945332276,2,2.4809063479405937,109.9540059105257,2.872487342358417,126.17955122359457
122,2.445562381850518,91.16812818165957,0.4273391645743994,2,2.647710356319501,92.4171549580406,0.5807797119366096,2,3.913338408048255,92.3312147825549,2.851521146161841,123.83796882267163
123,3.193294352569052,58.22112166218176,0.6447401713476846,2,2.792068394154012,79.91154996864668,0.6712931892094773,2,3.9505505654875255,151.25627764668397,2.79630174082225,99.74645822144085
124,2.3145328354999037,58.2629690427857,0.4381542151066974,2,2.61075482336292,91.3313402382195,0.6623815874992499,2,4.114181419430561,92.95640073677379,2.828854201376006,114.37971391219308
125,3.1265108718870183,54.823961871559426,0.6404787325758808,2,2.774327720671997,91.19757086927316,0.7000071223399833,2,3.680840030605097,102.4096484417122,2.777729778155703,93.6652347164231
126,3.3437118849788097,90.7235888501699,0.6038367626528272,2,2.83064721587652,91.51572921621049,0.7257971336840146,2,3.5836399368582446,97.06621674373721,2.8153615287934914,100.7984578524287
127,3.1607170595409535,90.61400497113151,0.6367710775238304,2,2.815526062016501,99.13534547507342,0.7474135879887192,2,3.2738453785556434,100.89330471136167,3.270775046652947,162.8052132399917
128,2.9491692814336496,35.43465247844235,0.4042585682757017,2,2.7451248735655245,93.2129563798195,0.5971156915637771,2,3.718316106867444,91.74388999813777,2.840768322964077,115.30131383943747
129,2.472577872262985,72.66945042122138,0.3820063251657184,2,2.4847268148028965,93.48913843976399,0.4914860977738932,2,2.9290032285025194,98.27349059875836,2.831079312853721,90.48566814210076
130,3.0554125740554254,58.46479405756257,0.5691440745640766,2,2.6428062654937294,78.52687127135106,0.629065208654382,2,3.427758093805504,107.62564655410975,3.085128866218489,92.41783112564876
131,2.9848210709931338,42.06428230177087,0.4319976617272884,2,2.8321699070777364,76.18878570047632,0.5389574667401237,2,3.353566985985478,95.39249131533029,3.2811455229289184,90.35374309177692
132,2.9193421255374763,90.63328971736082,0.5571344734860544,2,2.774049373599892,91.21268247686778,0.6946761275550983,2,3.3912365652458263,102.08352949916565,3.2383274215366487,126.8943532509692
133,2.034311143320303,64.87417153654951,0.36242542795081784,2,2.6720065438332115,59.39903981761311,0.5789461981796126,2,2.956961859913729,90.95127591880085,2.98381525118541,92.19732599699081
134,2.2472174626219825,62.341961222201384,0.3850171419806279,2,2.6887890731003767,87.0609729527009,0.6003935339237972,2,3.385475524920557,126.78279002005947,2.7218012828536655,105.97848957355154
135,3.000757451065933,65.3423116393016,0.6242577569533614,2,2.7152832669521003,105.07334353810796,0.6888911756988486,2,4.208043308534447,123.1309171096259,3.2708267356609384,168.4730154009857
136,2.855078876808872,90.41358700781424,0.5611498558206244,2,2.377153569564808,73.46177185188681,0.5141215853121647,2,4.0749459274327515,92.20225803458489,3.250547803505715,136.11481479733945
137,3.179011697411859,41.476866405516624,0.5493297113332534,2,2.80645647924683,97.95452806058286,0.7171742489318995,2,4.084381752345059,92.63637130075597,2.827358487310805,106.31484355989858
138,2.378298281825109,68.096738871763,0.46837978312313977,2,2.71389922480542,89.95462725483219,0.5181659116968331,2,3.31598827624821,104.07365832910624,2.802624520452748,111.68110370871906
139,3.164430608359778,90.86022509717216,0.5693339235571797,2,2.7681118044124653,91.43850889401786,0.6775620367354838,2,3.5579709405154993,108.0943972390452,3.246823944076287,134.91703755890651
140,3.5753784669148536,79.49131925316328,0.6487503019670146,2,2.8299910818710283,102.82958765972855,0.7858797756279894,2,3.7860291512873245,110.71349035298559,3.270824729396007,164.70909463902598
141,3.1945859741339846,90.60591261332978,0.6465287468862632,2,2.726741735624056,100.85418183114957,0.6896383458098462,2,3.899738800154452,125.92761069428366,2.8553966388220244,127.36505097546069
142,2.869690368572489,90.91901174305877,0.5063240071439046,2,2.620013798361086,95.17398295472161,0.42419900881468475,2,3.3755882034204587,90.55854911232157,3.0934159056549255,91.75473681325698
143,3.4227337480846067,90.52923532185888,0.6113737655305134,2,2.8222515687760694,101.764094443529,0.7693471971244799,2,3.796055367487862,117.44374291344371,3.2706138577349106,165.81335970221429
144,2.534415721294908,49.41459183163662,0.4900274170169102,2,2.6642653673310552,91.09704808242759,0.6416188490795464,2,3.447169736247151,90.63964097467077,2.695620185019249,92.18333781309279
145,1.58513951821632,61.856731213362316,0.35814897221238023,2,2.6625051990273314,91.31041000956789,0.5338632882218484,2,2.881679021687765,100.22240546268067,2.822361019026875,119.81341650001353
146,3.1823929762244147,85.33006978409128,0.6049595823680476,2,2.7265856576897027,91.88151364405924,0.6247203744829726,2,3.881168687169097,152.81470993413825,2.8545602653584883,127.40313439598756
147,2.276874519934835,69.7430001877834,0.3493231138134829,2,2.2284862172234456,54.22036235537437,0.3969310979160148,2,2.948948804725938,97.09255804054561,2.8301026960393227,91.53064586310218
148,1.8662985266725305,38.441639920936495,0.40957542743739883,2,2.571113082055823,67.46585383745675,0.5011674559623325,2,2.7128901222158306,93.15450646272768,2.447458436180453,92.14311363894879
149,3.118946446859182,51.727961687565944,0.6137560873331311,2,2.8049117690595162,108.16287695212613,0.7335622722507396,2,3.5313381760007054,96.01054178674107,2.83719240690557,106.85675531887115
150,2.528499789948855,39.37041403854298,0.46742360377540076,2,2.5028206532107906,79.85321173257142,0.5037201032109695,2,3.1184228825300693,90.6924794177702,2.6824172345546833,105.22406719523588
151,2.146237637635633,57.67976482137512,0.4539539189421437,2,2.27741596667216,67.97537437738377,0.5506015496240602,2,3.8721371911118996,92.14744994688672,3.24308535231477,93.71522999288425
152,2.892235330302211,64.93214457388584,0.4894751091412394,2,2.8192433854099783,92.26932430834312,0.6818128651835024,2,3.7396623164568084,113.33005666177516,2.748282819506299,93.63912785337688
153,2.4035645490363096,88.9758393235471,0.5333360252812711,2,2.624124328363633,90.52722626889614,0.6991601943629521,2,2.927034787206257,91.04045235071848,2.6563592172644106,101.13819885197584
154,3.383865913583001,45.14693782022167,0.5702599125906987,2,2.830859931546601,91.28673390834678,0.7660353814767915,2,3.9692016271548995,90.73820997613922,2.844791901711913,109.20776660128676
155,3.4748718796728926,82.05659171191519,0.5598936117706914,2,2.7577174292718127,94.80097286229879,0.7024019621362705,2,4.33024669339558,92.87900190687897,2.841606091942359,117.04500039211936
156,2.175001694710926,89.99347430565429,0.42525807028772605,2,2.5833535682284197,70.26297233366736,0.499305353572683,2,2.7764603290448537,90.41602524605554,3.187898609137502,93.34961718347233
157,2.963602364754671,90.466388583242,0.5281046573312411,2,2.741964240581609,91.21775948898794,0.6523892285517613,2,3.4046435516444573,93.47417484595059,2.7998563304218043,99.27208848360279
158,3.2692465028211424,90.64418412216149,0.6321222601098354,2,2.7880457101164966,91.2250099770772,0.6936007371877909,2,3.8980297876181074,125.31110875730508,3.2706189837198845,165.69642422837083
159,2.074210566509405,89.70871701372835,0.46113812133361615,2,2.107641559879558,96.71986699974036,0.6679821379030338,2,3.670422231710889,118.70415853407195,2.8245452082070126,125.62334754155076
160,3.315557480360781,90.65440131104984,0.6492516229651808,2,2.840809090396251,91.18222809906587,0.809372522207552,2,3.76260747912276,118.50288194948608,3.2705569957754554,167.87208695958898
161,3.565160394031753,97.42688950838927,0.6867387280043373,2,2.8034247349906263,108.47795809995223,0.7267214722041427,2,3.913802107561453,128.9112847764332,2.8555241976303196,129.67072819169246
162,1.9704059059961148,77.41787384336621,0.42329834086832774,2,2.6409897304653187,73.63238151039195,0.5677908012480644,2,3.577441381599987,112.31542096298722,2.826246061302555,118.6684133081984
163,3.332121220174578,85.36431312037729,0.6956098740234464,2,2.764992439661973,112.14271100977138,0.7687617196833332,2,3.8307001083790864,123.61062133989054,2.8529014837628544,124.79282953917041
164,2.7070282549134337,46.54004848324108,0.44202708345106295,2,2.718536536974433,75.6214401737267,0.588121412521021,2,3.390785090050008,98.8071273219805,2.729908268560295,96.8725958094164
165,1.8584990544986704,41.75797417187425,0.39868120897044945,2,2.5994160880333146,91.18021982337014,0.6214731218936288,2,2.909819312011769,91.21599206482516,2.826472503349715,122.59420120078761
166,2.5846342347563533,47.36689197807116,0.4563953717009984,2,2.745756653955753,73.974905757645,0.6232949318070826,2,3.267252561465301,119.77012372231022,3.230959777661447,91.26569815684084
167,2.823859219117821,90.53675462537049,0.5528234713864295,2,2.795471311175868,91.25768898182174,0.7389908866384454,2,3.6559355995243643,107.52393336412617,3.2458578558888727,140.90048718478505
168,2.855635315473954,65.7557587865444,0.6044438259793187,2,2.7951477365452453,91.2582123882081,0.728314171034271,2,3.4721811853178215,98.06161630301901,2.7989678784766663,94.70983149720261
169,3.2213821019314195,90.69631222387318,0.6060104763494282,2,2.790821728859914,79.9074568765204,0.6959027394062005,2,3.5324732724903773,99.73421928132072,2.809134159543625,99.21436977265992
170,2.6336741346949712,82.30201368589155,0.5066033165706556,2,2.6796128602347777,104.81229715078958,0.725608479098018,2,3.901220178982957,95.79815789813676,2.834301674074326,107.0324091720539
171,2.4460820468049747,63.48662116779545,0.4646381147047111,2,2.750937273845976,70.4839397412222,0.4267411003476994,2,3.193527054715417,90.24785758187434,2.723361789794993,95.4437254103792
172,3.289143861154984,81.34290617324214,0.6617559586035059,2,2.843449931418552,100.70176088777164,0.7874761250962499,2,4.237567874130139,92.73489719726156,3.3457935698911783,96.50229592621126
173,1.952178644871148,16.629230240741265,0.19016576507618627,2,2.568992119295399,89.53644407864135,0.4995740682618255,2,2.3211244151618615,91.91301007030907,2.5618330297667886,90.80870159190502
174,2.4884641349088583,85.28555888455502,0.4662908738119919,2,2.4507243572367745,90.82100821123633,0.6632085829898295,2,3.4852309680213374,96.20659619213636,3.251204687977273,90.25551734665527
175,2.200396093950753,56.54776042808459,0.390030924202678,2,2.6407918203039853,95.54495167652965,0.5805937409607951,2,3.4751521735348057,128.33013085387864,3.2700622666774177,129.9414758226134
176,3.157093246690416,47.546037221360535,0.6504465550149757,2,2.4142169153400754,92.21642440727041,0.7094064787271328,2,4.4092397770381915,102.50681198177746,3.270485589517777,164.3156253889436
177,2.5329978553300023,86.45122420209017,0.5345590722837787,2,2.6911957508875988,91.85552544282906,0.5865210025895435,2,3.23049941962404,91.23403276151811,2.84513712132178,121.24208824937966
178,2.8324896472792074,74.80432550836444,0.5632168232119162,2,2.489620543814035,64.39500619464997,0.594250428289819,2,3.3130815107399103,90.15800074338088,3.2292316413737376,90.30607782957239
179,3.573729274478597,84.14197725372478,0.6800381378529927,2,2.834909509613416,97.95914823979517,0.7977135521272473,2,3.835586276253318,116.72257465668034,2.84918879916425,118.76970330842161
180,2.9903571737087784,44.81257518465503,0.5800148086523247,2,2.690713720063115,53.27386332506651,0.5307791558117311,2,3.5998357576772495,95.11325905370204,2.848122843322062,90.9747995497829
181,2.825443444787027,49.18741462084178,0.515290076650894,2,2.498729396703519,92.79868725445178,0.5070131737265181,2,3.2101173629879503,90.59068309747855,2.9415107754455274,93.30537740542486
182,2.5685566939457773,86.20293977198835,0.46913925840824544,2,2.59436305361686,59.01887670593579,0.5886473846033726,2,3.050834362144479,90.45478225891772,3.207902662606118,90.323867036613
183,3.3104812778959927,84.42094417935823,0.6254005617039625,2,2.74223667179743,91.20811779476277,0.6952736594832156,2,4.382830876995317,159.70206822854598,2.856256216685747,131.93267554921422
184,3.400113511225955,65.79484035418463,0.5815103052197129,2,2.7957660332821113,91.23477602310719,0.6782134400688266,2,4.151470554341797,90.9379110590184,3.5645646845354686,90.29543527216619
185,2.8018633902632613,69.25485044798717,0.5817684058024916,2,2.8201565686661105,85.949140281754,0.7520978734052342,2,3.091192808812602,94.2590679064773,3.263245680220078,112.22340590511817
186,2.955655888910252,90.44415422006544,0.611871441954384,2,2.6896374015472624,91.04131745186749,0.7589032239978843,2,4.29793495551489,151.2223966925869,3.261739434554073,118.98847821272071
187,3.1186933017999303,90.88457049526887,0.5670846462323247,2,2.766364324194352,91.32131168665325,0.6905708252080127,2,3.508161146467534,110.38248121408635,2.840365254674848,118.35254865769205
188,3.085200918716309,91.07651890060977,0.5652878893762815,2,2.813017470777298,115.18729928781923,0.7909301646141631,2,3.9038416676085546,91.93700424418178,2.8468334476380903,113.77429671915063
189,3.296571543136475,66.41348013576999,0.5693762742273466,2,2.795402796990568,91.4255731718617,0.6713974865208547,2,4.013486473226832,91.81563323340981,3.242729881315521,92.01563994690132
190,3.0045185778625743,51.272470322938524,0.5407619370057952,2,2.8292065196761085,91.3133396510249,0.7484268171538431,2,3.0940593374128142,93.65361907768184,3.136231588092754,136.35753944700934
191,3.075752954844612,52.89086595313586,0.6054564012044684,2,2.827966545052118,91.27031755334973,0.7442488831299787,2,3.304982941786101,101.88974507478004,2.838130991978385,114.87708805887101
192,3.7207379305592276,90.53614297155048,0.7191102913634084,2,2.840183958334899,104.92151294171427,0.800128249934352,2,3.8434125562158616,97.75727521947407,2.8356843169891306,108.50946915941958
193,2.2315258668198457,43.23444278734946,0.4847588034341995,2,2.6547337489485727,91.10234250929159,0.6573100351012844,2,2.6876445328764884,99.33696931830745,2.622095085306237,108.23241480397624
194,2.413092395132345,45.63946662117631,0.4676266025031469,2,2.5292030045736276,82.75111637860977,0.546617089230311,2,2.520429933304264,124.50117805673328,2.876501579909051,136.56847117861093
195,3.314186468337138,90.59392894049145,0.649217198492715,2,2.648057562624273,91.27722465122655,0.6715158341668485,2,3.6659422539230113,108.50654743631996,3.263291399758948,110.16784818369322
196,2.6900392560079713,75.77399719693484,0.5198690388836117,2,2.663948482578729,91.41597190033445,0.5768209495753008,2,3.185920572986927,90.19969636429026,2.817959631117268,119.22956108835452
197,2.968372010679016,88.24221915635917,0.5435971800238841,2,2.644335662073307,111.25058120883055,0.7055356316691889,2,3.5750451362657922,111.19550292465371,2.85135746619763,122.5297753832234
198,3.393432127898166,90.66306830159255,0.6121363826241704,2,2.8266802277772123,104.59994893558704,0.7791253336119177,2,3.585521778041556,96.8822637499873,3.2732522610678894,150.72860432693201
199,2.668568210152917,49.448567792175474,0.5614977526407177,2,2.6957307602740928,75.64119140182737,0.5877743416517762,2,3.612432498043919,106.88031083731845,3.2201050466218786,91.26398751440712
200,3.0761840932505944,58.46658649224991,0.5873639593959334,2,2.6731847030478075,102.69906455194678,0.7019808251513832,2,4.191760868264967,92.56221528596191,2.8429900638115626,115.40714344102423
201,2.942183222430022,90.65511658108836,0.5182084536195635,2,2.7551487516503985,91.18600789103803,0.6969192254435173,2,3.7599932160497,114.94683268973877,2.8440828212301397,117.81310813135582
202,2.3242577635427604,56.55058299480137,0.4776195223685552,2,2.631585568150257,91.56422596594611,0.5984809370258477,2,2.6928962101809404,137.67223715785744,2.9781286128676268,93.11710745169354
203,3.7136702171293092,90.60456753869592,0.7351220945653437,2,2.845526423880719,114.00992079526291,0.8200930357463472,2,4.31891024930355,92.92153189390764,3.2703523641215324,170.83681494336167
204,3.6754388318585662,90.60269741788866,0.6923836548779221,2,2.7833457759903477,110.18245584552871,0.7499982920629842,2,3.847863016186785,106.83243020472386,2.843155614418087,109.54528368546521
205,2.363630949211834,82.32993899771726,0.5691757252938864,2,2.751404720518438,104.72554966102958,0.7138875998621367,2,4.061696344899321,92.90059070301949,2.8518909313637,124.01857172892124
206,3.347007015853627,90.79995191000386,0.5809208107051356,2,2.8565783670141385,75.80231527814199,0.5498984430699909,2,3.888177430316905,90.1564744488292,2.757089682259661,98.89080741223586
207,3.2978140472814195,81.88645107000323,0.6113690155908431,2,2.7477411346288916,91.23986765176811,0.6800947059909126,2,4.019887505832216,145.8595639178452,3.2226387013650757,91.91646809953049
208,3.2905941219980686,54.679561219558245,0.6058440758769716,2,2.7288471799667238,107.81329539081057,0.6965473403066146,2,3.6969106642204763,105.99379700721013,3.2721431807344183,142.50942820960225
209,3.4945838800154445,90.63676033921809,0.7259015586237889,2,2.7894228788447784,121.24382666510034,0.7978055972591651,2,3.9085473677109444,127.28222211480823,2.85609045279031,131.1064612095463
210,2.321686468298757,90.12195491874589,0.45712592986971506,2,2.6509834674162325,57.016665055974826,0.5948319046858421,2,3.501838086122539,106.92427710417324,2.8112847702887307,118.4713570176186
211,2.952112467930616,90.6507384686711,0.5794631667104343,2,2.778671069374834,91.21680444622034,0.6903310000263706,2,3.9073523692242853,91.43257774462401,3.261883002727964,92.64389313853601
212,3.1503667038168643,41.30794899185523,0.4702320014231833,2,2.4939061878272493,94.61584485094052,0.6003464278353124,2,4.037489386092431,100.27782030509809,3.2759965222811753,113.10140396802308
213,3.0862334968869343,90.50284131044218,0.6128684955610146,2,2.7994387461907766,105.2562456854588,0.7382879240624093,2,3.5208896130474194,90.29449898700553,3.7516079667346776,90.24187558017327
214,3.4442888397579408,90.64898691097801,0.6537962131478714,2,2.8243572569883284,110.2276814057099,0.7779705692816918,2,3.703098317305843,97.34917939601263,3.273212022606426,161.81431282346918
215,3.209866344177002,90.59849275381352,0.6110438569469596,2,2.832512447152218,120.39812298780816,0.78453638385201,2,3.7387510153748345,123.65873741162913,3.2740496832537955,166.15675740264186
216,3.655755540951059,63.84714416360489,0.7192531030643567,2,2.837581045791538,122.19028801274804,0.8245983902256897,2,4.392633020420073,95.1763690334015,2.852656044541214,123.99812007449064
217,3.6869858485466613,90.63734192595754,0.7311179596658713,2,2.8470704874442285,111.82024398477117,0.8091735209228933,2,4.310051412980284,130.9092823963339,2.8242933077484467,98.58457485144415
218,2.9433603917007236,91.01458609209683,0.4691775267948626,2,2.7706463005008244,91.33787366565556,0.6873302422376729,2,3.8836114992042976,122.99577525369602,3.2708067845113753,166.92426234713292
219,3.2644552069676354,90.97638957133137,0.6207378663320611,2,2.7901771512394253,91.39005034024353,0.7426889022482072,2,3.856680479443991,112.04888637442106,3.155016344243684,106.46999189670984
220,1.654903158936626,51.630778503500245,0.3632084915949506,2,2.452615217805579,90.78728371124197,0.48717627349621334,2,2.7368074861676175,98.57366887249762,2.9839551373672966,114.01017848852548
221,3.6417902843588155,90.63299712182516,0.7446726784737939,2,2.830182656081316,102.77889179139524,0.7953816665156808,2,4.518583318921862,113.43177091951061,2.855959879599433,130.88752206039234
222,3.549684221335484,59.597202632686106,0.6102324606575684,2,2.823534508443869,91.2382147129811,0.7571433837577567,2,4.311956116237688,99.69958378057378,2.8487523530343615,117.374468269985
223,3.0599244951314506,75.79094520639929,0.44745712726758863,2,2.8018011223690444,104.38812064370902,0.722435142799386,2,3.3112045470222404,91.90271058092078,3.334353903564778,113.39442605357583
224,3.2444956461472856,45.87133484451207,0.646681909482713,2,2.8127485087626134,68.51291957729042,0.696061631516767,2,3.050860127971804,101.7960064723137,3.130686051122736,127.98384074172367
225,2.956223469166752,61.6595120288526,0.6409799659998818,2,2.8040887499288014,98.41914467355821,0.7739367532080164,2,3.9081402603892297,90.76077380489197,2.8260604706320884,112.64536653467538
226,2.196565151195833,72.2369834266602,0.5399947699453844,2,2.5453217513561484,105.4457243744999,0.6751673387736149,2,3.6900638411221096,116.16443701861161,2.848330197039384,121.43259415947256
227,2.4492126665275213,83.27322523171425,0.48410498571387195,2,2.5862102114961942,95.35517239763286,0.5675268275170171,2,3.3455659308758694,110.28088565461248,3.2704814373669304,150.5134387433989
228,3.5212475956636964,90.63635922519806,0.6801072525344909,2,2.847381800194933,117.52190147160312,0.8500436232710022,2,4.28629408770778,153.3714699071131,2.852702975533772,119.68232845102905
229,1.8413292026436134,42.45632163302156,0.3030532404435707,2,2.455425094957734,65.25084122916539,0.32170248761763687,2,2.256673621010914,116.38818151957352,2.5975726993500055,90.36035310693566
230,2.7256797574264784,65.91340404473918,0.49820839984695975,2,2.6931821714531994,91.39467825630291,0.6310643154486255,2,3.3575292424068235,90.24128819106737,2.8102041233251867,100.33050761784764
231,2.3229604200069254,38.9023673319113,0.4541194730491087,2,2.647685813570283,91.19622211097298,0.6201499505732303,2,2.8231304094380674,90.14372839003124,2.6693200291813977,93.58584184319623
232,2.506407211935043,66.62665366223627,0.42858241209829784,2,2.602174370392312,91.99418755263542,0.5519208856644635,2,3.6777856075526314,112.6057325212794,3.2600126561294025,94.10578038264
233,3.5842044072593375,90.66596080319859,0.704660325126587,2,2.8540068419965845,120.41201561487539,0.861211807919682,2,3.681739999875777,91.54679601106723,2.827755068509883,103.22639810793835
234,2.7709902200708045,56.40585488886102,0.4956071467870858,2,2.7243379219583153,94.04931210043833,0.5136990710233968,2,3.2129468116927278,93.2373287520116,3.2335207440111935,91.76353417869944
235,3.185728723790382,84.9562764240453,0.6666187121338617,2,2.8357796625704665,107.89596744475215,0.7753835352811906,2,3.4676924897880284,90.93016536642118,3.270588271329735,150.39317260603283
236,3.1358253775937324,76.46616829748949,0.5857658179428306,2,2.680257097437787,91.30031900513707,0.6358246410318766,2,4.178667211410822,93.0395420024774,3.2685357832872657,119.36080200761265
237,2.687103036151127,48.07588882775014,0.4242476573711026,2,2.7263430924463616,91.6691006020587,0.5845988904121909,2,3.395688365845149,101.79049928364815,2.741045261269503,99.01306004352817
238,3.2927154148280287,86.3501951972149,0.5875392327181994,2,2.7430939686188736,97.81008675367433,0.6953034989162831,2,3.8220215477285,115.60705300606637,2.85290206458054,123.20691100212156
239,2.3158921620427697,84.69454314186383,0.4018367355057559,2,2.740775964628441,67.87901649821234,0.5734619416781326,2,2.5379616213464824,91.0154369992234,2.7906027413388976,116.47549989452742
240,2.534812997376284,89.05523249626734,0.48721291484446,2,2.5500427850671477,92.7985076321241,0.5707880473282058,2,3.3745035212014853,111.61566210252295,2.8513484244009657,125.71422301225665
241,2.293307659149656,82.75731910981347,0.5571456537412934,2,2.439588233968655,102.55331129951217,0.694101783021302,2,3.072692337772764,129.66635774442108,2.5113066401870556,116.75971535872281
242,3.0657668533874567,76.16932387157459,0.4496869143802069,2,2.7591342594242234,88.09191103988036,0.6028213992504292,2,3.6022199895229536,99.7690870991498,3.216740194862141,130.96667783850492
243,2.429216358266267,90.77574530871262,0.5120186795648788,2,2.546052357981339,93.00930297298382,0.5862932551920025,2,3.8038760525638637,118.32794104758608,2.833702532901063,115.86496188568336
244,3.2542599054363164,90.63680732322011,0.6971506338975041,2,2.826520148539646,112.6363310575382,0.7988680638460633,2,4.030302554588914,97.70534043286736,2.8499266856252916,114.22038223270881
245,2.6341855084361536,54.53617199407337,0.5194426431326111,2,2.7820808949231832,98.03872362659963,0.7094505138726037,2,3.562755061224922,91.66245447073835,3.2704302765859823,142.2110393933386
246,2.959264223044659,90.72248355802193,0.6178438778601991,2,2.8345463131713053,99.27999588136818,0.7708731400830513,2,3.479824289333916,93.86073016853362,3.271607279063475,131.35270826483475
247,2.658724812886351,40.825349745677585,0.3883501241345289,2,2.7037063237781154,92.65019965952754,0.5903388042400803,2,3.014714885146266,95.01014258614732,3.0651877817721904,90.81318107391603
248,3.1876535564704023,89.41273019604488,0.5009067822230538,2,2.715173742092408,90.29463622445525,0.6366778740429743,2,4.270694726760828,117.82946044711693,3.2650119643350637,94.12028041823108
249,2.8846270627528225,90.59422200811991,0.5102899633250532,2,2.769453248820676,91.39673491637366,0.6968471030374007,2,3.4582283166512076,97.55333075031949,2.8198901915365258,102.41942718142886
250,3.2373773555588086,90.61034761423987,0.6249231798533209,2,2.706858466301733,91.20481906482881,0.673049654128195,2,3.9751049234206253,146.8157843611789,3.2381010350476,92.90056561812986
251,2.91791846800924,47.06034365640133,0.5510091166594738,2,2.649913677496049,93.74525474706795,0.5127012570966296,2,3.2472123952821996,91.69055520038205,3.2617681744551823,92.57387149053925
252,3.6383627003960375,90.65374998912502,0.6745778509779344,2,2.7274261113583025,93.62765311126837,0.6830304868349327,2,3.907202417717877,128.9156482729655,3.270291589115268,171.3808219679
253,2.6066939817808406,47.25515801401912,0.4838253895519922,2,2.716147528107077,91.20833800531815,0.6123764856774334,2,3.0828302784678208,132.60180418767507,3.11631624789662,90.77799911570624
254,2.9706032989537237,44.77146132968344,0.5142739577791653,2,2.7938644125438215,79.47488988367667,0.689683820666886,2,3.7682684955505157,90.11054881672423,3.270726282713463,91.49223175668632
255,2.770245230675644,48.09240469974458,0.3902651905259823,2,2.7366744805146914,80.79453368577374,0.6210080189872922,2,3.691804397612834,92.03874335241045,2.830682682723399,116.70302319311854
256,3.4851701875989067,91.15756454303107,0.6363291990284412,2,2.8488017688967306,94.05421575481371,0.6503012803662955,2,4.198052962046368,90.61447613990552,3.3499417540914824,90.60732109040949
257,2.609105307469686,48.2811246514198,0.6104139220583423,2,2.682992194283871,113.97209488259513,0.7753082603212014,2,3.7953718450852607,121.17987351839243,3.2706669307793157,164.50025839274554
258,2.6702924992391748,79.71492426765228,0.51165642941541,2,2.8062120431337867,101.77361593671301,0.7183803894935725,2,2.9576125402568407,92.27025523723432,3.514858622314941,90.28451653902731
259,1.631593056269668,51.753992315011345,0.3637256766280704,2,1.9857238795937862,41.6610268171015,0.47431140610406186,2,1.8023512848225105,137.53367518379184,2.1325151913815668,101.95773395406013
260,2.7452186691188394,79.5208193372047,0.48021774215498303,2,2.9226534768593857,95.24064202807995,0.47060485313427164,2,3.2312521412155304,98.98278029176215,3.0091503683017953,90.47058301521686
261,3.313816455942659,90.88741905436538,0.6416347709053203,2,2.8003268037627755,91.35628390005061,0.734127098512686,2,3.5897341447620654,116.55023465204042,3.2208910767331265,156.12733818653456
262,3.343255190679475,90.72159733032669,0.635770279754295,2,2.844146196061619,107.95087315809668,0.793532929312455,2,3.7504615495840095,108.22124123097024,3.2955209399290424,139.89135690784917
263,2.445605593516704,69.2573320624529,0.5151978966134683,2,2.464363590706887,92.0820645886536,0.5878936068887308,2,3.1666882215904817,90.19016525086695,2.825447374318629,109.31320221501126
264,3.4565028603152244,90.59942511887061,0.6545325306760073,2,2.7489092891685023,113.48567799869421,0.7696421401092446,2,3.869610109448429,118.95326355985297,2.854418958312499,126.86896418588293
265,2.776706783216,83.84770421816641,0.507145583662868,2,2.763378124264685,102.71897756157749,0.7006670751389221,2,3.2569503372941258,90.7126268381123,3.141983493260489,113.2628742383534
266,2.5374428839436605,83.64809681590387,0.47501079211852754,2,2.601565377878965,93.28161928970916,0.5518163676080667,2,3.783284782508309,120.79761098233358,2.849939614533108,123.57326741885291
267,2.817729330818833,75.3571510691688,0.44635557118771724,2,2.7522771272598217,91.71356620723067,0.590769554174555,2,3.344085410056158,92.75039773138501,2.7772739353738713,100.70032973390393
268,3.368732936691416,90.9026641299233,0.6097030052771284,2,2.842772845209513,113.14202058727841,0.8146531024829263,2,3.708181495049374,104.87866650351786,2.8443791895464092,111.5191200508658
269,2.6264564992700508,85.28207212080775,0.4968050754109722,2,2.7631678763006384,91.26403802925326,0.6611074020094002,2,3.159839693891973,98.35477064124157,3.671311717058661,90.22956417392483
270,3.453183520364494,90.5995109630337,0.6386153407220543,2,2.7537406090252268,110.4005067871239,0.6876919669457301,2,3.877460567890677,119.98095244495865,3.2708028303907235,168.56659149873784
271,2.4053611255461997,50.46522457188473,0.47743980517372975,2,2.5388820823702374,40.27613757773204,0.3998334582054274,2,3.505324206187731,90.67386301174922,3.026418708256933,91.7048531677524
272,2.5652182904949936,48.88888278310604,0.4557669528623041,2,2.716625012666502,91.74559258106405,0.6230781143715513,2,3.610122404575284,91.16455693109071,2.74983804624511,93.60415246171966
273,1.7917358855493717,41.64944302610966,0.32415941485125427,2,2.344498297985475,53.348495013364044,0.4812537119493773,2,1.8810702909209525,103.00010161951718,2.439260075382093,92.56552024618473
274,2.1936700799656417,91.17272820438166,0.5111510218427027,2,2.720252012289485,104.90987572876182,0.6829353242953448,2,4.431156436931628,153.45501858376895,3.270515813622642,168.60430331676392
275,2.60111645384054,90.62972532021375,0.6189803550703472,2,2.8191673511883097,102.75817157779177,0.7667418643297351,2,4.4116517165843705,110.3316100569897,2.852906092170585,125.06979021790875
276,2.943556071469998,52.64786408587684,0.5152208460207346,2,2.773884192278623,92.07700516717338,0.6545162212747276,2,3.4605284963246765,90.41557835505549,2.710644734234145,94.66968685539908
277,2.9228810345060614,75.22922398524224,0.6577806280572425,2,2.735047844504792,112.4082350256067,0.7633456717572028,2,3.840016619079919,120.47689515262978,3.2704501835218607,169.29193134857852
278,2.2349070710456638,85.9910682876835,0.4041016456044232,2,1.9385911303494647,94.17771695671354,0.5800592978326553,2,3.926222822039659,92.73875549974271,3.2683823733031803,127.51049359599075
279,2.9849267696904134,48.04309537640856,0.5816561229008033,2,2.73224096367652,65.44845249154177,0.6553477163678132,2,3.9141440837497012,92.24426290000817,2.7902693516578077,105.56737089942246
280,2.7947435290759532,90.37537100266309,0.6448749603983541,2,2.4909701304089453,109.6095095984422,0.7997042254273627,2,3.726760297173447,107.25096155269115,2.8325553863917188,108.38940157198013
281,2.886127247017434,64.24753990673354,0.5741967608312583,2,2.718438264459215,102.38574097893084,0.6787900118377125,2,3.62552366049715,120.00378346336751,2.8508382010495557,128.61197550443708
282,2.768346905593319,34.071047917235596,0.5157922265918795,2,2.7660280533782826,85.75820326951415,0.6753425690674,2,3.26435460151764,94.53994183294006,2.79962850530067,98.72432896754044
283,3.0999378339422736,48.134384612470235,0.6327191323797321,2,2.811780504356028,89.77186483263588,0.7416318867844982,2,3.156722546166152,91.8444008393317,2.673674384983767,116.86589912589083
284,2.398493239629831,65.40412495100877,0.45388451678852826,2,2.6572776372515103,91.52628943830362,0.5801522662141775,2,3.1211118762923875,96.63991460836401,2.781759592438415,104.52124389445
285,3.0485132577816096,75.28129026787944,0.5744607308925832,2,2.792182257480751,98.30521201665846,0.7091339727450934,2,4.109027219754198,128.14313972913408,2.815767342261078,98.00664613882829
286,1.757187048630052,48.46786998278098,0.5054669076927123,2,1.6997448766425431,92.00396878366251,0.5858696415945233,2,3.0413632071809573,90.56706199177304,2.7684672511552053,107.22704273002473
287,3.3059551280006056,48.953288860041404,0.6578859691232016,2,2.758006269259219,90.1406674812247,0.6214065197310253,2,4.445895807012639,90.11174442637302,3.265795073427473,93.62603906733052
288,3.062139406003541,90.11099966446037,0.520999669336873,2,2.9562282070779746,82.27992167591361,0.49593876055528363,2,3.5575395748556624,98.39417065003931,2.4649931883439065,92.3161872048513
289,2.776440592591787,60.19638874130627,0.46318171689113935,2,2.65294084918496,91.49817596774085,0.582174781584982,2,4.354925561470498,93.5502766925022,2.8381685419443348,120.10040609191883
290,2.7903899993494217,67.9820400563971,0.5551764394621378,2,2.697059362529306,93.91345567192928,0.583598774242875,2,3.3357234971285634,95.87583601831817,3.2726662064821825,149.64547019360077
291,2.5021951354618293,42.07190020601697,0.4045385594742344,2,2.7428149127895325,55.87852243913625,0.5904654323270877,2,3.1618399977513145,92.40725178121802,2.7162470514760226,100.36387841517224
292,2.905629929302283,95.46728011531307,0.5858084581433634,2,2.792756876872758,91.35441242398322,0.7343142333793816,2,3.428099304143393,137.81128833431353,2.826666323849735,121.52103463295872
293,2.736686706865081,77.838824363304,0.5124069822409223,2,2.7670465148412373,83.78893062044092,0.6518875888277802,2,3.548192307784983,91.57117369754667,3.2396720317313386,122.3160750339267
294,3.207875041324747,90.20378360206654,0.5808520921627007,2,2.763314861515833,91.14501286605064,0.7175054121439554,2,3.4379101584818463,95.7577262767529,3.232665896267908,129.6770527427719
295,2.897744000391083,51.16232882989721,0.5263809336523783,2,2.615369596691925,91.75738822092474,0.5049504165427534,2,3.700824248138855,103.3892094711441,2.703048161637035,108.71365543390795
296,2.421872116780597,51.904843367938746,0.5073162598497396,2,2.2264461215279745,90.90626507498268,0.4964075752525941,2,3.132331187657471,125.46801885205653,3.06529163466285,94.4619548956519
297,2.822360961978327,89.99928533556353,0.45946407592108884,2,2.7121698379667403,91.22233408612804,0.6168195171243411,2,3.3099981127875875,97.268231018217,2.7335131537643296,101.02131635883607
298,3.0383454442317035,90.60672234540735,0.606429094600419,2,2.7754969367033597,91.34982260355144,0.6762770123135915,2,3.8166135665240786,90.69561952440387,3.2556796135352317,92.33679237212927
299,3.3009153718052953,90.50890386739003,0.6463003817445557,2,2.829333628040241,106.0968520814558,0.7631956136693308,2,3.4481198336490873,91.44722927534575,3.2743810455207756,116.57002063914203
300,2.702984681985739,65.64541007699148,0.516223969426853,2,2.76847454948457,91.52487677663777,0.6421976840093757,2,3.150571380298285,102.21788840897474,2.299618070416729,119.78534187988463
301,3.1028177938970205,88.17851559728147,0.5285309525876911,2,2.8010094681590325,91.46624424722748,0.7075018491742979,2,4.0119269964521935,91.18738716105034,2.7838534237730754,92.92739070203216
302,2.7919793034936045,61.81343182097462,0.5726273171360065,2,2.7919329395876904,96.68672458965251,0.7379390064603546,2,3.9722771995279422,91.43584092462824,3.280352933014662,98.38325493474287
303,2.7164437676885087,90.79195800537528,0.4892284290744912,2,2.4889077943103097,91.12019116440487,0.5853275730427956,2,3.069820514289873,94.24074428994841,2.6879626330829653,112.16458116661161
304,2.751138851257348,90.3840428492284,0.5855227902086055,2,2.7064261166706176,91.21723327973314,0.7469233638720797,2,3.055796789933249,93.74914084217396,2.7848958835271684,92.47285115249419
305,3.2463066166017422,57.78726882472959,0.5579775045281753,2,2.7895719818586366,91.351886526786,0.6735574925363393,2,3.7679125478356577,111.98225758771247,2.7958507771932393,100.10240122154067
306,3.3304750685213875,54.44539200903631,0.4889253710785262,2,2.790915277311915,91.41878619879515,0.7089615223204762,2,4.388909466764086,145.05450686595412,3.2897173735660874,151.73057897832052
307,2.15632295209288,61.275899367564186,0.46505615548858864,2,2.588909960538971,93.97243384469516,0.5530268625687682,2,3.711319798168836,117.65967055506194,2.8394642917170336,121.20064267115173
308,2.5854133085871123,59.82520026370915,0.5829916525878365,2,2.9578744674947455,86.88350417280977,0.5021877663231467,2,3.0380729849100234,93.47709582861951,3.192259480406955,90.31404514057992
309,3.292877696588353,90.96114491892727,0.6550649297782092,2,2.8453401861584764,91.00115859254285,0.7803790314956526,2,3.6246758487354085,103.39617872903004,3.2809068240434986,128.34484720376386
310,3.4115039883458107,46.965186652893706,0.5875785231628234,2,2.8340440445397355,108.14375946241226,0.7570862736030743,2,4.228224776757084,92.83884807276873,3.2707909055665185,158.88844903690622
311,3.171971575051688,90.13624497355808,0.5042539017305443,2,2.5288806871587886,91.67318976874587,0.5487380669063274,2,3.551131331706652,98.87804736963918,3.0658128541870333,139.32385314596866
312,2.615031352561527,90.38443840774764,0.5267759709564324,2,2.741382604439773,91.20323855664634,0.693739101883019,2,3.024811384123796,91.55038622336014,3.1973710342207995,133.54439822082236
313,2.7416632510253485,70.6138166527659,0.4256062719418812,2,2.8054722159967493,91.65273513966874,0.6576819601068307,2,3.177782985662743,90.19360205515802,3.238361584314183,92.9351627572277
314,2.102263033990634,81.97565793740189,0.44436296871296443,2,2.6594367909772894,96.69912754082655,0.6095155799997004,2,4.178735260115296,101.33605549016552,3.2595519505279484,96.4433020095216
315,2.6783379035912183,90.45881426362173,0.5897449446926146,2,2.7211840882219036,91.16570781646037,0.6838613052408229,2,3.26375333107465,100.39775555665683,2.788927782862532,109.52632445055288
316,2.3679914346164685,53.90497308303105,0.3023759803046586,2,2.669079249377547,52.41122484067478,0.5070744455267938,2,2.7991157350497784,92.25218182824362,2.7818863337487847,91.00179592897278
317,3.071321462255355,91.68451825187039,0.48652819857173724,2,2.762839376690753,91.95201917312944,0.6560240105191618,2,3.7529806403953287,92.00517429730866,2.7543028682107007,103.96883558622386
318,3.289784992881752,57.593959620316745,0.627896760116728,2,2.8339071123938386,91.18234291331517,0.7880812796219299,2,3.896020741874733,119.64647458437824,2.824176226720006,98.35540673925207
319,2.907732868736801,90.59697403906262,0.4781783607178377,2,2.6449761851305893,95.15897295972812,0.6145438266937171,2,4.5015236687311,124.49122934326446,2.8558281081891908,130.68353601117633
320,3.0186734043123753,70.3091892131753,0.485601393192606,2,2.779885642341346,86.29307720558842,0.6188244065713149,2,3.451534465734781,101.05106619632225,2.7521491576261767,97.17779579844895
321,2.5628771869230933,87.38098457745305,0.5074186306762235,2,2.7223154455257443,96.68894021283946,0.686316598201916,2,3.122554587557959,90.34743741764271,2.829247081574347,105.53773989814206
322,2.6558413707550934,68.49774513733006,0.514825160738861,2,2.4280354952056076,70.71921407694659,0.5572838414079316,2,2.987073774185321,95.7956135472192,2.430889994891797,97.55597232830432
323,2.940350755591765,82.12465605352847,0.528394368861209,2,2.7126683256825164,91.26812385268904,0.6443964815219698,2,3.375747166616419,104.90154988319902,2.8245454661642877,112.95676485942465
324,3.2313519587583595,90.41278303816631,0.559109729477259,2,2.759500311330381,91.22663021404291,0.6441013693053039,2,3.46602416169943,91.21806400437094,2.7602113702450675,93.62623609946425
325,2.5622914738011833,90.74553313591859,0.5561138592860939,2,2.6495994377458243,98.41506939135675,0.6450485899016252,2,3.763625239414248,118.23558928678654,2.852450940580558,124.19312206795409
326,2.8963926506411224,66.97442290441931,0.42909776611155936,2,2.8771049706575145,91.74910523814238,0.5799360149688597,2,3.81223775151766,91.03451826437995,2.8142582298007017,103.4906992442551
327,3.0992674339134956,76.91334433646965,0.6188310604237646,2,2.869896320821005,93.8979999858913,0.6734865518768287,2,4.2795731663515415,99.48920874953612,2.83428450213064,107.12775053849917
328,3.8303443270981106,90.63407783781237,0.8028426381577884,2,2.8535609435588456,126.0655877610974,0.8779974687442529,2,4.443460913806482,159.34808025270928,2.84272078824859,122.98170325012684
329,2.4790625943867637,47.122863412349986,0.4768238745827787,2,2.2305663603274093,84.47469935604973,0.653197025164788,2,3.608793798692206,110.86629850012379,2.825757554709792,113.81774770397962
330,2.1530965742833756,37.957504544350584,0.40896114729862254,2,2.436255756882016,64.79868828924864,0.6161963770531265,2,3.0714106442035956,103.21910577875921,2.988159861733502,134.03601500711
331,3.464217518854071,81.39391692714118,0.6657456286985545,2,2.8794890441677388,99.60324308892824,0.779496067417905,2,3.590393293904483,95.02006938779238,3.2746308031251217,124.66768687803756
332,2.963139286512429,91.1266427151988,0.4791619441099813,2,2.7589194266029744,90.39412902971655,0.5805269123167639,2,3.8861106332813784,91.58697372066501,2.7900539781959157,107.65958550743458
333,3.1957454811235073,90.50825093170754,0.5751001733318848,2,2.7411820826733186,91.44839612215857,0.620804271280106,2,3.554487636420641,112.08697752384737,2.8423806663497695,118.86342657846686
334,3.3792832132190944,90.57759519677377,0.6109037987491704,2,2.794116038497713,93.85746732848823,0.5850522526764176,2,3.674514115971184,96.53145344884705,2.8342103126743554,107.4324210841762
335,3.448153144332298,52.52929226804888,0.6591600961247011,2,2.808167373513825,91.30188057018424,0.7717613062805452,2,4.611027730973913,90.12010793459723,3.2580438183574305,92.15848879766813
336,3.573056969891457,90.6192248883048,0.6554621753626442,2,2.8231761434679528,100.2252623411715,0.7492990710909516,2,3.747481749567966,92.62172842134996,3.2816839304922847,130.87898285650206
337,2.3863169665975965,59.281539168694465,0.4459674952640955,2,2.517162812182085,91.15181163223393,0.6313829455663329,2,3.1856192631940563,90.80775426656176,2.76079131330557,106.75285599690096
338,3.719813326836542,90.62083489115439,0.7203195671566051,2,2.839561046469594,111.75263674388873,0.7922639429968418,2,4.4396288205302445,149.62243956975257,2.8523459606117894,120.3852286268338
339,2.284559121966809,64.38045066952517,0.38839111576510194,2,2.2102732828955136,90.35673239367144,0.5604970167456909,2,2.7344095595518465,90.50507451319405,2.649359218741529,140.0961870585594
340,2.9116707132962723,90.6118081092866,0.5492268380339781,2,2.6323660226031547,95.998090275468,0.6607682565651493,2,3.559723993600053,104.88015490455376,2.8411825709278036,115.72747271613821
341,2.9571305214196677,90.16127192323687,0.63110353934354,2,2.4568967489228224,101.93226616844309,0.7075616963845038,2,3.1644764813326756,110.9883350702004,2.8261808653776916,101.11668328572893
342,2.8396770716036706,91.39180048465309,0.5635713518025849,2,2.813771266771885,89.06424006982941,0.6935414757399673,2,3.887669544118949,91.38067884651196,2.8272914448718365,102.99972519837758
343,3.193636507188105,86.26756362797389,0.6283679183046863,2,2.7889792222847274,100.3190923856594,0.7356984687157853,2,3.6853151036885494,109.50697311273919,3.193089968823717,98.13701144138935
344,2.7506860391794277,90.42818390623131,0.5681345008277625,2,2.76291304976993,113.60928044871393,0.7454317469002394,2,4.351259838864915,103.72986675882252,3.270674296410572,165.07133432464497
345,2.007607535754143,48.44519887781654,0.37665865618824623,2,2.4678434829506934,91.36078976574979,0.6270199096455457,2,2.3190883507008557,90.67354263415619,3.171517410444518,90.2337731402211
346,3.0306468743169304,60.81143852124036,0.570070750072135,2,2.7206948731204457,102.87357008811351,0.6855698608761627,2,3.708676348006696,113.84865251797602,3.2708109424191614,153.12043197609125
347,2.648570051861558,52.65327102315822,0.485908572530696,2,2.5978368350451277,65.96582890425626,0.5163842355689541,2,3.4676416777087806,91.85921164044962,3.0948489430749624,93.06213775925697
348,3.101557970031985,90.70784146502787,0.57534597598659,2,2.8208371928998566,110.50110590933205,0.7786756613593354,2,3.708158369052025,109.54382400168474,3.2712114485066492,164.0944200619716
349,3.2580490527189547,90.76970829076572,0.6376972107827121,2,2.8399075494857735,116.62997776527918,0.7863355313643962,2,3.780866613909612,117.04615438256623,3.2713510190687756,163.36903767632617
350,2.9354030601270185,26.18228879490747,0.5505671472020756,2,2.7027745362447813,80.74776043264245,0.5422000608498638,2,3.6143030979855766,104.11010184638418,3.2125613634096735,91.35293340310771
351,2.6813246308501135,63.3184423203971,0.45516679886334543,2,2.815905595880784,93.3713221322039,0.5944553090694698,2,3.160917613384682,90.52258560501517,3.2216849856078205,90.44484905197612
352,3.1329390928880927,92.89511412273015,0.5187610647438179,2,2.760120359875661,91.51946642379383,0.6779794490688097,2,3.8498857230052232,90.25672596605581,2.799563759165374,102.11542384641481
353,2.5008574355371382,69.43419341141731,0.42904873605335825,2,2.6663902026070447,83.99346545529244,0.6386493117402147,2,3.587270064003293,114.42414802558493,3.1183508608155748,153.92140293613934
354,2.5717609274072135,67.44312416150501,0.4801682009901697,2,2.7015299742015135,91.48803596341443,0.6254054672310381,2,3.5345943497968104,91.35562687399778,2.7945976859510204,108.89554218652039
355,2.677753000601959,53.04743701758264,0.47263769344021694,2,3.0576390652477743,88.61119091396544,0.5529952681462951,2,2.4433153211064607,112.010843189735,2.68916081173087,95.06347913688874
356,3.0467898866801972,88.47641150895977,0.7031676000287417,2,2.808412745045771,112.95147658330717,0.7608219680894731,2,3.897151914521067,127.96619997043383,2.85497021301306,128.361424429088
357,3.0714306305871704,90.9265923398583,0.497508482731692,2,2.8008386279433104,91.37565781499545,0.7034146800024472,2,3.890344654041601,125.87298600390633,3.2704169220871466,167.70054530610682
358,2.8269370868479706,42.19889035886021,0.5524111073683029,2,2.7788887666202804,91.40461356123413,0.6288774293793884,2,3.308730067911991,128.9033573791065,2.8140206687483937,105.04788865233724
359,3.537200411858543,90.65934063183553,0.6959353338216209,2,2.8263349317834137,89.95416476027043,0.7513607362679029,2,4.3135094643205925,135.96383784714538,2.8317235220575427,104.27099550076574
360,3.5763004577794364,90.59398156118246,0.6627049048582054,2,2.825688002164825,103.36333612978713,0.775250301584352,2,3.7373374430004036,102.18197206042241,3.271437840165541,162.8802651596258
361,3.5968094260445183,90.68626332440479,0.6861149956423236,2,2.8224722527637023,91.72410217119193,0.7543655255783529,2,4.235371665066841,110.94545189792144,2.8428234279797437,112.48799975975601
362,2.4073737102927977,82.73149387781345,0.6112079733221338,2,2.2124748039675053,90.23720019411181,0.5888395701563045,2,3.3254082135532186,93.26869769242093,2.6965796066755203,96.23435383101082
363,2.681095210083883,48.45289203064454,0.6005350269618459,2,2.8050916950607174,85.0767974825545,0.7182462437266047,2,3.3136095710555735,91.87946683427502,3.197220964065005,125.30049196303457
364,2.8426878099776154,45.67949983336436,0.5218320448626667,2,2.743540316848504,79.41407251991198,0.6493851126420919,2,3.239114976995625,91.0506219234211,3.3206291578525398,90.43544261229364
365,3.2943611341741805,65.24960506380684,0.6055766330993843,2,2.8298798234184814,114.49406090607528,0.7756918988806589,2,4.140979083835599,93.17589385626087,3.270598633426302,166.38777158368424
366,2.8102503183776006,45.66309899053889,0.4344649731565695,2,2.8051389851063138,87.78685867821369,0.6048458296370545,2,3.6190028908903327,100.35289960753762,2.7752630191365824,93.53429158343017
367,2.9962582836537397,90.60858792264324,0.5477831997287765,2,2.742707749917751,95.74226708624833,0.675034587066321,2,3.7795927856871554,114.57069044427405,2.847447862612673,122.11427960382188
368,2.6430327906195332,64.33305695063027,0.5889141355928602,2,2.7333346149859055,103.1479840074506,0.6914766220123767,2,4.048636404365671,117.8754975116907,3.271545756832723,154.04624336877671
369,2.767708068249346,72.01032687069882,0.45455192175679443,2,2.701123269455639,94.48975265378753,0.6028922474438527,2,3.691685270004603,112.09592798218719,2.8305007731495366,113.42439961483818
370,2.384119992760441,84.52426595649155,0.4975540252374011,2,2.4780133671720366,55.29899627673123,0.6510611334914983,2,2.5167970878662262,90.15881247855498,2.5986955542857224,115.58363979150592
371,2.4144198787660915,88.01707939347048,0.41530080017534654,2,2.6644213843939,86.26379526252903,0.5978189264201736,2,3.284450276939953,109.40111828458068,3.039724326398695,96.8875431629128
372,3.134526635580001,50.795322132209776,0.6350458169729697,2,2.8096515106412947,114.98099480225012,0.7856098668437679,2,3.6063953583155204,92.55051188774127,2.8059230247810127,91.97490000530823
373,3.3586269139476115,80.02095768639306,0.6046508910161275,2,2.811483269477384,102.21840211753805,0.7558084274382927,2,4.473972669664777,98.9529141488363,2.8556104480963604,128.42703903765292
374,2.9022842200965178,90.75902400092092,0.5022226633314977,2,2.791843662998471,107.88826076089214,0.6925774813933618,2,3.873627992750229,126.0501372922301,2.853952575570741,127.4290973056489
375,2.9428212098247295,57.05558160746706,0.5908457448037944,2,2.8058221283267066,100.21510242231484,0.7593533603550703,2,3.6919347002798313,115.21812077881147,2.8476712854982464,115.81053443198238
376,2.491993977782451,58.348498946450135,0.46918240676804385,2,2.756040381860324,91.66187874472644,0.6372789386638371,2,3.0220414598881553,96.50467291813332,2.728015089430865,94.97479731855917
377,2.3977355743870032,50.69526440576122,0.5262260277198907,2,2.7282309078030336,91.16091542531204,0.6211328292524328,2,3.522330572504564,91.28196640918148,2.822128147387716,108.63100689398222
378,3.333059043349647,90.53693302911145,0.5987032718067101,2,2.813516073668764,95.70549018520566,0.7366043075723392,2,3.7205496455322127,103.23850471673144,3.4546365311229286,90.40548230715774
379,3.3346059004015536,83.99554596254524,0.6042218319815763,2,2.7564235155908063,93.05796062777314,0.6662652106855881,2,3.882960655985616,93.36369837360287,2.8258927588024414,108.12459029545869
380,3.097101242982921,58.38140015565026,0.44581660970103837,2,2.6835913679481775,91.76927845520326,0.6490899304398208,2,3.628218266065015,109.98839250220529,3.2689319192071333,118.33256573034063
381,2.4300231357227102,88.94018441345361,0.4601665633839437,2,2.6337787788842406,75.02180546520324,0.649727105782792,2,3.39722392039931,138.4890956958335,2.629528161181366,99.9228183920174
382,2.7412719971857564,76.14198176039059,0.45025669547724956,2,2.512176275896081,92.47954483259166,0.5670284931289108,2,4.404058431562077,108.89171015122345,2.855153551698743,128.7773893827362
383,3.5184243331613887,90.6085207302812,0.6925407567975643,2,2.8107578341027604,91.16690741287502,0.7731855942905668,2,3.764285491387558,104.27611833863361,3.271844353320283,159.03336768683198
384,2.554298172024174,51.080223198960816,0.5343953294075472,2,2.4069670917305586,91.07840431827498,0.6663356282966972,2,2.9496238580081053,94.56432815270676,2.6613971738284197,92.34633840378699
385,2.7668022859084607,50.36916039979092,0.5234241587303896,2,2.641405977064265,91.88381260895123,0.5896680208117308,2,3.00274465272811,94.4469923287867,2.6423427342466246,101.80561641364915
386,2.986845409015356,86.3687623077541,0.5020460534110559,2,2.534781150530001,90.31596268241161,0.6607123688765941,2,3.636136935073167,107.67542937910491,2.8009999477374437,108.48403392493606
387,3.1238379127874665,77.63685587672431,0.5749632768400347,2,2.7506297607750754,89.5988730256214,0.6475871353481738,2,3.923469944917661,92.00590220927005,2.822230814449874,111.38624479641975
388,3.3142341737196643,90.69244997444292,0.6418356709516279,2,2.682696065850013,91.41655498865865,0.6369415055956386,2,4.363343446602127,156.57936922680312,2.85442918665566,127.09850999029457
389,2.806752584430916,91.05098675262252,0.4742621120353271,2,2.4875238491429004,92.77590684211887,0.5690787767346632,2,3.4755733287354853,90.40139961960038,3.1981857403127156,123.15922435619382
390,2.948273762076051,52.6711406747113,0.6241292535171059,2,2.8200341482420166,99.8522349302621,0.789566878030529,2,3.7347657835716372,91.52279142911807,3.2740416342673186,133.11680627064007
391,2.743289237507605,43.059644602421216,0.5694490560303764,2,2.633863227760769,105.52716611089076,0.6931489791816858,2,3.917799726776394,92.7989182048483,2.808492809010222,121.27415179768462
392,2.08322732866186,35.58261372668682,0.48668301914507694,2,2.467950266979937,59.73178088353154,0.6518808535405671,2,2.420124609854833,90.79333966891065,2.651388287720798,112.29291185504248
393,2.51594322514219,48.83123005236008,0.44309007060448186,2,2.7262872141018497,93.87099183435699,0.6406324306635872,2,3.5462174312135653,109.96744821556466,2.848295506031569,119.3246509953141
394,3.18917475989845,80.13848419799163,0.6093694733917492,2,2.7563378333925295,91.2650103474047,0.637694630275461,2,3.938216731019104,109.98596127708235,3.267537899406181,96.19093472199802
395,3.7237594568180237,90.67048149247337,0.7258279478946297,2,2.842752801542432,114.26442428411738,0.8170610524028905,2,4.39309365375205,90.46318140592862,3.2722068855638655,166.91573860587584
396,2.436057169334475,60.19318527529409,0.4812445276233729,2,2.638817840940346,101.19889099661607,0.6211858179170547,2,3.624575879270246,115.79655775972888,2.8512991814511603,125.92377189707466
397,2.7263323790543437,51.143018105308954,0.5301691242484229,2,2.7686614404608587,91.17080212520912,0.6708156127701995,2,3.3818383355770165,99.4331933277587,2.8178401512898534,101.65815786865417
398,2.7519493850214314,88.33360483005181,0.5180314998698217,2,2.6486325029868842,91.71416425251752,0.6747688454146423,2,3.6417910810442264,97.67205688346951,2.6902272592433327,91.7307968591815
399,2.6345605827062646,86.83288381020274,0.6393479518572505,2,2.706455200065694,112.15687588929852,0.7396782304105994,2,3.7606740809446877,116.76788244273567,2.834285525861869,120.74437728766547
400,2.3677735926798844,33.87721966909517,0.5436762843113585,2,2.4485209496767952,65.12316933070416,0.6890746446147531,2,3.3759674496193575,91.25458058192095,2.76247005855432,109.87710847944949
401,2.555602454054638,73.01432664884084,0.5293400443459116,2,2.6288827100630034,112.18414361541649,0.6592955055000642,2,3.5271588127659665,109.87297130518303,2.83685371468432,116.7266956387413
402,3.12840891480444,83.05168970350456,0.5203204506339213,2,2.7871914160408373,98.0981810623811,0.6897421427384864,2,3.373549509703917,91.51519973265938,2.804894276744017,95.04988013186798
403,3.1603899749237083,90.45849484799757,0.5973005703536798,2,2.748382673473834,91.10941715045891,0.6906198776854865,2,3.6318992418067158,91.17335650199674,3.1845588507732403,143.54036979652582
404,1.864642327129486,48.904757180113165,0.41089512264496303,2,2.6994127179801164,43.75680705562416,0.37096922173289676,2,2.7251926389777337,92.617382821506,2.640663131383873,97.0857897739346
405,2.9636622393340977,90.45168277734781,0.615236131453285,2,2.807769692664666,93.20331392291962,0.7198628809423282,2,3.6093376346467023,107.22463640711912,2.8405078012349545,115.32798616175663
406,2.406451020227876,90.04618296660378,0.3348066453033316,2,2.557524607614967,69.73211619004226,0.5096969004807073,2,3.0578653671756744,90.2469687423894,2.5518084358081485,90.6893196861726
407,3.2365328929958372,90.52708768127583,0.5883461625386819,2,2.8023938066015677,91.18485756067227,0.7300912016304584,2,4.072322811100428,91.0220358256298,2.8184237417309093,97.50377341372831
408,3.161656476200781,61.57930823470728,0.5745616424462074,2,2.726075757647784,95.5458188509394,0.6111093412107894,2,3.650637448274412,106.36441568232951,2.8429253331417423,116.2452266339135
409,1.9064484065629053,87.69057319617174,0.42500924884332864,2,2.659273845206311,91.34653328269775,0.5758408502190853,2,3.0883455669163937,91.54603952689702,2.8424841069551916,121.23393512927979
410,1.9994428634929746,46.36046968301706,0.34019703064015305,2,2.556214651677344,81.10061266646532,0.5816426941828207,2,2.39481661252485,90.60053278029513,2.6900698380053925,108.31186321698203
411,3.6252573257657477,90.59957847542427,0.7075603797201678,2,2.841168785585945,92.13240761176422,0.7776702238149951,2,4.500264958555728,140.78030960550615,2.8532497800472547,126.16690613237175
412,2.6617753138128064,90.7777139544121,0.5628895038561891,2,2.7178066993711405,102.18783912514377,0.6878358149103823,2,3.7807009167835455,92.14682416294595,3.2708037831280947,144.83832682777543
413,3.6414158263243706,90.67396496135258,0.7032702945094749,2,2.8308032941323518,95.00405243552571,0.7544565898639312,2,4.198448317511429,91.07330096998919,3.27131444306193,149.34485795412996
414,3.227541134952018,90.58218969989282,0.626756039989073,2,2.7376849176657547,91.2506935135296,0.6384841704955085,2,3.4690180876103893,101.35497112857028,2.8378998960156077,119.48529668112589
415,2.814956963533369,91.43630336447826,0.4568920657698633,2,2.7884078318873646,106.61668135845076,0.7015947364903377,2,4.23632628858908,147.4223629601311,2.84706001343808,124.43794154718204
416,2.093076455336168,53.03643869417117,0.4223889358599523,2,2.4783094839775224,91.95059712880715,0.5376829867366139,2,2.474289295818162,100.83706358584716,2.9134863282848675,146.42331586631812
417,2.57837232594942,48.533278707088265,0.5181778161385414,2,2.698138218593355,95.44492724445777,0.7263836533915689,2,3.483684442690893,91.87959825474044,3.269729884797303,129.61447119474403
418,3.4885923916954527,60.66297396521612,0.6630889380283257,2,2.7707213773732478,91.43065013694377,0.655901917509266,2,4.026743508440084,118.7292983429946,3.26169020131147,106.23098264998251
419,2.5613143975370254,25.34458733546381,0.39675667692917593,2,2.5167903605583737,46.858494913108224,0.5485822017346229,2,2.7899180608986467,90.50247333704694,2.9969826024788233,91.54484090782637
420,2.7519994052571053,46.935429734753626,0.5123896341380141,2,2.5669957244083403,91.32124256237972,0.5468392223067221,2,3.1228611116206033,99.96527662285523,2.7734030359925654,115.17519224446576
421,3.253898076647139,90.60072643246362,0.6050608733525605,2,2.7888618511743877,106.60389780912278,0.7152868182078492,2,3.878095590502376,126.17215565695994,3.270339270689781,170.02484693992594
422,2.458451569488747,64.66682445533661,0.544713209915232,2,2.2951327226710907,90.75670831475219,0.7002390108162504,2,3.569658610660928,107.05488003959971,3.2593380787451762,91.40637144139696
423,2.6548370517916573,84.25913462982452,0.43110798093255914,2,2.7472384088838884,92.28810566207345,0.651435168227616,2,3.441010113591551,116.01777024145295,3.2713879350468997,135.551130741541
424,3.1720813361822926,90.6735103748193,0.6208931117429569,2,2.8155758512438323,85.4929083170035,0.7023527388924524,2,3.495280544192157,98.16216437342496,2.810223368171878,98.69005704804177
425,1.9633228845405364,54.090915786044064,0.3352567895565876,2,2.5527613785241257,46.20557042944757,0.5462681998002031,2,2.810260817037144,93.11364173997968,3.098840525029113,90.94756676621108
426,3.308694601041846,66.35870935104505,0.6444580728804394,2,2.788873134293862,105.40005244952246,0.7368935035196617,2,3.60632417394303,111.91549757850707,3.270226986005377,146.33152537394608
427,2.237821928861508,68.32853566247302,0.45750911678145056,2,2.3539576833634928,89.70465237325153,0.5035170211396773,2,2.4369990949101656,93.27880310007129,2.373640028686731,96.49407073797929
428,2.279077529594196,47.591204181909454,0.405404231433067,2,2.850813229837119,53.65251293426182,0.3007755989143699,2,2.634267261654469,90.10850112145536,3.1283669395289353,90.29273064728743
429,2.682443044746329,60.15573496788457,0.6101279763034656,2,2.7816621223410025,106.48373789413655,0.741390900134359,2,3.7451731446916856,117.74117946533394,3.2705346389904704,160.4363738315907
430,2.836510148004565,56.10445450305027,0.4922183605564078,2,2.7504803206851465,85.83344076591156,0.6668992542849631,2,3.4371729346359534,91.15422540172534,3.2189703628596105,112.18696391319088
431,2.3740048781461818,89.89890238139505,0.4725033132695629,2,2.454049499340918,91.06107187596088,0.5654866035838008,2,3.1757671894800628,90.47052680583376,2.6574846512887795,96.08626914556338
432,1.8170545774818685,64.37965472642256,0.48133177802146904,2,2.344181424924725,91.83383406793841,0.501021496271344,2,3.616227245376069,91.06413556107877,3.245642779820811,92.68897472870991
433,3.1047954765877734,48.20666270875825,0.5806691652442929,2,2.7682889698010458,91.28058965464328,0.6112068536948323,2,3.4520390719359297,105.81880423887358,2.7893795108790123,110.12890348257245
434,3.7594210275094726,90.62443163689619,0.7398501941321464,2,2.8512429831088353,117.3013575550857,0.856138374475171,2,3.8163463759649447,100.45923055609262,3.271990891851791,165.142608011963
435,3.2480689901380995,76.06825427414017,0.6227714083730886,2,2.6882090847597464,107.61361952941023,0.6619766689940189,2,3.9986081853092257,92.20267345754094,2.7912225787174205,116.15092500045527
436,3.3286649199740697,73.52262288053598,0.623763807121043,2,2.853835749116241,92.0928189929363,0.7279115760170641,2,3.488784505745365,98.8939696517926,2.396222458244831,96.11368324257732
437,2.9820334259618013,84.0418302384328,0.5285497133811579,2,2.697821693863307,93.14900243352606,0.6531994728060804,2,4.317708525550274,156.75557770998708,2.852416880673247,125.15131594111726
438,2.615280794366836,58.11947279887585,0.5202202469254027,2,2.704537689741301,71.78075709694446,0.6545781006153071,2,3.287580444257409,146.96378942913827,3.174581901600301,140.90068499034413
439,2.1360528527116833,73.5597903954986,0.4638313079922276,2,2.4864888683856043,58.23298859682577,0.6531742911946039,2,2.8776815422200683,93.55193587667677,3.1004744009730745,90.71259922003996
440,2.875808321635808,90.60093597205193,0.5397975646705007,2,2.674903917812381,72.53856199295437,0.6583808119573733,2,3.551509726109238,101.01868593356805,3.227526205854574,139.48584884658237
441,3.1530541083646533,90.33558543555027,0.6004661908916171,2,2.791207428509835,99.57601390483082,0.7575336438590851,2,3.6536526246045047,97.69143117659095,3.2096104666618697,135.38877162656468
442,2.6182055790054353,47.81598857448852,0.5054400680678607,2,2.695914458391661,56.98776604497975,0.5617749935858395,2,3.5606324599366213,106.53876955418303,2.777230594339126,107.40182164621832
443,3.159562964745906,91.06984813010976,0.49194013491939315,2,2.747621062173912,93.56175986715543,0.6541574374776387,2,3.8760131694957214,119.95005500566796,2.8514735369829354,120.34881084444594
444,2.46328751892753,64.59411770427958,0.5451610883150632,2,2.698095054204556,91.12443946790789,0.66658891327104,2,3.571113108540745,110.70518184073417,2.840870563161944,112.27898169462934
445,2.784592842859257,57.454450024523226,0.5156170588375194,2,2.774352573384584,68.30168475747985,0.6828185094282078,2,3.0387375737852764,90.49578581935492,2.790078058955661,95.29036806184143
446,2.54150791850063,62.47641105564428,0.4804231953294251,2,2.7346638339765224,61.66309106808091,0.5687646263877499,2,2.561639375428593,90.29135079388162,2.686251490312511,95.68457940496845
447,2.858215235733121,91.56935855193275,0.46676453205625856,2,2.3890354662286035,92.22485111388238,0.5381241771721653,2,3.1363564359274716,95.69274508612895,2.847852101432987,90.74589559506329
448,2.863379906024893,56.97143685655238,0.47047983980282304,2,2.7820492322900567,98.6235922716006,0.6979958679525659,2,3.5472015662559544,90.45750994710437,3.297393691637803,99.10806539978921
449,1.655108294900609,34.32764346983627,0.2940416443103717,2,2.5940299538271097,78.08884471309291,0.5659698393341301,2,2.312624038743551,113.55772498503602,2.764249127419961,106.97498406927052
450,2.6824827774075315,45.24315400492089,0.6176546180979706,2,2.6153178550559324,90.25275239101263,0.6517485805350648,2,3.4750410700177534,91.9506121969918,2.7871510540890165,107.31412298197091
451,2.638130593727251,60.55139573806071,0.4911192534520392,2,2.376277567531806,92.29711974335862,0.4965916682322301,2,3.542463028045057,114.39402761616569,2.84905939882326,125.20245202691493
452,2.512003315529246,62.012268289944274,0.42251144429108173,2,2.505103761012445,90.85964550339541,0.5484255469252888,2,3.3157614136516838,111.06756641163446,3.1872976130416784,135.74078767177198
453,3.1173182840566063,90.57619635659707,0.5484470702842776,2,2.691101363591711,92.49583021901775,0.5298506499059977,2,3.4138606601344015,97.285053049123,2.813418972522566,112.31089215552335
454,3.289793958214442,90.5794700267699,0.6209163351630818,2,2.834557634610379,103.22308921765182,0.7733792545847918,2,4.048233726642067,127.55442720450512,3.270481170438441,139.78352176087841
455,3.560553616718096,64.14968002642651,0.7066114999440553,2,2.851848277625307,119.94689724746073,0.8513694281480904,2,4.343067465456859,130.70835914828746,2.8475190155351764,116.70573086908212
456,2.200905121100289,35.282527100444234,0.4127443660149226,2,2.6458217222761977,91.51636316993968,0.6420560880472744,2,2.7394385707544733,123.02205836687456,2.6557322577662505,96.08432786551235
457,3.1672927158919975,90.62254188923619,0.5535469470184741,2,2.8046715079673294,95.08716410964077,0.700623368709278,2,3.6282096666232184,104.18839152900887,3.2401964046116167,91.42921277506342
458,3.0189956379192546,90.60577827730866,0.6201709336907342,2,2.8343092658147566,110.12836544896959,0.7886545192397172,2,3.6578200448417904,99.13947573912175,2.8225033527385643,99.54822436885298
459,3.476988888707948,90.57390177485611,0.6236404062883378,2,2.78032079233042,110.86111481274847,0.7091330432302123,2,3.620026418701421,95.60676578356659,3.284760647492998,154.79727815449064
460,3.476014060613296,38.52878978102517,0.6991411149873115,2,2.844355458649544,120.48754193946009,0.8175146446248042,2,3.019705802141281,97.11656397583462,2.815637515906668,107.53098935298289
461,2.8610284311395904,47.1269952354946,0.4759316495179019,2,2.7032169625028413,93.60802146166715,0.5710203696965512,2,3.2889716422453272,110.2384579375182,3.151895002419763,126.04257954399229
462,2.910644223357053,90.62971524574981,0.5313203517645138,2,2.7635295227324024,86.23605138987037,0.710158366725361,2,3.9477650416904644,101.35700404455885,3.259740821939486,124.10791502928424
463,1.8971652925494564,62.409706303550564,0.4232936028775081,2,2.290497557580971,90.98122572521234,0.5295078847998208,2,3.4173492190479964,113.28413476286374,3.144184160150637,142.8000648787312
464,3.184897104294193,63.46482309437488,0.5740410068243951,2,2.301077342884269,79.51147766540082,0.6492984379141891,2,3.6905842176308528,90.50416324889781,2.707831628624671,97.17166492054339
465,2.8010766915912777,90.20078351793002,0.6353535069331007,2,2.8084953009128983,91.12241680803007,0.779523152348758,2,3.3457633981322292,91.4772985194078,3.2580063631486547,140.1680282017999
466,2.80117494404571,78.82748268797727,0.550165571798711,2,2.773353507726764,91.19623740921494,0.6487952651246662,2,3.5687431213133,111.32386896273067,3.267642236886725,102.63887400835611
467,3.256181539447816,90.6095339146501,0.6353709474246372,2,2.8028753619385482,92.38824661824773,0.7215366328961644,2,4.037113310689246,90.93116235320025,3.812901388073513,90.24410026409265
468,2.7854277887488803,36.649333131981514,0.45070225298573513,2,2.7447902812066185,91.37312495628399,0.6622472864246333,2,3.1303026801925333,90.17109984368093,2.807227450948965,95.23580071580557
469,1.7966465268034477,65.40940564294233,0.4135358189378117,2,2.407597279814836,91.03096500287648,0.587966261746063,2,2.1952236279313517,92.65175548472857,2.4864308028084117,91.95353015311699
470,1.6286094569438585,32.296407826216296,0.3036826168920756,2,2.355237753879767,82.18986860132988,0.3221473645458578,2,1.9715461310447668,101.67213572289047,2.708356787974839,90.9752585957518
471,3.716943444364898,90.67635950581321,0.7090711954013609,2,2.7562443673667074,106.52234216535983,0.7849797160758893,2,4.440157819486237,132.29201129434185,2.849712103692839,118.07878513749048
472,3.0844581500272077,90.67740768236573,0.6352194549624746,2,2.8350798201765897,117.71360118277123,0.818342793925747,2,4.490397198269402,118.83161360680012,2.85528772732448,128.03662858559358
473,1.9510650425953466,58.12673900043378,0.5457073838576638,2,2.125662075108321,52.686494733451596,0.4845152084147163,2,3.312242743546471,149.6870135217984,2.7907097623409083,120.7791615127887
474,3.10880800420618,90.51872707559379,0.6161642365401572,2,2.77455693583102,73.54447343965057,0.6985718406515771,2,4.186148514984201,93.87794046421875,3.2414735649363324,96.17486781811307
475,3.0217388064598616,91.21634480526284,0.5058628897918771,2,2.8190864331787022,51.23420553480801,0.5254047305110172,2,3.37840799824259,92.65928799066792,2.648639725703639,92.17549300451608
476,2.870432486874098,90.41642047530898,0.4856443743490647,2,2.7020300632505516,91.4077667563729,0.663411848151651,2,3.09176507188669,92.85567522874422,3.0308463416178535,90.45503018085516
477,2.0532938350229197,70.91716169112999,0.32776897690620344,2,2.402978453130314,63.13245534594984,0.49425703164449625,2,2.7560205918670446,92.32470076691988,2.66802687863586,97.87259466206211
478,2.7754836538019614,60.90767719649867,0.5131489290831913,2,2.7692264725878917,91.31338374937812,0.6388046431402346,2,2.992666044709243,131.89469708811424,3.2234265480486606,92.82518646680128
479,2.199029228227616,74.5211035646349,0.3540866293439669,2,2.5555191934512393,52.490628539708304,0.529491948080631,2,2.8765196033444185,91.75207971756312,2.5191108196835383,94.45817797952441
480,3.094221098628219,58.110950032876595,0.5362631637539599,2,2.7806601702816525,95.46852604747035,0.681615696386889,2,4.197426892650124,92.86339424116147,3.2705074050606284,138.80190626029517
481,2.730174571225311,33.12314106451498,0.5758699316916233,2,2.75007226696797,76.38882704842845,0.6534242227717653,2,2.7389225410219296,100.87364367119726,2.474307980758442,107.91237648078906
482,3.4420848811436127,90.5357061196514,0.6647858670514666,2,2.830009290918772,99.80137648484212,0.7647990576177379,2,4.259905764352573,144.54104020568082,2.8394219898080295,107.67099866851869
483,2.1125314979490764,91.64425810655317,0.4468855226376819,2,2.3337835405029823,92.52010002529384,0.5277522351751573,2,3.805871100426794,117.85676736143418,2.849090992422039,122.08123918541835
484,3.1404063192631586,90.61661437514546,0.589845000764429,2,2.7426102462131356,95.06147012794405,0.7095414134077477,2,3.5767852363699704,105.60173510191186,3.269637316875854,121.80130940409755
485,2.547125340408866,86.90206400310902,0.4993678334567946,2,2.7551109821895823,91.60420320923724,0.7129874766087959,2,2.7786531184793923,93.26858219240452,2.3126994874282927,149.77126203583768
486,2.698789863869827,50.01425573951479,0.528371172000694,2,2.7441061022858393,91.44608961178915,0.6940876420057033,2,3.617994875887854,106.95329603742118,3.1594709327095827,91.33902403555823
487,2.7250274069800944,72.80803554761675,0.5901111632534672,2,2.147470826671815,91.15658483010961,0.6402397729506979,2,2.962813310680613,98.18460248328088,2.4868998135228937,101.82083110957879
488,3.325138744357869,90.6190178303359,0.7051746145304989,2,2.844132728564788,100.88871279565957,0.8081204182350642,2,4.221419195762721,158.19105427976532,3.2709415659307206,157.4983526267034
489,2.164918697901104,66.67605951345669,0.3170298498279761,2,2.5009347123036507,88.44652731744249,0.4652490572352129,2,2.6771838816153415,91.39927797034615,3.0159329930253436,90.43881633719083
490,2.7686246985534133,90.23865074964063,0.5250470057824396,2,2.6186023487265815,70.06064160621126,0.5533231442623685,2,3.144713945874429,91.22159235622766,2.809206326368225,105.61126466835148
491,2.786546629664935,55.86806799620245,0.4621026905755603,2,2.508265842022311,88.09823413991337,0.5289896207955997,2,3.0785660146303324,90.61221755776641,2.4793509403125267,96.17362390375756
492,2.283954151738154,37.63827778841656,0.3678758067677914,2,2.478608599148288,90.98274368779299,0.6260542603743235,2,2.8765456809395102,97.0801885773591,2.7767926819547157,107.69520865449734
493,3.133326537601685,90.77601565455545,0.5698644723614359,2,2.7692694809180485,91.60963128892656,0.6952779115579528,2,3.570502922895308,95.45391936217996,3.198882903530344,139.37303895360986
494,2.9465993698061173,90.75551165492978,0.5357180183700734,2,2.7010736050528394,92.1624543013658,0.6082087686440745,2,3.175090364824317,93.23366584603627,2.835216525406934,115.63212323089341
495,2.7505682829273317,85.36105105941233,0.6082119400287773,2,2.8122281475184647,108.86964270278173,0.7512948537645971,2,3.825896648335716,121.18921416909657,3.27095837418062,164.5562901209463
496,2.9299797079085237,90.95006554092372,0.5373099251094274,2,2.7523042539111975,79.48896441055946,0.601365184972966,2,3.303037768182709,99.2175742965556,2.811828104203592,108.68033998257319
497,3.065195511787845,61.95674113432821,0.6452033597272122,2,2.670917399229545,91.68057805098942,0.7509841474913782,2,3.2297051552008167,104.22954640850227,3.3299569015894415,91.32457537819117
498,1.9256147881961856,64.30420940316472,0.4256045331396564,2,2.3159185018603634,98.80669586300743,0.6148178024931408,2,3.9736283053454673,142.1007088400751,3.2701511645164345,143.98004253681964
499,3.178921278909923,34.70995967827563,0.4105079721299268,2,2.899448573260368,96.35278353950783,0.561860339562031,2,3.638143151598456,90.25025555580355,3.194047704579961,92.82262576001222
500,2.7708713296032363,90.0502249198966,0.49759945511897263,2,2.5231542513577674,98.94451188110027,0.4913186195824264,2,3.408136670214109,90.42382297955456,2.7111569483444025,99.60389199084962
501,3.0907032417394666,66.51303106855556,0.5527593246175981,2,2.7677684455480565,91.39744586401297,0.6504321739071576,2,3.5329638545461,107.18094296078462,2.832347614061488,115.40905016485137
502,3.1967353269971253,90.41731432426741,0.6029418782249054,2,2.761077342588469,91.07455395104371,0.692032133323004,2,3.562679902498582,104.89315915164094,2.801607416832967,110.32474828167842
503,2.5619883521112037,56.58012223938241,0.5229852651583801,2,2.642629072323418,94.61662102252122,0.7051194934673867,2,3.055410133707463,90.33758482919828,3.290913261479423,91.02923246922082
504,2.3222263289463396,89.42230356109687,0.5839226613941099,2,2.5979874209940954,96.59675177694335,0.5482143506508227,2,3.757594612624233,113.1781271045784,2.8316239245952497,112.5860994552674
505,3.077687014096358,80.85999804202007,0.49347348291798476,2,2.7425288372899677,100.39010941517212,0.6438063665490223,2,3.670657426496947,115.5273495041594,2.843096870537601,121.49352018569738
506,1.958535807292579,76.79564363614173,0.3449590908272012,2,2.0483070566462156,73.20943729428035,0.44410134110409605,2,1.9309393800819425,90.11605555950436,1.9645066541418765,93.66901965488204
507,2.803513755897937,40.65765902610342,0.499314794255777,2,2.602967332645835,50.86365187577067,0.48136910578950937,2,3.0496219984473334,95.96778127334753,3.024968365575983,91.46157878599485
508,2.9643784479929516,57.979829969488236,0.6200833730995857,2,2.4268017706419136,87.2139521716416,0.6568401015083005,2,2.687915453661859,91.0529581750744,2.3695388451358257,94.79473315652972
509,2.7556272952451577,64.69173046670211,0.42521918566786643,2,2.7856485487090734,91.36251986447446,0.6863033393286136,2,3.680824718252834,114.16618733426917,2.8073627320069767,108.8357593650431
510,3.3258501674733867,90.61854235266321,0.6805934818180382,2,2.7904526544325567,104.17264966677357,0.7375186035998765,2,3.8788409197207687,124.59716020863131,2.854090719895376,125.8632116635269
511,2.668789031522693,63.75442458431539,0.5907540124723611,2,2.798709056791817,91.24288359682384,0.7481460134372797,2,3.4282706857870973,92.82523456454791,2.7987635475612604,107.44543217376417
512,1.799039994498715,53.231956778682836,0.40281809551765,2,2.0392597260324523,90.8540262220459,0.5968679597812122,2,2.2157847783990126,120.36337119870926,2.751815966303327,103.89193671758181
513,2.9035658756256333,91.42782942065986,0.46396151997146584,2,2.8019588944631173,112.22865109320071,0.7389701411666592,2,4.46945144064522,149.06777308084733,2.853392015665363,123.40445830546605
514,3.273521765323967,90.51488812079992,0.597399069954449,2,2.78885837852365,99.90939746545988,0.6785889798398687,2,3.5939596136100684,98.41217166575034,3.2737934776050652,135.73272680355672
515,2.513188461029121,86.92035710125664,0.4076900404656593,2,2.4507964030102602,83.80125043179606,0.5683792783738787,2,3.115677222652299,90.64955390975318,3.1038958110983135,91.86726658078905
516,2.505836216846924,90.90116295667656,0.5754563271204378,2,2.602639273768979,99.8587977154649,0.6847247370112799,2,3.7525380179614536,116.45440070040695,3.271129639113007,154.6913168411043
517,2.9527739231624386,88.95024029053167,0.4500766637986664,2,2.703512475547438,104.53049367259851,0.6882851638033761,2,3.709790042495712,115.01585408592868,3.2706352567065022,155.82629958361065
518,3.162241248864571,50.97108353059618,0.5484701552064841,2,2.8225423962222056,91.59351920109242,0.7245491353352167,2,3.488802382395483,92.09286968017418,2.814475319636498,100.74654846465266
519,3.2139726156585686,67.45023015174581,0.5583544202618678,2,2.837461083147178,110.50452319158266,0.806840893205208,2,3.5734733338211133,95.75626472109698,2.804511818619453,92.77126898330809
520,2.171308163286315,48.818228063237065,0.38626266791153413,2,2.7468402315326133,91.14860723736001,0.6315372550901153,2,2.936033424001386,119.92133908612695,3.2341668484964052,93.35033457582202
521,2.55259385539307,50.08081991153623,0.5235974527515936,2,2.4763730142045524,55.72291020709691,0.5295772572345842,2,2.9035224700921196,102.19258175729618,2.847629926408385,135.3610847993571
522,2.620002431077332,67.85169522540282,0.5669824367871045,2,2.4737298139606168,90.11501021129301,0.7095058663765672,2,3.86281839520678,97.54177678122126,2.8407246993227964,116.63065572850375
523,2.5721490324467315,73.18410125571684,0.37510377007573725,2,2.7336766295249566,94.16469370281665,0.5833769123145578,2,2.949104416108874,92.41135338932685,3.397805582029512,90.269544558118
524,3.206253423020311,90.71864968883605,0.5352647760589082,2,2.753673148930554,92.15523646073568,0.6385340257067655,2,3.6739960006180463,103.6924429218536,2.8277831214401212,111.09010827817042
525,3.5560008324696257,90.5863259664647,0.6745204001908786,2,2.83744821201166,96.2963683383672,0.7854375776530923,2,4.1251945625498365,112.07182021676346,2.826637916788413,98.3856436877491
526,2.972261394104323,90.5261244410847,0.5020038623843044,2,2.671748593609169,91.34951527690582,0.5954576047225053,2,3.4393831282735063,102.34198251741694,2.8400418131858736,117.20639918103383
527,2.4732948437957427,48.184609329766204,0.4086028451880447,2,2.756247736033068,69.6152208915016,0.5140622077635059,2,3.635257118766537,90.5971061390471,2.7621384065116077,93.75911917413688
528,3.044103906934981,90.60842000478407,0.4862089826054742,2,2.770423550166481,91.45884183615337,0.682803866770756,2,3.794766545188188,90.51414062274198,3.2690494863085338,90.99001267514554
529,2.814317616759845,69.1678155664828,0.5406345227691536,2,2.7863652253628732,91.27444501130257,0.6955399522204536,2,3.1694994279380393,90.64233671340898,2.755277683296724,94.86952988761772
530,3.2064465255445387,90.46784286088892,0.5676446753008892,2,2.792750352616829,92.27467010543423,0.6356084161890003,2,3.7267545227408174,107.9862763115498,3.2535824289545197,102.46128432249702
531,2.203816417228863,90.9095737259915,0.436896093152491,2,2.427673838928843,91.6002851506226,0.4623130732370962,2,2.8376423187267488,90.13769748488252,2.576866957841513,98.83070992358397
532,2.5681496646863207,73.85867095302102,0.5567685122219562,2,2.4057312273377898,91.13559044340734,0.6323851678499709,2,4.003131595690865,90.91704948970386,3.3007147132535803,90.9072981677077
533,3.660135258063097,90.62131295000533,0.7552260574698646,2,2.8512282998221976,121.06513911331389,0.8640900775712661,2,4.342565757243659,151.8832774708722,3.4071270347418396,155.55579464993542
534,2.0522998519670694,46.095765060369175,0.46065931824451883,2,2.3422616739357336,85.89208836259388,0.5347125438779589,2,2.3702407205323857,92.12014507535815,2.633226857597324,91.58178137519202
535,3.0552898078163304,90.10857172044716,0.46463815900702254,2,2.727751007133835,93.17643534123646,0.6595180807146261,2,4.156092864804727,92.83966325291493,3.2710832345555754,156.22937137041347
536,3.036335276548147,90.68964451508158,0.508867682684976,2,2.7611848071157974,99.02891027322566,0.7018768219784044,2,3.9105446283511403,130.03144835382471,2.8559291045706554,130.96713072818392
537,2.591546838104721,69.27669089582685,0.49688581403348464,2,2.668151174120313,91.26946366044656,0.6067478857834806,2,4.022378251717453,92.96886708204161,3.2303391814329885,94.61944478327139
538,2.618606530630927,48.33406747347889,0.5523928701288794,2,2.768385746650681,91.53385253116741,0.660449711250682,2,3.0289176617109552,90.97127695587953,3.1612456550324364,99.67054378420735
539,2.5212810730744737,30.722446400279395,0.4439590834008221,2,2.618488340033029,54.7696561351569,0.47626104067828956,2,3.212047312750647,90.97815649806695,3.0142709660879743,91.22159023919787
540,3.2391638676026386,90.501108698614,0.5880683066811505,2,2.8127645291323344,93.8892802509728,0.7109120953369061,2,3.6660388173752527,103.2927368335154,3.2711185672004373,95.30542632404718
541,2.256269279460829,25.913206694364447,0.35285031435848474,2,2.4150653607362083,45.02676442323806,0.3783887575194878,2,2.8581409992429396,92.51123991468526,2.427220553499165,91.9020828133621
542,2.4258107735616954,88.60935253927387,0.46111891952242123,2,2.52510540453639,91.64653220769542,0.5961283026166664,2,3.1057837130169186,90.40467084158593,2.772666619440812,101.75963347688767
543,3.10957811886222,90.64394066256835,0.623320115874142,2,2.739194013559909,91.55995634391687,0.6462491858713628,2,4.457887263400503,128.12615795407217,2.846278443395842,122.29708824532506
544,3.3854391134482733,90.59879077666754,0.667061203399565,2,2.8423673897744797,112.36981262224097,0.7907494209444735,2,4.013132433678453,90.25015615987341,3.2837620822710454,159.87535347003148
545,2.1115373442100305,41.10299759991974,0.44395326732020923,2,3.086956986258065,48.600494929766306,0.3451020374036133,2,3.00846040423938,92.19019513450695,3.2833387671792367,90.28465924099184
546,2.4579763128744525,85.54840958286152,0.42927264410677335,2,2.3408375519307993,45.316865114577524,0.4855237195225004,2,3.0087446144555003,90.13934309642848,2.6189899123094085,99.97910590734057
547,2.170534923377913,89.82532652985611,0.4776631129933142,2,2.548800785879185,84.36758151868789,0.5240321815010767,2,3.9173762164654233,92.48027960269903,3.248396492324184,98.16552027711806
548,2.6438053798472283,53.281662878793135,0.5298649882003698,2,2.808491564047985,103.40195504802632,0.7294319865419983,2,3.0070199948826306,94.37189991743313,3.2744256259804225,145.28778404999684
549,2.7478909801945246,47.442405772567994,0.5679561651863707,2,2.7426461019453376,81.92645086623232,0.696375415026756,2,3.161090328294188,91.50240999814416,2.6464110226386324,113.25833015608426
550,3.6366674317286343,90.59047898598777,0.6917750073075873,2,2.8352236292990383,112.47972380071145,0.7858256121508707,2,4.407953503514669,143.60675914567693,2.8500630305322288,115.48221488024517
551,2.519881699979238,46.45615505176075,0.6118958454431307,2,2.6933004411561043,91.3804072153908,0.7058503600056574,2,2.9311710374185425,91.420883288214,2.832584259500985,119.40266684034108
552,2.043746534047556,32.4658548518411,0.36251497138206523,2,2.5075594173665894,87.87368586761784,0.4529213345965455,2,2.7339758662475817,90.77800466136749,2.923590125375044,92.13369091098257
553,3.316357316659587,90.74302961805462,0.5258318963803466,2,2.790880809022078,101.82262408975225,0.7106627305231338,2,3.8178629608708627,117.84659715943647,2.852637929069726,122.4144924639547
554,3.1001881402585965,68.3509718765796,0.5336413007173851,2,2.73392731455704,91.07559714094957,0.610514127957749,2,3.5340955909163996,106.5288806500438,2.839599403331006,121.45662045772696
555,2.9210456572702923,69.82572272186532,0.4156517819158013,2,2.8248973020872543,92.3501554769978,0.6345726053608266,2,3.9471365976188495,94.48216915279046,2.756810950430004,94.58733002503395
556,3.148213161704378,86.70869004734,0.512805815657366,2,2.791794075107812,102.91178014619115,0.697149229780357,2,4.37268099867587,93.25388712687021,3.270544196852719,169.10432120325945
557,3.5325748311778824,90.66174408543041,0.6983852138794888,2,2.8256267765904095,94.0214421113704,0.7602902369819362,2,3.783874131848588,115.00767407877383,2.845694356592423,117.9426794542572
558,3.266451712913944,78.83287719038394,0.5390495337106291,2,2.7996293393531864,101.21367654484897,0.6893327570967245,2,4.426710460314981,138.06165340172396,2.8461144289118154,116.53450740924667
559,3.08310897987187,72.49240420463539,0.6658555032959478,2,2.7934486716194673,83.6757218923436,0.7594834817002046,2,3.4996056750069675,107.197332369991,2.7936422125361107,100.21706819608026
560,3.477550787925786,90.3931710784645,0.6727178574705277,2,2.842524423667796,114.37245830112658,0.8252646579734388,2,3.7042021998162955,92.09585898039616,2.8151336950511356,94.0541167498062
561,3.0223321964411234,90.55165298419948,0.5411242098112921,2,2.75638149876272,91.21914105967309,0.637815440920949,2,3.755152385322061,116.66424543351076,3.255630019629563,126.67985197244167
562,3.7185348414119743,90.63084482983648,0.7251149501048877,2,2.8440333285180857,115.25678510149355,0.8079168336117071,2,3.800323138242468,103.72124376325223,3.2705880152720845,162.49842468646267
563,3.2319293510081955,90.37065001835037,0.6433132650596624,2,2.7799340082030017,91.29458262432163,0.7463744175560139,2,3.731081268524926,94.06791957144135,3.1358149305514265,149.02917399549264
564,3.54190718079828,90.59524848248765,0.6594720907603029,2,2.817123318159486,99.6472126415533,0.7301340233745549,2,3.7611013827305255,94.48749825385265,3.4994639104081564,90.39978869978935
565,2.4449750093405744,44.51757514576031,0.4423645920998673,2,2.526932100652503,70.28023482480869,0.4494303152126437,2,2.904202741865761,94.80705442485511,2.9630362291511374,91.47021322597517
566,3.029133307035157,90.67404461746446,0.5909939519608013,2,2.743725958304931,91.27167774000222,0.7044607196913071,2,3.2632977384648707,92.28362530996576,2.795359982642945,107.54051795649204
567,2.809448293178841,90.8845032095973,0.505513072683199,2,2.741407592827166,91.30935293086469,0.6780361544494369,2,3.678600227167315,113.29572648705907,2.794805074395331,110.23168422460961
568,2.4053154744520997,90.43031461175464,0.5916377957840427,2,2.561757468564815,91.2195288902691,0.6242757943800463,2,3.768332872838167,123.42474550082791,2.8232588432287162,117.01658362922221
569,3.148297453971901,90.70176551403434,0.590427854194448,2,2.6901976087821295,91.70865959769056,0.6567243006325928,2,3.6878534250467454,110.06343950501649,2.839987136469942,115.81224740628947
570,1.756261016380682,65.49280415039611,0.3082908808665609,2,2.5361628882482354,48.915964690910755,0.5258288816613486,2,2.794575185183725,95.79226034929076,2.4909218720133,97.92617402663166
571,2.8934714594865247,81.80735557110478,0.4266411149274654,2,2.594082495666119,100.4636346921326,0.4816692436795753,2,3.4988685841706664,97.18486852326234,2.6026211260421177,92.44354814879986
572,1.8755460676041955,38.67479536364121,0.3221404907542363,2,2.4205866299797667,92.66912238613335,0.49543382858807583,2,2.906692209146004,101.1082292540728,2.6957762498382323,90.27678626667591
573,2.0964631103155624,85.90622684348281,0.3893345536777366,2,2.312120274115189,90.44260388074568,0.566958342555034,2,2.911280986878368,95.68741792196934,2.737513380458179,105.77722577815041
574,2.6289435076976604,33.11262872096026,0.48872752116615537,2,2.6534637924371545,91.0492336333774,0.5975763908132252,2,2.9577874726590405,96.11242815043255,3.0801305432914363,125.23439139636892
575,2.0027434273043654,60.68921131478433,0.4631218635509527,2,2.6269022681207796,81.96501097948635,0.5900985926878135,2,3.324484774531408,91.4775802336907,3.185068447071759,120.97259132366874
576,3.735311162938815,90.65627862435815,0.7167389054747577,2,2.8388915843502973,109.30986943283663,0.8258625100051242,2,3.895533801486673,119.81507775943005,2.852534811241994,124.7774084200852
577,3.1356029053471586,90.77069950155821,0.5944089988744048,2,2.8245596266932766,95.4431646484919,0.7191456105477187,2,3.7275310728195286,90.33933083256602,2.811765653559653,99.52042618049717
578,2.527504511279411,74.61149905604665,0.5167282442379444,2,2.6569169579029897,92.0853313117508,0.6323995797911893,2,2.6271315681831107,90.70614291593306,2.7564586623161023,98.04279215665153
579,2.780798620442931,83.47242900706607,0.43890646401406563,2,2.78379324621265,82.49844639959011,0.6887755174579513,2,3.6827746605337923,112.72497875669275,3.251214087842441,105.23071462442165
580,2.616580726608153,92.03490214555013,0.45346198222745093,2,2.7262855195981137,103.12451739774406,0.6907881274543811,2,3.7143118309324126,91.06187920438386,3.2791530335340067,143.74492619222173
581,3.5082684359590264,90.62305763045424,0.6335632881379479,2,2.5810523561565932,105.10077750436022,0.6880795084387378,2,4.327446765313602,110.7744615637509,2.8520785732660117,123.29617631149483
582,2.727683841336193,90.5209210938789,0.5921619447953494,2,2.2212268759848577,91.54068853225257,0.6639784501526762,2,3.9877957620269826,91.80645516550933,3.2424013140915857,148.4041155673633
583,2.2343851527145433,61.33296728503994,0.4185674593178229,2,2.2104419128667514,61.067663760685214,0.4214711071030742,2,3.3706124909502906,90.59593225769768,2.9221961468667015,113.785587345433
584,3.213497788483616,71.2672931638689,0.6085348811328364,2,2.781609012408508,109.39852662075063,0.7619792087078529,2,3.8304131416794647,123.68907894117405,2.843553024688383,118.05764525849483
585,1.7763318263103687,38.36063171352638,0.3259419844563198,2,2.5911084998308445,53.192959314711885,0.5314825240124306,2,2.7924779934322586,90.87343746247957,3.092065329956542,111.72384596023024
586,2.4274694059571633,45.79446012265256,0.3991808485612897,2,2.7041220227878604,91.78342962946527,0.6172504155454893,2,3.630755961520088,107.00720692160333,2.763041981632012,92.18397828768313
587,3.033798369920492,86.87670861271417,0.55735425083365,2,2.692880859362925,91.34430622743815,0.60372723514842,2,3.4854973644474834,94.95626387260732,2.7312847181675046,97.81778428696808
588,3.0922963578022924,79.10487340157746,0.5601135138364722,2,2.8082646691476416,78.97276703495531,0.7226632841008301,2,3.587864726808122,103.98016592628186,3.2378974657445028,91.96726509369846
589,3.3868053639174858,57.391073790667356,0.6178821484326349,2,2.826343872897954,95.96487210707672,0.764494760359129,2,3.6906740691401834,108.71495072812996,3.2705295730544646,120.49637241414423
590,3.6284266766117828,73.84359495956399,0.6835083723828115,2,2.8189702218896615,106.7789976492152,0.762900267737305,2,4.479479996021337,94.07415156058768,3.2703532819867696,157.66764678715444
591,3.026954755645536,82.89470768705881,0.6755024643501283,2,2.7267325181989825,91.22513471620796,0.7846195229235727,2,4.371608446133349,151.89105343044497,3.2708201791052787,168.76891010406575
592,2.8101640718147136,70.21307643384691,0.5551935242938842,2,2.4831912804665794,95.19874458215723,0.6447614945375624,2,3.4233348457162887,91.77732012321258,2.7786521046788213,94.7818872657948
593,2.314474478431692,45.06703399624982,0.3940157833486083,2,2.291972806804592,71.06469403554227,0.6388468660157895,2,3.3289459448923826,101.15509459146827,3.2278983002875488,108.1870218047977
594,2.634449334258607,90.08323403822924,0.4968432624029398,2,2.754264268220887,91.1019938155324,0.6947346139841963,2,2.954078084039496,91.09590555700517,2.7604387739640397,99.7285330392729
595,3.455155712208206,90.78093797405023,0.6065590007140411,2,2.847580062702294,107.13624977278086,0.7975616224768476,2,3.585931117209622,93.47643655898517,3.2982032223563786,103.39591491821281
596,3.5841899193339968,90.61173444673531,0.7086771069649329,2,2.8344425525185537,123.51545929456044,0.8337389869817398,2,3.9075180640672347,123.51660242763606,3.270629186643278,167.83380807562466
597,3.2825570036517253,79.85490553758346,0.6062915312254169,2,2.8357914077251727,109.09590914907515,0.7814532205140379,2,3.4824479487480766,92.69932109507663,2.843997035124111,109.78854082665555
598,2.7222530185153575,47.43187028110199,0.5065384787449625,2,2.7142211087277524,91.37951420997084,0.66486168233167,2,3.477494644396943,108.1500160937945,2.8384406488068077,117.91319062399357
599,2.624494258209878,69.04051258466578,0.49708640212949984,2,2.81679799240603,93.40157849602348,0.759005625945114,2,2.7201941112756742,133.49245531498508,3.233145912049528,95.64448563865696
600,3.001593504458238,90.6635997889789,0.5435770262210353,2,2.746002147278514,91.38777224152095,0.6674415255480535,2,3.9933694452984825,91.41723794666991,2.8070172141158185,100.5032449979371
601,3.0492045948276965,90.57689023024984,0.6285838257032805,2,2.811159045735988,113.58378863091424,0.8042697982905083,2,3.1822351799430497,90.20251598587075,2.8093745205594725,110.33741697020913
602,2.484237879723147,76.34475149453199,0.551991607607894,2,2.279551321580928,92.74368386054938,0.6485114689935916,2,3.906154777422138,91.39597359121066,3.1675217253425387,90.71151890727246
603,2.218511349441092,37.09587196321281,0.4497183747889479,2,2.7057649485603648,77.15676928583709,0.5541467457011793,2,2.6023678727643382,94.64962812733478,2.7705527797709446,108.05657585942197
604,2.0476613111162587,71.1909584607181,0.3957157886624306,2,2.5246037591221264,94.40436368042246,0.416210232790198,2,3.3983307059942507,102.15640328952759,2.739163494471364,103.44486897393591
605,3.059685347313,90.77807645109688,0.5330707026767891,2,2.732312861731993,91.38130874778057,0.6783705210557431,2,4.315342823012367,124.93370335903234,3.2695961219948773,119.49385124173969
606,2.6876185754942608,90.25368072397583,0.5413352262502871,2,2.7733122336560463,91.15362676863592,0.740439253699304,2,3.36485898597658,99.71402409630198,2.808420564872996,102.65239733916958
607,3.3921688130959824,90.616886144236,0.6079892423301563,2,2.8109360007732573,91.21889983431662,0.7348848889955143,2,3.597341693221557,95.39461632629984,3.2729629234419915,158.84800872449992
608,3.3997812452748315,64.59201754681018,0.645689282463098,2,2.8504552479678034,106.74422049597054,0.7662383795465101,2,3.3488029305121976,91.08830578976351,2.80118761631874,104.18734587317634
609,3.2344743720189126,55.02604767045951,0.6823968846257564,2,2.850323747874626,117.61800089765664,0.8359653045955823,2,4.018723076763542,106.19921985079293,3.2701433487805875,147.201982639254
610,3.001912982786511,33.05205447909471,0.4461326628851575,2,2.866001747376553,86.63402364732197,0.6508185579380532,2,4.019156938894126,90.38391874138388,2.807846083948515,104.92605079184682
611,1.5393704883550376,45.42798273090457,0.35329808483453357,2,1.937836434606899,67.91397537606692,0.5411102083836699,2,1.689379244354832,90.14600689311703,2.9283580569078116,90.63082287597565
612,2.8571377531147903,90.66958848509168,0.5952188918653295,2,2.7591392533642916,111.24814530611344,0.7281900180867943,2,3.9362942159940193,138.9413913843149,2.8489725041412415,116.11194363914797
613,3.6572258071647257,90.6270439160256,0.7450029127128437,2,2.837957796792407,116.28617444945917,0.7899868023736616,2,3.893558842533195,119.50859704453227,3.2707381472243844,165.40709099603708
614,3.466451405601859,63.99081045306267,0.6346731511585075,2,2.8078665261684,89.12667317773334,0.7089786232711938,2,3.97585914417401,115.52453830519856,3.2540651541840004,91.71015944541433
615,2.1912696977648345,33.45056036115177,0.35159989721537555,2,2.5882718734582597,91.89398709249572,0.5585630805340831,2,2.8722416314591204,90.47071489688534,2.757297166351275,101.5057435783517
616,2.379798668569823,89.35513948006563,0.44165678900531624,2,2.6331589791555325,91.33589897583808,0.559815755566553,2,3.187286684986757,107.03143207689112,2.8379602070029657,122.0877106282744
617,2.8666734156934974,90.74828756229435,0.600430530802387,2,2.761689138507921,104.06335771113757,0.7141146651527747,2,4.489202337669605,140.46732020349305,2.8553405744947042,129.96474349788326
618,3.191435264130969,80.74449652879193,0.5481574947664316,2,2.763861490206508,59.228826800371884,0.6157070486944842,2,3.4905181514089114,94.09712109027059,3.16919148216896,90.98710490513089
619,3.0262004259634248,90.70102811485255,0.5188784237592389,2,2.8246960271550168,105.34013171513729,0.7536500314238612,2,3.5460373816090396,95.84177442460587,2.8089382295316083,92.11285412806623
620,3.467265421816789,81.67026165680169,0.6578797808396332,2,2.330966596437958,93.55324065571793,0.6303746362587407,2,3.7511660478478954,116.9644932100258,3.2705253383383264,168.3358951848808
621,2.964640160330737,71.08389102208112,0.5951000684623123,2,2.702024868782141,112.76054156778945,0.6940030982802512,2,4.20734350685798,128.0240092031643,2.8519828596300565,126.36289497952598
622,3.259725935140535,90.68893090862122,0.6643160249985185,2,2.7556510619019963,105.30742281768941,0.6678973912562797,2,3.8475392386413065,119.97045214067698,2.8529273156423693,123.24358936456179
623,2.0254279248320075,88.1444354751388,0.45616793204197653,2,2.811405830156715,108.97667529940922,0.734998128291429,2,4.0879282789651805,92.86016682435735,2.8430461155480935,120.56946389015896
624,3.4153458952993065,90.5539726392524,0.6308572174481619,2,2.7941919202340366,92.210837511506,0.7033135243112449,2,3.705513251756253,96.26835563654856,2.8072049417740548,93.78421100650601
625,2.6917810090327507,60.81126502102008,0.4729145527997359,2,2.6839036427842005,74.29039203009388,0.6385918452636544,2,3.0527898144451897,90.19340203175977,2.772569512944793,99.66689012304779
626,2.815475266277859,85.24668745714816,0.5972677215471811,2,2.6279927424678675,47.561174810070206,0.6749878418260469,2,3.9914744602668564,92.03374748644438,2.7288196186189335,97.06595329263645
627,2.0316476354582975,43.04790207277812,0.35898636330498723,2,2.487694788375933,42.52460310596483,0.3761414057499457,2,2.2565722868005706,150.6330840029868,2.5594130187294604,90.5831418873715
628,1.4815137550785844,20.09687503031885,0.19185171586035843,2,2.4999229179606575,43.765288476545074,0.47441481374644356,2,1.4903252831639444,105.06134801215276,3.0131094257595743,90.42154487308136
629,3.1788993828172103,90.52652859314004,0.6053653788102242,2,2.6876359611196214,91.15794417033224,0.689163800169956,2,3.778861588910498,112.52248050994974,2.8409391369697343,114.66749518268456
630,3.5095915255141237,90.64467553046838,0.7165829197081943,2,2.8394796300597647,118.02432541053349,0.7803902539762906,2,3.8711267054929523,121.23806722265064,2.8545636653559945,126.96924409643762
631,3.1390081741548563,43.34983110448699,0.5579330006226159,2,2.7596015612048004,49.299033123334205,0.6266649737411493,2,3.76539809661194,91.03070403692652,2.767948780591985,96.95041765324792
632,2.712318889041132,49.72328143827418,0.48819762031268504,2,2.3935053822267194,88.72261467751399,0.5375092627128282,2,3.569920544992448,112.31885727579763,2.9533438780304895,94.41662192971667
633,2.5442592388571494,90.65209989384695,0.5250988765965751,2,2.766791319243373,91.18410628908703,0.7165755568949222,2,3.1484842619783397,94.14506738491053,3.723372736872559,90.24022583282198
634,2.572808406374467,90.3784690741148,0.49142925923130404,2,2.6370324426110434,91.12261802450686,0.6726755728119095,2,4.146605900161061,93.53834019162484,3.270577004189672,165.5812767423466
635,3.1429573435385123,91.00601553961118,0.5057656148502551,2,2.8269928764846117,101.24395751820111,0.7361275380549228,2,3.5619816353612426,98.33003902935154,2.8352603764289017,113.7509469793076
636,2.444792944738026,79.02250914785118,0.5417695953497258,2,2.7973355941587865,112.66927376732257,0.7678059052040473,2,4.359072939547934,136.7572949891646,2.8484113009975456,120.97996199459796
637,3.781571434021797,90.61736299245612,0.751419371847821,2,2.8521435812406772,118.49016879657484,0.8506229019750802,2,3.8765699364480577,113.85257562352159,2.853612858788642,120.70674598314406
638,2.6032688025960065,53.941486232656835,0.5742310737745882,2,2.4382464065595704,83.39346300818546,0.6910255822947511,2,2.9702962014327743,124.69083133704295,2.7741815509797982,100.89390070633411
639,3.358256596186021,78.26151717487339,0.6202570181904379,2,2.7510212006302996,92.0038316332241,0.6380956030916449,2,3.7321570004155427,116.29117701192132,2.8422304381219767,120.82020068767876
640,3.570643760972489,90.72671510765619,0.682614278024068,2,2.8485667216448993,107.67066612709489,0.7806811084098766,2,3.675258496881255,94.3095982146745,2.811174199728601,92.8899182669294
641,2.085574565239514,91.10987618119127,0.4179488573965562,2,2.107192458826691,93.78125214317085,0.500727731207579,2,4.01666331416583,96.28102692753738,2.8400101534579134,115.80208616449144
642,3.530407577838952,90.58785401205158,0.6651615128924118,2,2.8057099128204026,91.16555362810547,0.7875553259768484,2,3.7239505097345447,106.47866530061384,3.24829246525482,114.03719539597886
643,3.240511375640186,47.1350420295925,0.5444599310002639,2,2.711549675201846,91.37737096022295,0.7017336923775856,2,3.520833529287123,100.91773958916929,3.2125224149859752,147.36213220873682
644,2.7973722575358906,47.98728558402068,0.515571973933675,2,2.5499909810399113,93.348985289041,0.6093659046446626,2,4.39268929952698,93.6784078671587,2.8503631069853403,124.35058556015217
645,1.5470232301584954,28.50656644213284,0.2633782956749646,2,2.5008029884563476,59.60963525942745,0.4634194149556997,2,2.0918927276459627,91.40533838864191,2.6610307989138686,100.4684070543403
646,3.2863099564136036,90.64346076671734,0.61925897235908,2,2.8271141676704215,91.20706985455767,0.7499760554211616,2,3.5253897449363234,92.9119374374072,2.829934498832474,91.78003054936195
647,3.0601448713483705,90.7335348229159,0.6405014869472819,2,2.796857263058497,107.54098546429368,0.7231305340053106,2,3.894841015134917,91.90149480411652,3.2784747576409528,152.01550485221284
648,2.6203075295645766,30.08080832682894,0.38194941015670336,2,2.5289973221486073,90.63051539240105,0.6521814173008064,2,3.6805556653178093,130.36485942824834,2.974673512664447,90.29156683616094
649,1.991125455492068,34.67695578820426,0.28394358458656754,2,2.583870771420263,43.383510476868345,0.36024329997659893,2,2.534936462609127,91.28310827033992,2.489432683730238,94.04209505122175
650,2.9384074134877616,90.62257544264068,0.5608677594120968,2,2.8007611363894562,75.95096261205042,0.7000508618222194,2,4.145586706016058,92.35990847887828,2.832754249829539,109.3347822202619
651,2.307178619051538,67.87360033122575,0.37691891227424446,2,2.54031172300508,82.71654988352986,0.5030220985264033,2,3.216843594811926,101.57592999941066,3.19539474007228,128.07433706683102
652,2.798991835901692,55.56070023633913,0.641434357489646,2,2.7291577612116127,103.89542291302304,0.7486353736125885,2,3.827612768034451,90.61844862539921,2.737258059295921,92.81671661402096
653,2.9525944108845255,71.06458209140636,0.5344417162692081,2,2.7212376838287256,94.75900869130193,0.6016555979420201,2,3.7846199022389087,102.93064353923702,3.2708625020417093,112.56802123664582
654,3.3992827325841937,90.6167825909,0.5735251128980186,2,2.834020942840308,93.49399946469313,0.6296988282045021,2,3.6228724555639897,96.74496936556838,3.265925741808286,91.01756175886491
655,2.588590447163756,80.47732162312256,0.4149856202388178,2,2.769723694180818,93.78903772941084,0.5699606102673178,2,4.142643281297821,143.38871470867878,3.273351074225248,138.58420723337795
656,3.5432537827089794,57.91283792287159,0.7055579820814316,2,2.8278553250261593,85.05776100515584,0.7979747854960253,2,4.323320146722663,136.43591532703817,3.2610693344915025,126.32385514975266
657,3.3129486026091532,75.95665479519586,0.6677329939294171,2,2.8030765415337577,91.09816749276439,0.7838580524866345,2,3.6542615964518683,110.96548711455999,2.8190959725093983,112.74546454249804
658,3.1501331313851186,84.41095627348508,0.615284966318877,2,2.829990652431031,109.911369709958,0.7482944008417218,2,3.63749825755515,90.24718315576939,3.2752153785976046,159.16562237577142
659,2.895781529944018,84.93252008693216,0.4786784862364126,2,2.6077042044826553,99.00524237347196,0.6084216754233793,2,4.3236064096407745,94.23060547572769,2.8537662774078165,130.44837862838537
660,1.687272743596779,44.50350801362202,0.3302435218072749,2,2.155947007699715,68.93671743763448,0.5459917332657942,2,1.8943494969762826,99.57227827439385,2.238499486595565,97.53440105879733
661,3.616286551146412,77.60671823553263,0.7331550097581613,2,2.8475040635279583,120.95916787266914,0.8318811877950877,2,3.8301817556786713,122.13757665960694,3.262399495348946,117.77394154144197
662,2.272464507236458,50.41014994214226,0.39925961866061,2,2.3217863275555786,89.37609605538742,0.54026407828464,2,3.3826019668774663,104.90289965020865,3.247102207282431,93.63407835802198
663,2.9567495367417425,66.79264063632215,0.4886280393460871,2,2.798947503707278,79.77980107320302,0.6204869148032992,2,3.314640392173169,94.29339695779282,3.2716357975456853,92.25518774676131
664,3.4992887602257685,87.39234642425284,0.6934610790274691,2,2.8321076431851204,102.1763881727818,0.7831598413521754,2,3.8403393804341057,109.41935253997792,3.297265270266058,126.04475902368046
665,3.533634688046785,90.62103210742684,0.6962435486858783,2,2.8095966877283285,114.98034299926937,0.7996787298788227,2,3.8061820667182897,102.60386411440363,2.831905585131368,110.66467323215716
666,3.17232305682004,79.04208881292985,0.6017813601741675,2,2.7780202951034156,74.8242460208815,0.6560044833942021,2,4.006922062314173,91.16392284552262,3.258272101390222,91.08332704502509
667,2.46052687401423,67.29077206794584,0.48968488827526696,2,2.703041921871608,91.75170811935625,0.6250388591755347,2,3.594629439895179,103.89477590896307,2.8444919180486634,113.86993824184164
668,3.5804473289700733,90.64663427917436,0.6734936303727765,2,2.8298574185495156,94.85411685248154,0.7626433429474712,2,4.420763803584554,133.09847353861474,3.270583186974895,169.05316413006892
669,3.019976064636457,90.53645149762643,0.5740815076710466,2,2.7711823530084154,70.71944120300293,0.68606141386845,2,3.897098498281098,142.19169286870383,3.22177755620367,90.91431726602036
670,2.371772212634048,52.469933002182145,0.36801720040764047,2,2.5123268121942988,92.39935318941625,0.5311132284768443,2,2.8023150504423184,90.39045067916705,2.726881257651361,103.11776343590375
671,3.051853728737974,91.16250371861165,0.5388603504932199,2,2.7409405065325383,86.7246951634217,0.5698438656852606,2,3.401837754652622,90.24495886052108,3.1619086500965694,95.94641393628416
672,3.629742974207389,90.60110135455425,0.6983691795613133,2,2.832966430162879,91.18012652288081,0.7708744204630646,2,3.7850510574437672,102.47671423300532,3.271189155890162,168.1050606870147
673,2.346277807873945,76.34609971345297,0.4972734963706581,2,2.7042031434482516,91.57033541063048,0.5965267762471635,2,3.4645793764370687,107.58541362820476,3.2238112527292984,108.27837730232598
674,2.649260987885366,90.59675939479737,0.6183333894031486,2,2.6865785474585717,109.3651257242579,0.7416763043966499,2,3.61765466470901,114.03446886856545,3.2704573548485434,168.14931416951075
675,3.3496079686465974,71.23953012907276,0.5349155837700511,2,2.805711080575776,97.4355077877201,0.6967664780700866,2,4.15711781686582,91.49076226311217,3.2756195233291923,150.63917428025675
676,2.790719699729814,90.59177564181164,0.49307918070524903,2,2.376776790281043,91.74112463732932,0.5632490804421246,2,3.4850670262132017,92.67311656567571,3.2505197709859717,93.16224891038553
677,3.162678229523476,90.80357119994142,0.5933707657524822,2,2.834189413245913,108.73457343947948,0.7550930005076407,2,3.6288546181736496,116.22207442399439,2.8454162594844035,120.51411902747267
678,2.982778127899095,90.76269807970247,0.5875617164986244,2,2.6250532427113624,91.36551525361054,0.7038408358772623,2,3.6572302173989244,109.36341958280366,3.270285338082066,126.03379408560907
679,3.1834996699308613,90.6271310276467,0.6607081113662939,2,2.8356382350386347,114.55028518316507,0.7774834710600569,2,3.757603669299182,106.75330677073681,2.844037755140131,114.1291116478139
680,2.7038984592624487,90.67320019277595,0.6241864958661898,2,2.7126863074821777,96.6835100985354,0.7086903312385227,2,4.504846525076101,155.56408070301316,3.270406044651543,169.051961699977
681,2.9701805896204774,44.39609406120406,0.5563856444200327,2,2.8145045360499426,91.41795226546971,0.7272421746544617,2,2.658443739205062,129.84085993687546,2.7418204937948554,108.79194387857014
682,2.6960812774386222,45.59591578311609,0.45356735833234807,2,2.4356492161405163,74.09296613770921,0.4123386421521768,2,3.2151984760157313,92.88633987660975,2.733718137024565,99.9465023109008
683,2.698881192987788,83.34510524916831,0.5000590172608543,2,2.3610623587211137,75.68397961062911,0.6429813385811276,2,3.079380095964876,92.42078186429379,3.237034687582029,93.57375391155658
684,2.2816994137833806,89.6141939719092,0.40668880514815464,2,2.4758634778702735,83.82402082979786,0.5297023047157304,2,2.95701215157884,94.60808727700262,2.8465257153025325,119.82615571800449
685,2.736983017856485,91.33033681632548,0.4805417178107856,2,2.5808868617988,91.27257343105323,0.5971909517222993,2,3.598922424291979,111.0337089375102,3.195416160849565,93.35869660000493
686,3.3561915785638634,71.06020328375153,0.6658198656306247,2,2.8133025209819316,102.81252542504134,0.7195715172160321,2,3.8289669663697716,127.16738526104412,2.8539752803619267,131.96400711380056
687,2.359689262597799,51.87720772851068,0.41283267937310475,2,2.445501558159642,87.20582303954794,0.5211857361350148,2,3.443483466292281,101.39020063429228,2.7952636177283874,103.90284599928486
688,2.506774001707273,34.988961247001164,0.3848067116598949,2,2.5343474069866825,81.92669358887767,0.4624446162625039,2,2.9460874987954777,91.97275827815419,2.769314385638657,104.38466200433898
689,2.359109940316953,45.8597349122855,0.3824061396715115,2,2.5223266067409105,91.20851759971448,0.5294856954359675,2,3.387492834393321,106.89121621843088,3.212931084094788,111.7205845538456
690,3.528660459255207,46.85553094388957,0.6337584323428416,2,2.8304159213794304,101.84037225185787,0.7172402081938322,2,3.769246049330184,115.58212909904246,2.841318358754575,113.14574301303516
691,2.8618847534080514,90.71769051077365,0.5687304570971591,2,2.7605520042805565,92.86302769945334,0.6526783519289237,2,3.8101195149332616,118.10014572339675,3.2677310833783624,102.43387729624857
692,2.6198157749706095,34.811556283902966,0.4788520716634073,2,2.74292371611549,91.49717619432231,0.705090864348396,2,3.3760018048564113,100.070902647258,3.299727469638054,90.39148681200568
693,3.138775045658222,72.09871500235319,0.664024990222069,2,2.789637491553884,82.72271878214455,0.7721395607857929,2,3.44728218217121,99.95395148547331,3.2086506898594114,107.68072343933196
694,2.5471426164166724,90.74270262091338,0.6132576910631347,2,2.6689768000131338,119.62744180769883,0.769539827469595,2,3.8212364263383827,119.11494350141245,3.2708105098711093,169.47208818274612
695,1.647448123368902,63.939567967609065,0.31851919494063474,2,2.532351693629954,91.66240877888137,0.525441310338179,2,2.0385202466993393,90.26581103131234,2.6285516822733457,92.3413504860454
696,2.771495603830408,32.87336576604215,0.5007504327215967,2,2.6380561324389333,91.56366523137183,0.6512681209094907,2,3.648050569649771,104.99817349137906,3.247720154429274,105.63500212909538
697,3.403937699918276,82.07009321296147,0.6046069658955902,2,2.8235800129348765,105.97481639385983,0.7712343606608617,2,4.305095068177113,141.2752856838286,2.851705687792407,123.52486889551743
698,2.4192129168877847,79.06044347749409,0.39962985283986563,2,2.599615559477444,58.9986470534823,0.5753163082510588,2,2.638868025022777,91.31220618423573,2.9563305182616593,104.37825625309088
699,2.439491218843686,32.20468032143593,0.21581828313057494,2,2.797699817383661,88.02704775920537,0.5473898477510236,2,2.5384733058087625,90.10598818483959,3.397606227232296,90.26942732291707
700,3.1972330830712283,72.71292268599241,0.6313660800501262,2,2.835948193169705,104.78871162290737,0.7921114376346909,2,3.197508459493283,105.09472682976961,2.827198779228366,115.05109725514065
701,2.7053283268427744,63.259488802947004,0.47413568117243604,2,2.6959493314604264,92.30333387155675,0.6306921736515164,2,3.563256161818265,96.72245532535217,2.762789039938184,98.78821456588909
702,3.5059198040998316,90.63508460749725,0.7063341145598928,2,2.848230263995789,107.56001000132157,0.8147047977156541,2,4.438046537269213,92.27655081396824,3.2892685048199093,148.3914447073003
703,3.4260266778775748,90.65228131292596,0.6609447487029176,2,2.829198311935862,107.18169166149207,0.7834620179486771,2,4.273813434864052,131.93119042610013,3.2706111846513686,162.89731121678273
704,3.1441823251257768,87.2006940501337,0.5335562127783026,2,2.6851254945357743,94.64016467102758,0.6154109505448464,2,3.985226724417271,123.43144742839888,2.8526377210892506,122.47862704840836
705,2.540856639915162,89.80726169477497,0.48113428989591506,2,2.620147337242098,90.97400108769818,0.6094275557992272,2,3.434040193861414,90.5738321987608,3.125714103598348,91.48540738450035
706,2.440266480358892,75.8842080879995,0.4816771681898884,2,2.7666298866765806,68.97610891566899,0.6615868151603321,2,2.5563527815783997,119.68672073040237,2.8112933315859157,108.3368508794885
707,2.6560360547555755,90.57077353427461,0.5485008832591471,2,2.5746024213119316,91.09798541143533,0.6170059657168181,2,4.116868367806466,91.89013889343808,3.19510603047828,110.8961334860352
708,2.917086924939293,80.56919695995884,0.44924274119550944,2,2.7861388918810093,100.87715150660635,0.7069081521975218,2,3.7327301387992966,105.17303795615818,3.3051452872648652,148.90950344243913
709,1.8852872070978461,79.22750456747326,0.44267154605515896,2,2.5791778367705596,67.10898511859676,0.5512620715705217,2,3.2068387410682027,91.46752692057557,2.67607918880777,109.01493116880492
710,2.485540685410907,40.20983625938928,0.4530193348282012,2,2.566687208770443,91.49770031942597,0.5441416755166096,2,3.71666995970562,120.33426405893971,3.1962587319295084,93.41676212238842
711,1.709750732052825,29.14744097068867,0.2546399709825081,2,2.0518100791020846,49.427698790055224,0.3833714912450279,2,2.3932397846353393,92.53741129999594,2.593391545659906,102.05267606192989
712,1.8313550789278588,86.64228446442995,0.5162797988624405,2,2.370426864672056,56.12029831364548,0.5501022732465322,2,2.8430719469227856,94.41464107228862,3.0188592565413677,108.18722785945006
713,2.788535757922165,60.205636178322216,0.4865394137486233,2,2.7079595042540934,82.15820434645084,0.5692248420803993,2,3.596540073604607,106.88379363317294,3.1192379188746564,92.15430108856069
714,2.3947753362748103,58.67349266628817,0.5023028714580535,2,2.633653526560889,55.604307404915716,0.5841870375430551,2,3.0370086457431222,90.98161100236376,3.122479105771166,94.03850068731062
715,2.897435991274735,36.771504490142476,0.5563066839741456,2,2.7526637406989116,105.07457369681283,0.6883719996159561,2,3.4518394004092294,107.68121399238885,2.574247770766213,109.68392260648295
716,3.0219941318292727,84.51341039038945,0.657833704215888,2,2.7559079071876686,91.14907526887622,0.7447984026360226,2,3.6043518837987665,114.7798172966601,2.847478188283883,122.65723728963286
717,2.7465551269200503,49.02284438671712,0.5843440404749175,2,2.731190822706884,91.07111291925395,0.6971552653989675,2,3.039363151195179,91.11491621234757,2.698845138706404,98.3413313510054
718,2.1833386739370226,48.36452406375317,0.3391657373869438,2,2.292427853772999,69.47524628799097,0.39672993670847134,2,3.091889518259453,91.128653320577,2.5359655960757306,91.10371577434847
719,3.096667490582436,80.05688651874715,0.6685126258244115,2,2.600396503919933,98.12156133612798,0.7949065822506267,2,3.9605137727120665,112.54559074493937,2.8238663929801016,97.36914081225072
720,2.304431744720839,64.17186998548027,0.5489094249525918,2,2.4819418397860105,91.09294686956531,0.5408696128883645,2,2.229325286799498,110.34896605182531,2.972838229461942,118.84763345104771
721,1.8978334635088459,45.72805497931446,0.4657789910465225,2,1.8921954847609685,90.38012876354423,0.5865266166968031,2,2.1410229894767134,149.88323098276442,1.810825693066607,90.58071787904068
722,2.2755108600316802,49.70519605138962,0.44518823023610354,2,2.5996695189932617,79.62112698826333,0.6117124566685543,2,3.3555994350687093,105.50410730520015,3.217417765757266,122.76779125472694
723,2.3805564587038193,50.018183811867814,0.39603196533562934,2,2.561583524432966,91.68519699480419,0.5508986636091042,2,3.8170912629535505,97.77992732060059,2.8060701656340346,121.00781783595234
724,2.7723373799031585,46.92345792518785,0.5327196305314175,2,2.687777236319865,71.55553060159521,0.6002500207022281,2,3.475296242097489,104.07564193990596,3.5693765595538283,90.23055899450914
725,2.4491597761766433,77.9027755288517,0.560147609581951,2,2.5493785034364165,98.04416238661513,0.6446489151632431,2,3.675021644932241,111.67835548219907,3.270695045167041,132.97039929077786
726,3.2431333210357955,89.65382251124545,0.5389496625187846,2,2.8067983653928583,91.51484982846577,0.6966581694788689,2,3.367281484767599,92.4466010020114,3.221469059087241,116.66577037991964
727,2.4292188009330333,66.67786476610772,0.42526309726503797,2,2.7973796066192995,90.92048305443537,0.6455972194845243,2,3.9995986791105085,91.67609937098754,2.804423786978032,104.90918237080027
728,2.679639993269434,36.60163360582023,0.36032959762856154,2,2.7784339318150453,57.935510271727985,0.5804747310448055,2,2.5233003157897658,91.79665204235845,2.7759635594039724,106.36155971062597
729,2.589727497142451,90.81859616332214,0.610184368784598,2,2.7611924694765366,111.77148348915074,0.7837815223615816,2,3.769945724270187,112.71373688624021,2.8356089170626135,111.18653071737647
730,3.0871199646297907,90.50050524295459,0.5826732277464517,2,2.78656468302552,91.19559097882532,0.7298956096896759,2,3.494000438766005,98.77177879030593,3.200779942633769,117.4468160317041
731,2.0523959646931713,51.23242926078078,0.47931767715984364,2,2.1468819218386392,86.20920304878166,0.5517935178149839,2,3.5086909141369693,98.80865038369267,3.2605758866786947,92.33830032745277
732,3.4272887040060147,44.98524295511347,0.6938903547145745,2,2.81192699353308,117.7761012252694,0.838005955418477,2,3.578498682708054,113.46851328276374,2.849679549173735,122.88135867082357
733,2.420705178905178,56.41791324982262,0.4456887117963551,2,2.7471667497647934,91.6835432640833,0.5922029764313523,2,2.7866144588743187,90.42840449233415,2.7833956185473268,101.88526075952136
734,2.797452248646796,44.542186779079586,0.5334732623343119,2,2.713072489674238,77.93583610335638,0.6038071556950971,2,3.3904483788096913,99.62735064646279,2.7204269426004233,97.64412951638245
735,2.9148025342718102,70.02198115962689,0.5278925620162721,2,2.4091822780381156,84.67866520877382,0.49682687478893583,2,3.3969286493666537,90.13837747693022,2.9698476146085744,110.44828680719408
736,3.3184271708314,90.56780038200773,0.6630940002719297,2,2.826023115569371,99.50392506234238,0.7598349814622766,2,3.7558227468011975,96.55971363144357,3.271343685072695,147.54757522671446
737,2.1125977399973115,91.07436662844829,0.4796060166312007,2,2.279623427617183,91.58299928257206,0.5921778173793174,2,2.948098119604405,92.74062517658463,3.250336274837516,99.42686464689571
738,2.332448160364686,47.93154703049318,0.5586378087308521,2,1.902273194832168,88.92280908671714,0.6347465202750227,2,2.2289448613529887,90.44367459752735,2.1450947186360123,92.23604599622023
739,3.3002865212128927,50.20474412468381,0.5903133917971032,2,2.812361123071817,98.33088577356092,0.7351119560509667,2,3.7909066040771653,116.98657967212819,3.2707814029036912,153.99919493277284
740,2.3138581326601266,34.703335278552,0.4599560551707611,2,2.709148655894046,86.78155073179454,0.5688517340700975,2,2.9133543107940407,92.04992654434129,3.1895413436804354,92.12928967009533
741,1.4718682400737022,38.42590599462865,0.3864849093961027,2,2.503109059611928,56.6820942914102,0.4755401806633037,2,3.000939674299707,91.1032185761108,3.037022946566087,92.4542840499001
742,2.9477689906029805,89.77316331868498,0.48474646676868727,2,2.782235309851162,92.87219811076756,0.6185327714137051,2,3.189493980280517,92.5002806252468,3.2736066121159237,115.12772807294168
743,3.1844112133567504,90.69051969793196,0.6037482362499497,2,2.662272857182266,63.8175557584683,0.6378133817896972,2,3.9238801241484746,137.00769214927428,2.8306349817593484,115.36557189625722
744,3.409447230857837,64.74517925529472,0.6654977780369312,2,2.7812682849007717,92.72836670449539,0.6987550337641067,2,4.419836350290976,120.30925893770453,2.8559744665117193,131.74662388895845
745,2.7957386873607772,76.41179918045978,0.49475870665762417,2,2.6243121288469458,71.41574008870458,0.5553842951453436,2,3.2837755758474314,94.8196623612933,2.7947742537690003,107.7017381872204
746,2.871243641616991,57.824134139541876,0.6101592532429925,2,2.783138743312084,108.7714937364018,0.7778918289787917,2,3.679387197054348,114.03296668360304,3.2715940502878555,157.3668275187215
747,2.597721028353727,90.52535778264337,0.5933757040570193,2,2.366087591461596,90.79573783407234,0.676605970675065,2,3.685908932399161,103.63431392308252,2.791911257352401,100.00313983838222
748,2.539801197664534,90.96734206377302,0.4602180569699654,2,2.380407737338986,92.33469825008169,0.5002626703922282,2,3.443404798248146,102.42434839938953,2.8062360234339883,114.23768277095604
749,3.076191256690121,38.62230821077842,0.5909327807786223,2,2.7857878198537205,99.15582414245752,0.7108563043532458,2,3.549327801312512,97.37201561364488,3.1489271023063075,92.12651150181503
750,2.2924215159715877,76.24462662539693,0.46837601621304936,2,2.7333182460203753,104.41396069546691,0.6340206723199421,2,3.856821137114029,123.88643751211465,3.2706035286597257,169.70533636576562
751,3.129368506617177,90.67408072117118,0.6064269930396424,2,2.724771858243902,105.32806948957854,0.7015181040991878,2,3.8222448303758325,115.45437251246635,2.8503811629068507,119.19716021159674
752,2.704645887992791,73.12943070110974,0.5426928726446845,2,2.7133747877788688,91.18781616347167,0.6698986601893017,2,3.6359755666064544,113.22952929929592,2.8526958711466537,123.47517390811632
753,3.263239325563203,90.64041960121176,0.5816930467070296,2,2.8175508729347776,102.60662442032563,0.7499702015656325,2,3.768876040012922,110.41596734840931,2.8396418358605207,110.65368880092564
754,3.151402747298016,67.18816381704076,0.485546816017594,2,2.8731516477513943,96.5166432293641,0.5721307769710582,2,3.484657599932141,100.36700448558764,3.248063775739864,91.6755216875662
755,3.122418346627985,89.3121053106252,0.467846873794856,2,2.811804708998515,109.03812774968235,0.7420606607393309,2,4.053822760225421,114.62029148863166,3.2885363550303808,153.1310302368273
756,3.2740328128708702,63.38686361909773,0.6554936785712775,2,2.6886538152865853,87.12779985727981,0.6534910275454913,2,3.853634345726191,91.14435992301452,3.2185185442411783,90.38833280026246
757,2.379604889176145,82.54563294201326,0.4603978057859555,2,2.7375697356140916,86.99847834236492,0.617863578909113,2,4.122787314957498,92.90676224914516,2.822291327089836,113.04770020680088
758,3.3745109888713767,85.67496271196275,0.6163167860761948,2,2.836772845769863,110.49595788653251,0.8087345551376182,2,3.7154521412182464,103.25102458516676,2.850511981100919,117.85241263503704
759,3.1375613456246296,90.79966264882836,0.5491443077345934,2,2.7255373672916967,109.58916481740793,0.7253341743882263,2,3.7852276968814462,115.76397991357052,3.2710632673866216,151.17300956521362
760,2.386226357674944,33.16734307415079,0.36678780100730424,2,2.436382364008708,54.968855334668945,0.5585208474396516,2,3.10036266199685,90.53386567560322,2.3911712792201607,95.47462234165882
761,3.252178924312052,66.05615782421685,0.46343879611685307,2,2.727513438352344,94.81664239475427,0.7115414330047376,2,3.430339950908398,93.13914312916387,2.8137738087022632,98.3785996209847
762,3.142360854940379,81.1485720335894,0.6176226178217514,2,2.571842775347099,92.2203261956606,0.5447130595631675,2,4.346408793122849,104.7217519644174,3.270633552101648,168.31207792848008
763,3.322632141324648,74.0427693181754,0.6636206842463318,2,2.8404464766839377,109.78099208096725,0.794090553996526,2,3.702520266720285,115.85238622928706,2.847205590911107,111.99289715879532
764,1.6751060242959164,30.116117473252388,0.3644120874562366,2,2.131023750296764,88.91688717934385,0.4519808245424827,2,2.863593359264305,97.86923416919986,2.3342168950689595,92.141966628975
765,2.846565235182825,89.49564602854592,0.5272687750956389,2,2.5843219724065065,85.77717502778637,0.5714911916840418,2,3.343973948392728,103.04799021171335,3.065395704845327,138.91342252715555
766,2.994507216959008,70.30442734573353,0.5464165110914198,2,2.5762926878749712,91.60089345263181,0.6032210014578878,2,3.4550023615662835,108.52438668184911,2.811307895386064,114.97134579152772
767,1.6352363449810257,30.214970802178566,0.4197208532735022,2,1.920737016795168,49.499958791163934,0.4295723105414827,2,2.2558351831253187,93.44243651581696,2.22019586143571,94.33572499061508
768,3.4794914439357005,52.42544342642422,0.7312203981039376,2,2.729462786337941,116.1799460154482,0.7585674277784042,2,4.3554645949934,94.2283935911879,2.854704183882471,129.24579107673037
769,3.2906396760370353,57.5407320981723,0.6263705203088367,2,2.8103619027828737,83.31171995627678,0.7026789270405885,2,3.652886309278267,102.03228103194046,3.3677697119569108,100.57368486327115
770,2.4701629496076705,40.401257520771026,0.4968884685194435,2,2.5658886988010274,91.20451233689062,0.6001946452949756,2,3.489155313554766,106.65503640145734,2.988254976004677,90.7890877738067
771,3.3133060723755388,60.119874561767176,0.626919604536708,2,2.803682768386535,109.63753524926062,0.7598289922688966,2,3.621280062287218,92.8126281300464,2.823713668420092,99.36613547015503
772,3.401675390623585,90.58528674736556,0.6193739552472032,2,2.81732799089433,108.94085202479576,0.7452709866244674,2,4.178468517209067,119.83124994945456,2.848051991019698,119.49178450166335
773,3.3140320148643956,77.96086442817756,0.5733305582380276,2,2.8126037526890544,91.3017891941552,0.7254673955986579,2,4.030373424390971,91.66715333923818,3.2518263632354087,99.085712141293
774,2.6646084830880277,89.44847877780263,0.48030986003530807,2,2.6394136735771507,91.79056662693246,0.6195653675117996,2,3.0385169074480305,90.41276948877727,2.7235011382534884,105.192663361592
775,3.350773677138388,90.77541052067458,0.6407795812954007,2,2.799350154353533,105.31286575407945,0.7257257658514713,2,4.124615792068853,100.36779246777267,2.8513857443195483,122.3673399177802
776,3.074919998076768,90.52637386720923,0.562518239033799,2,2.679528323585569,91.3706139064086,0.599869040255594,2,4.068356965527603,104.15115880696207,2.826990147838586,113.4844530604265
777,1.9018026806405317,42.528638557778415,0.3984858989790067,2,2.686690871530405,73.04218207669123,0.588742577946723,2,3.449391721442505,106.30638571295347,3.201787241840248,94.50008183107443
778,2.409830431746509,64.06671088931334,0.5813314039001415,2,2.7924788482467733,94.51454332981649,0.7255412854400054,2,4.321170241585705,93.84526403030294,3.2706518429492104,159.67426293468054
779,2.389938689579711,37.25678852164114,0.43702955694629736,2,2.2986714659190737,91.7434982614056,0.45316372785886144,2,3.7650414037858795,98.80376307669488,2.7933996910779095,119.43836407991802
780,3.2580292838302536,52.578929189507726,0.5826675071213614,2,2.773466236015694,91.41970948589349,0.6870664275840614,2,3.8667153194959196,91.18925480444561,3.230446107420144,122.73903339277673
781,2.3227945658130786,28.39882123542164,0.47014329174702035,2,2.469019487865785,75.08193508104583,0.5759769504341113,2,2.684900730902377,90.16534212689629,2.5861145833047643,92.07695026846807
782,3.4795330416959125,90.65849698889116,0.6670772680617476,2,2.803199107787745,110.29564199600686,0.7556411407535557,2,3.839091814932011,108.1636578510094,3.2791716816254346,161.61983507284762
783,2.893770695908428,90.50343148660092,0.5654276028104352,2,2.5825341427160375,91.1737221144134,0.6361003780319926,2,4.312972045494582,92.78056521992528,3.270755400025329,162.29431719949565
784,2.1905015931888268,90.5245899914526,0.5759952041630452,2,1.8142727421607605,97.70435534992215,0.6919268719643453,2,3.8515213880446884,117.96046194658891,2.847132377638208,119.92620994580642
785,2.8201250650207057,89.19706764813616,0.5471388820105236,2,2.779458881305625,91.27192380707139,0.6621280749556927,2,3.2491153678447455,91.29421761749389,2.8066308051863293,91.63011060902593
786,1.8677927330765098,53.19686819044389,0.45253657656219815,2,2.327443239954824,91.96299483612354,0.4963577025959177,2,3.77675280482695,119.50962834006015,3.2707816887793397,153.35737602725047
787,2.526231946733044,77.94745696438235,0.446346682230925,2,2.386016642879707,90.57634654221289,0.5214383663506961,2,2.854244354933366,90.25950340816803,2.547289398510279,90.38490635680309
788,3.239805387169968,69.4621983720079,0.5819344069582202,2,2.8021048665852337,93.5809109678872,0.7059546197826748,2,3.7650417599474824,106.11487085012011,2.810854312354188,100.64795469779841
789,2.225358237870397,90.62643717507557,0.48101142141367603,2,2.1092120701832733,91.21821280546094,0.5564590654557515,2,3.0256252553873457,92.16277890621872,2.1334317130645855,90.66540172637032
790,2.9380211485974033,56.13351937532628,0.5046471481488204,2,2.6676497864960838,91.87382990525553,0.5784922576095194,2,3.264964234917616,100.1522223542905,3.290123310741568,90.78871469917142
791,2.380840369569319,90.44210553296215,0.3798287965595208,2,2.6890515118526217,71.41354520881734,0.5599672457362512,2,3.5008406586778045,92.13315733220381,3.2282528607673386,101.88524142440991
792,3.0001760802084263,51.28477124592573,0.5240048095110443,2,2.758118901781116,98.83593224583825,0.7303474641275518,2,3.4049307790333985,110.57493860369333,2.7890399239123984,118.64586247073214
793,3.174682274324583,90.71703875585435,0.6358307536327565,2,2.7844176540268024,84.85708146006866,0.7052844728525396,2,3.7259981081340583,112.28281802558742,3.2630726308891433,115.33834744474562
794,3.0122408245017134,48.55824605488764,0.5956607810471964,2,2.7961846746412484,108.04320211201451,0.7768091505272383,2,3.719250833140599,91.56343938895768,2.7729369285607146,96.73741949688461
795,3.1779389014863493,81.09289622953705,0.6758510449318794,2,2.7682269021353623,111.90340795384697,0.7857394270952913,2,3.817098674585821,153.47448251725055,3.24422946347905,135.55397858269234
796,3.0008538415804025,61.33341868506093,0.5651588345520013,2,2.747586133519781,102.7536721330807,0.6847947927098749,2,3.6367196470694108,114.44120527469923,2.8513426227754928,122.49893788892163
797,3.145897583341119,49.26172633943766,0.5732898489242308,2,2.700349998525143,91.22406765591697,0.6079222173733486,2,3.9328996701733034,112.09224805293061,3.242627307369373,138.83952477898123
798,2.951561924046402,88.88268294788259,0.5283956579054216,2,2.7674050263324217,92.25298446171415,0.7293624420330695,2,3.635490587946038,104.75029200343472,2.826040693400109,101.26734071792227
799,3.107266602226101,55.60097107759963,0.4886789148993138,2,2.8286971801108076,91.53206031733596,0.7209421443551117,2,4.144111436229441,91.49347149067334,2.8025477304852155,95.56033242716025
800,2.9045673383890778,89.40036734257939,0.6546233099580459,2,2.830025121024397,91.17431772787465,0.7869437193180261,2,4.506015188051429,146.11099935025462,2.856246707326515,131.58498832794234
801,2.819119699082027,46.71924007795126,0.43642510994970674,2,2.791279813628709,91.8055011614909,0.6259188118223715,2,3.2234994542790716,90.37390169951472,3.226937684627372,91.40010901160049
802,3.6556464264381248,86.66968919325869,0.7178121370153197,2,2.8496671928401947,124.72185165604975,0.8489003421694492,2,3.86633153831943,107.89530357143357,3.2752066529775483,167.29758638366303
803,2.250943726688753,88.19546829622412,0.4380663562684399,2,2.488189346818177,91.27926693228429,0.5155933395685568,2,3.709285623348972,116.73671281719065,2.8482805287269173,123.50427290099114
804,2.6263156449684497,48.42831401712847,0.4602344475323353,2,2.73126734698228,91.70076978658433,0.6361777651782096,2,2.88985979244962,90.20954810471076,3.227462158395415,100.04347351179891
805,2.2912481431790566,90.40260066280813,0.48449092507940467,2,2.5240469040127023,91.3922922879215,0.6446432177007763,2,4.099022195605645,92.80674985107443,3.267972148589929,96.14133941913171
806,3.1798805048412206,65.95005721184339,0.5123744796506817,2,2.718262641269184,67.38023132584685,0.6459800857563543,2,3.627625887238815,102.17871182665947,2.7401008556335538,91.62234423156718
807,2.977096429561321,65.64277896787402,0.6614326666910115,2,2.8526870923964767,115.39084533474433,0.8221056672224146,2,3.139285181262751,101.83791049439164,3.2709557341961726,153.67017780891797
808,2.6872400129063774,72.37035422047987,0.4989370143529587,2,2.5561653632785255,97.45401917776182,0.635641919620547,2,4.025531060060383,92.6629985798466,3.270983922964326,163.45833878048717
809,3.317562551707165,71.42217623920493,0.6327524698296617,2,2.7626191482320084,91.88079899615016,0.7370145588826303,2,3.5115026002562244,96.86191705055617,3.096442546391738,90.99010094532456
810,2.892346408603491,82.90790597529917,0.5563668818620817,2,2.7760262117208563,91.19429953880444,0.6784077568023985,2,3.3657852878284453,102.8166525869162,2.8140616761158728,111.31180883729671
811,2.9302359035483283,62.378007449462395,0.5375743474566668,2,2.6395702143914592,75.06274693921533,0.508647459532492,2,3.644146084581146,115.20503400330446,3.2468221225488354,96.7524360275548
812,2.5805169293128354,71.49645527072086,0.48455843380906233,2,2.0629196164976036,92.89954083723266,0.402116874633508,2,2.9278501587429493,90.47207832386525,2.6678145273049383,102.13833746696224
813,3.7340981357934524,90.62927186412469,0.7489306804317873,2,2.8505367927093266,113.04450177960146,0.8221185574174416,2,4.385030340089253,124.2726338702925,3.3011632538704374,155.48038150378292
814,2.787474714646468,90.60872131601823,0.5460841889434922,2,2.8049945838690817,61.29128233019591,0.7443357831726719,2,3.8644408751122734,91.45986501043559,3.2495610335047442,114.88555136163941
815,3.235022217948025,90.67145107103433,0.6255037930774312,2,2.816552636573925,95.07123814327356,0.7343511879307988,2,3.521121571191399,90.4985279395644,2.7913925176686667,104.06926521556763
816,2.687896965755268,52.55577190423433,0.438987013327002,2,2.5917153899187744,70.26298188849711,0.49082997430852215,2,2.9723994091545216,92.6432498899089,3.2311752002233245,92.42180244488841
817,3.1310085964717858,90.7093579226875,0.531451225806894,2,2.776362033634868,94.19386098812927,0.6922400938515209,2,3.8762115834174318,126.78757247918269,3.2704699591729818,163.23589576887193
818,2.427198516213388,45.32058108406009,0.4736412042914886,2,2.505332154161759,91.35575722539508,0.5342116551779221,2,2.863594810448696,94.16436980383129,2.804852076099406,115.30536519824022
819,3.209932930762512,79.72330975535195,0.5675757837271574,2,2.7988359984982036,97.16797170463728,0.7184373219291635,2,3.660874842186535,118.50722478112303,2.847746050863949,126.24677020934965
820,3.263554910382574,59.5787090112916,0.547263353463033,2,2.7660414498189074,104.43748285219037,0.7285858252921416,2,3.877592047149712,124.74708488106641,2.853959438104177,128.36685597883144
821,2.721846817945074,48.766641507502655,0.6423736484479264,2,2.59371046848496,110.51602778039147,0.7460752680483316,2,3.7986633538331915,119.52681116134657,2.8438901754248898,117.15295212083264
822,3.5696161648837252,90.6308263279834,0.6958950513161717,2,2.8365643793546864,108.56931620697786,0.7967715893841854,2,3.9033459918197244,126.00746845099849,3.2703480758762837,170.49926847249702
823,3.146768859688945,67.22156741601263,0.4448347834268198,2,2.763293136209832,95.02125402315681,0.6044151695700054,2,3.2709370387807666,93.46141548795492,3.3144873214995663,90.50410464045879
824,2.413278248832707,69.06725690517327,0.42071338699756333,2,2.7224637347687413,96.85554156498844,0.6444407823643258,2,3.140714463920655,91.32466024603873,2.8374188529411835,117.15916807666028
825,3.6420350760636033,90.69683804145834,0.7128427427606658,2,2.8468663723631007,113.8463650221325,0.8243654566177387,2,4.179419876896589,91.12864428219287,2.846667480028265,115.54727598691947
826,2.6973759136760673,40.66605606092059,0.5136033273078779,2,2.486214572324422,91.81488553052331,0.5611675794646319,2,3.371054703678015,91.33402679557734,2.8845825362503374,90.98679200815343
827,2.334269110903883,74.85561935602682,0.4391200876098029,2,2.390460543913012,92.68833219635842,0.594533805115371,2,4.066696266398028,92.15914184461776,2.824442134894474,108.53283647131957
828,3.4570597212128096,90.74919899799454,0.6202172386315108,2,2.8336989475668246,99.09413309496162,0.7666822053437373,2,3.996481272672154,128.2097481204712,3.2719228967230265,128.72949286919788
829,2.475714742500618,46.4022265840994,0.5793212443931978,2,2.460280754601506,92.12639706506387,0.5540159201497445,2,4.13419056894728,93.19016986874637,3.2705320932296913,166.42938661319215
830,3.322568934980245,90.65463509657799,0.6493219788327602,2,2.8126167427367306,102.88198327113078,0.7620006090475075,2,3.846785060946905,123.2713443072588,3.270442131896849,168.3371293093414
831,2.8916376728087654,39.836719189697334,0.4846783467312486,2,2.3263953229509053,92.26293035590503,0.6733141431732254,2,3.232539570762858,90.2690384093727,2.8261645235379835,108.66603295715622
832,3.3425878990802436,80.0593637026411,0.6470697606374148,2,2.8001633125539267,103.52792442190227,0.7637030641449616,2,3.8190094623116226,140.2002849621285,3.283813061804758,90.44968124221752
833,2.11082938103455,38.27582803312001,0.3802709436014356,2,2.53055589804719,62.88861462011948,0.4447422158253411,2,3.192216243443423,95.19668004932583,3.249588015837736,91.8755245786469
834,1.953465986575129,79.75513632713539,0.4254344910925364,2,2.7254280954880756,62.50403634073553,0.6769857157049801,2,3.1500260093431804,129.0887667622369,3.115804083312411,135.66622645644918
835,1.7571026101845215,60.11065374684077,0.3963270806592308,2,2.3841860763445455,51.231009604755364,0.4834213820445404,2,3.072583243784845,91.43946856316974,2.7124637136999215,103.55616705396633
836,2.937478013570968,78.03213174456377,0.5392591412625761,2,2.674049756658229,90.5911895426898,0.6626221385248305,2,3.9471297867406063,90.58000538508227,3.1714093208782006,90.2633429473274
837,3.275267465599205,90.63839536855508,0.6627620946681574,2,2.834271293986333,96.3802442673643,0.7565917299125158,2,3.635116822907976,95.60283131734461,2.8304151648460447,99.16935720671233
838,2.76453937498653,43.971988025433404,0.407346011208237,2,2.7248819375131914,93.53872182113469,0.5470908923988589,2,3.309754019962919,96.06910152877646,2.7358509246852707,95.95638460064382
839,2.934787539403552,35.733324664771736,0.5383483302552093,2,2.778275254427136,91.18359983753056,0.6604469039887682,2,3.1804917815776492,93.56141894281873,2.8233713889264287,109.18133350827648
840,2.894404872463373,61.80490073974848,0.49066646506886125,2,2.7486186197269076,91.23971525441954,0.6807034310329013,2,3.7919244656016877,117.14121775931422,3.266482376742104,93.83733792975627
841,2.9815261422441774,84.51615290683321,0.5077947783397524,2,3.0165261841556914,97.29463851727198,0.614285569406109,2,3.45830284417897,98.57318297963347,3.4892767699162546,90.32936677282578
842,2.1523263865684323,63.264540392853384,0.4785748751499037,2,2.137217364772322,91.18395203197157,0.6299070874606832,2,2.36837199036652,90.38087365408391,2.627615963806612,93.53194732826721
843,3.363070247641549,38.32210995190946,0.6615167149128833,2,2.7578213140543486,93.92526878911022,0.7421285296381235,2,4.170613230452523,139.19417279926972,3.2709596692630507,104.71042155970002
844,2.2137687065288296,49.24284355919028,0.46757272005735817,2,2.327877152606844,51.05903124138717,0.4083767291436546,2,2.9525639326664357,117.15088818541142,2.6680358026331916,90.47435698393201
845,3.1567605159765737,90.74199990035382,0.568682483974496,2,2.785806170234601,91.32746041160856,0.6500192255412294,2,3.955113959853157,90.27295023047839,2.803390325963595,103.17303393760177
846,2.5117342598810595,58.89332652798103,0.45026707679606703,2,2.7226027742814254,92.83582000667094,0.5424857136582231,2,2.959525808558262,90.28670227695495,3.2530578394903893,92.1173837294547
847,2.37126723362786,37.84970190609102,0.5616518000640023,2,2.5537355244559397,90.95608697251885,0.6749756345197642,2,2.423710351749517,94.72442450667452,3.215713936119368,94.01834468390844
848,2.8386940456922027,89.72253971384539,0.5255657415877127,2,2.797214218563151,91.59334027961069,0.6809780914189638,2,3.36093052811228,90.12678912905173,3.305271688112626,139.95268133535788
849,3.3584556829250696,90.6930826318956,0.6335951028944692,2,2.8196794601661233,80.15483631601626,0.7741322181762074,2,4.128827536397749,91.47518432903917,2.808877776243798,98.93524953480245
850,3.010370095270991,41.39858908851961,0.5710350149183601,2,2.6205217823865774,91.57140205676058,0.687585869968533,2,3.708488416334925,111.60260217022785,3.2682269106273223,93.63364182459922
851,3.2800861065764293,92.06583582680686,0.5619123552685792,2,2.867329654774297,92.35649882665038,0.695402002404645,2,3.8748801532250106,90.95523924853416,2.798337062113693,92.5115514163828
852,2.619432146725458,46.81934417051221,0.5383131219740844,2,2.732465748451942,96.75743100397445,0.6281476595209651,2,3.867923490340245,91.8251080171954,2.8285156783858203,108.76207537905111
853,2.2799694520905325,89.95641495224756,0.4327047158221936,2,2.70637530742964,81.90170260112886,0.6233928083964242,2,2.8649071390080683,91.4428754775499,3.1113124812216237,92.63257284659947
854,3.3101734423841394,63.51979971572158,0.7210062444606096,2,2.8292033205098948,110.66021565853863,0.8285926281041145,2,3.6671063654771916,92.6808043380821,3.107767626896945,109.09070602259614
855,3.546527569146495,90.58993003704043,0.6518895789358172,2,2.841375446747969,102.62966887342274,0.8171335430155181,2,4.196418432964571,94.67822030131526,2.8437491224888403,113.63626893328203
856,2.9384325406605876,66.85777628518927,0.46101099425332803,2,2.6669894084037837,73.49660003686859,0.6336074100111208,2,3.4727900895803305,105.43886038285567,2.7858387541592626,106.41178236088153
857,3.027815682959716,42.1250100235497,0.6292326776073383,2,2.8294908540470445,91.46202743462484,0.742746907230395,2,3.417688013437389,103.7422952872709,2.8023419779544754,98.38817258359762
858,3.078548624411272,90.4520609085103,0.5627682115574851,2,2.769461750250673,91.18936777396455,0.6940900532522615,2,3.67004900012117,106.22770536302284,3.2603601547234518,105.66204384764485
859,3.783564816945221,90.62795543313386,0.7481753371302959,2,2.8497121435967445,119.42553978634172,0.8377218219410612,2,3.875374713469099,114.37494420259955,3.270584387682449,169.0910638920564
860,2.5787658515898233,69.14884148702376,0.392062235769631,2,2.617668895205114,91.22700957446561,0.603221851449663,2,3.3814617087148244,107.05455673447189,3.2342027554429373,94.01799099662838
861,3.23159267255307,90.69711533107898,0.5764867048946262,2,2.5447102080733908,97.29486530262558,0.7202022312774622,2,3.6805252539759894,111.87621173984284,3.27196994259665,164.5573038860272
862,3.4339028776503002,83.07764564405912,0.7088873917934054,2,2.8349161803406786,91.183052290978,0.7853910511031221,2,4.248053737891855,107.6863382410356,2.8428004936929656,122.42498831572709
863,3.5493774806247167,71.6753644467495,0.6873839919239557,2,2.8424116193441415,102.36468584330689,0.7537964103869678,2,4.109994326000991,122.97630707907147,2.8356098018884803,104.5091115195388
864,1.5145887941040925,28.297343042050187,0.2658970757521252,2,1.9074410585059434,36.41566136810981,0.3777277742789702,2,1.9837260811719533,91.30365221636251,2.0399870874472907,92.61416804383306
865,2.4874257425901827,83.82731395767419,0.3497078920056299,2,2.8634666040983476,94.61003200317604,0.601985708977025,2,2.8194564262753086,91.92342551542552,2.715985803901308,94.33857935665773
866,2.357847183944885,69.94796779743017,0.4590873626600961,2,2.574598834657814,91.2050688088937,0.5716763753170078,2,3.51643831352375,109.92334982043519,2.751656378944403,112.10044815803208
867,2.808972706662184,81.77747795610836,0.5547648356860795,2,2.713925592552534,91.27261936765478,0.6618657610261709,2,3.5118623703176812,93.37582332558539,3.183495562438567,90.33235946223762
868,2.829621656339856,90.71519689068775,0.5560538795694948,2,2.5773840945312334,92.67022546255868,0.565534851763255,2,4.364574347468661,93.74992428654541,2.8533663484923655,127.55969058712311
869,2.7071267981912244,59.03495844246539,0.4832936250322554,2,2.7443779932578876,90.20172446710917,0.6241740331569205,2,2.981247195171322,90.44913446431997,3.127703871680928,92.90772486899372
870,2.8344492901649327,40.25576750808406,0.5677064044330837,2,2.71221236094079,91.4069162813378,0.6715200837578034,2,3.705873526930552,90.43913909701618,3.1718270636611634,97.83384683135009
871,2.911607307711013,39.13133903061232,0.5355864989470233,2,2.7094452623981673,91.23549574618946,0.6996931940543695,2,3.5927230422669454,113.38497566026227,3.176588587335457,143.01044100314138
872,2.700703293457234,44.82282156165108,0.5663038608286669,2,2.729925656277784,91.3595202168192,0.6553214927740114,2,3.3022654175502093,94.53036173513509,3.2683765756813425,91.14749382509422
873,3.634082881741633,78.4055953591619,0.7093679259332768,2,2.851690350274828,116.86572196431213,0.836856327222077,2,4.425857118996502,138.94779174445387,3.2720710719264994,164.19956074353732
874,3.4969877808274443,51.31398268774673,0.6303067990628792,2,2.8422080136750014,112.55022882233382,0.8194114889104817,2,4.192465890633912,121.32998388736874,2.8464513977871686,117.0093897708264
875,2.6208267953753395,46.02936493190921,0.47536587110926176,2,2.553835598066898,86.49307294181872,0.6205053324127143,2,3.360410713734655,93.40359811557053,2.530944224491523,94.53310586410014
876,2.9884381170783403,59.118802117159774,0.6275100381541057,2,2.742186194890086,91.33352524132191,0.7055618947724548,2,4.167167156305946,98.49205265521533,2.7868659907595936,94.62473060841893
877,3.4386620833680075,90.57511011464767,0.682277015285707,2,2.837554373201222,119.36820550138178,0.8333047126099049,2,3.827890823760997,115.81750317786316,2.851857074384012,119.91458087077065
878,3.288239076482273,90.5691792426801,0.6323957459352316,2,2.6187814333651547,91.27470830932076,0.7062984159532357,2,3.798677495319387,111.43664804859645,2.8427133126998934,113.37742196519925
879,2.992817044579698,90.69754409418901,0.585019431099462,2,2.771021098156497,88.22034439913628,0.6594614057583051,2,3.7957886039446405,118.97865011130426,3.2799004494774673,91.08624453654546
880,2.7138628866895442,60.315452188867035,0.5555293943088129,2,2.739753039536389,91.50633645282817,0.6281036871112093,2,2.540888462965708,91.10079604236083,2.5210661203938685,91.79751538682633
881,3.2997269797785878,70.46850897576515,0.673851228971538,2,2.7829978782615528,115.70240817319402,0.7312013474937413,2,4.423950951427108,137.46934892461843,3.2704703287755414,165.46305501584226
882,2.695467458196133,46.8596438706227,0.4575087284035379,2,2.7620875719251017,110.48158127527158,0.6632196131073083,2,3.5349859682090456,106.53192680945114,3.215942461503207,152.97139941653654
883,2.8580215508346227,77.53509678768732,0.5090726998983608,2,2.5810036196598527,91.22820586909042,0.582647141690056,2,3.7313762456995834,131.1925762381386,2.8091320384790412,115.32986080391548
884,3.676660152953647,90.62571515027514,0.7059447804570959,2,2.8374365052005457,109.73004321162702,0.7798147065675083,2,4.4018250308800315,123.24147790498706,2.845518643550861,120.21069834141322
885,2.932041292382097,90.8591492146529,0.6221928771597107,2,2.840909164590751,91.45056694821578,0.7640904098909124,2,4.261112083540931,124.82894617628025,3.277911578878461,98.64126109128746
886,3.5895892323533154,90.65349315190177,0.68909804213713,2,2.816608985515141,110.21434458403374,0.7382855061021822,2,3.723526749681788,98.87576892262443,3.2711644103871325,162.78003456801946
887,2.1044951239178094,90.87544441876429,0.465063724416791,2,2.60954123762862,91.44276021212465,0.6011483658378386,2,3.480611326748139,106.40473362296605,2.6826280195438215,104.99516658068318
888,2.7989810343010775,57.90055508592709,0.5212429351666286,2,2.518338196482745,55.06208088434352,0.602373940923054,2,3.4606112602631214,91.31946977837637,3.2457783392049224,95.59844224954617
889,2.201389800539718,87.78286631112584,0.45552962837337474,2,2.3143054732970776,91.14121188165639,0.5659030701638549,2,3.7544856546011407,119.83768640348477,2.804575919323748,113.50164812231321
890,2.7653161010731364,78.92421629629362,0.4509507856775444,2,2.794853518504917,91.28839676081085,0.7192224990149099,2,3.7494359114625255,117.70752762704679,2.832214707211656,109.89032073823878
891,2.6864364456370833,65.48273148248194,0.5894505289847036,2,2.680353248277057,56.68771244418904,0.6416319258480829,2,3.1769396890795734,94.864047780621,3.202122637664365,90.55900756116688
892,2.6608592475687716,90.7584191200246,0.47413488690863015,2,2.591741976026305,92.4505820877866,0.6275863798544404,2,3.478047697656076,98.69134373222055,2.7915762142561453,102.64040549540032
893,3.287179425759129,54.03580132917419,0.6495673797814996,2,2.842393793660242,100.40932627523495,0.8103774032666521,2,3.6614699947841487,95.54996334751645,3.3899978800276966,90.53929692732403
894,3.0626824429963175,28.145098109089854,0.309192104261666,2,2.894610195675423,93.77056009794319,0.6902994764600537,2,3.33566144059821,90.15977480221981,3.5622882634158515,90.28100113515531
895,2.3447228178460184,41.72867716386071,0.4222937112737782,2,2.69062743325047,91.19835962851465,0.633954684653321,2,3.7056616486511764,112.3903679429318,2.8101797690891246,110.42440040905225
896,2.8870020969101713,74.33457749631829,0.5080420407972244,2,2.7765451649337654,103.46217377711307,0.74066757354811,2,3.424461120071038,107.76275113933407,2.8530784706306282,123.77819415286801
897,2.3016010403478324,85.16916406566645,0.4072479867660171,2,2.565189839328829,90.79594815128368,0.5534840951250513,2,3.414833630382713,109.41606689601016,2.789059387373544,116.50636256082308
898,2.9548353413004036,90.36922010732138,0.545594515804822,2,2.713582885645627,93.20055893725286,0.5620980458673092,2,3.7782573862967177,107.80931256217201,3.2724732648812935,157.46549692255013
899,1.7543532162072002,70.70455581760025,0.42599687796598074,2,2.0486174625449185,90.4576398350255,0.45034438874317745,2,3.6152714017499274,92.42568791526611,2.7153752796197597,115.85333657637405
900,3.149928316592649,87.55948179413069,0.556952101707106,2,2.6411553504974212,93.16153560230535,0.5694330436236291,2,3.5796889687723543,113.45015720180895,2.7814677004979735,104.415572842858
901,2.8768315189577085,90.73023090593556,0.5769125040379507,2,2.830782807043673,98.77188207794097,0.8086786929415657,2,4.416971468263014,93.9030274204549,2.8433600016679863,115.70024995741232
902,2.6582966274872217,63.952761281928886,0.5727664709581044,2,2.5288880407759624,90.53408479716268,0.6043210781204056,2,2.578750912384922,91.38147331912634,3.0539547252588846,147.35098689855155
903,3.140539922773143,53.1539070929965,0.5970262735808143,2,2.777808707233693,101.63798369753506,0.7309667756747676,2,3.225774682822347,106.24039674004013,3.2186703388199502,123.53361663836462
904,2.1477000397868213,26.512368345227678,0.33829601610165183,2,2.715984143614488,58.18380272985599,0.5634427629971128,2,2.887947917384004,90.6157433677872,3.195227807752338,91.75807472003652
905,2.880228883257706,27.2666349777266,0.5806903017902659,2,2.7484996899045395,87.23797740193068,0.6154262610232843,2,2.7949265414631546,94.58622866922826,2.7572397254543892,108.61202928640289
906,2.662020655155839,36.54306300277545,0.48850375684490854,2,2.686288373144116,91.3696610534049,0.6147917729352366,2,3.0198707399810663,90.16713527130347,2.710564907672837,97.18015596782782
907,2.629707348135773,47.1688297994174,0.479335445349326,2,2.679518605335204,91.35649777775166,0.6081590222887838,2,3.1970032259799352,99.01763500277578,3.1174603434171635,91.97517730924636
908,2.7439582468697528,47.299701889160524,0.4700215429041421,2,2.7886452816170304,88.5395210190085,0.5773495609416749,2,3.5233305993280837,90.12703754368152,3.251919521147793,119.74558186464478
909,3.4736899601119253,90.60962302769894,0.6849109901105981,2,2.829241479352307,102.97385143455172,0.7786209044844118,2,3.5932055980843725,91.69073272613139,3.262878644243931,91.25881901946592
910,2.1150373134504403,46.41667241899799,0.4935220712407339,2,2.2877200327598515,90.64093099060342,0.6512550842597027,2,2.938228696952543,91.95193027219725,2.686857316204235,93.92813480702098
911,2.30460663496664,59.69585144118247,0.4280186438014678,2,2.240221033737252,80.8064165362303,0.5131226357764678,2,3.0162419985899085,91.08141840846768,2.748070943188449,91.94787642183599
912,2.790924959511079,51.27217380357634,0.5560247132451576,2,2.676318983934954,98.29879037252844,0.6895570009952898,2,3.7511062386480263,113.84440392584952,2.8481858851286908,118.63029537396399
913,3.766047827839531,90.646751977201,0.7215034016711007,2,2.8337730421511065,102.04727811734963,0.7862942560711252,2,3.963951570253537,90.62521744264784,2.8371790810892854,108.4677077574024
914,3.471251705460714,90.62016990206187,0.7086688150334354,2,2.8378049595992536,110.53642197039386,0.7849820014957227,2,3.7637656342771546,105.25735624583693,3.2725430049382527,166.16693717377444
915,3.1221870761427404,91.27304737924422,0.5944657162333736,2,2.655370031074364,91.27280603657384,0.7058871598431834,2,4.192483083447164,120.06342753706417,3.2854604668815646,132.170533269272
916,1.946634602328453,50.17109869583046,0.3706440035905853,2,2.3376051678096643,55.086151168672785,0.5025007344626187,2,3.059212246943196,98.1216085121608,2.7712079389162043,115.83953415286815
917,3.3567164680064607,90.6548955168726,0.6635219006259223,2,2.795001136468734,97.78953462538861,0.7315181272686749,2,3.9002739013041,126.1230092408918,2.8544561802736066,125.9886296053964
918,2.844737046178332,89.73478547382298,0.5847181362004272,2,2.7839163581926756,89.65106123678235,0.6634357504987091,2,3.1737293754349274,90.15685450486247,3.2091168256358005,101.13188610621093
919,3.1143303430430613,91.27150791695816,0.5556608137623029,2,2.8470982999710106,103.70995196029214,0.7980651638301836,2,3.419768264199163,97.2843727135813,2.8284441111191785,104.3379030790571
920,2.1777464883784226,69.00932803560463,0.498739099854877,2,2.3527524430026743,62.72826967907121,0.5639676323082393,2,3.0388091305320404,90.69733768051294,2.9720181124013294,91.95963653496737
921,2.692169523338986,51.908055433329096,0.4349617977823071,2,2.6176090840072703,92.24516045992239,0.6021883306894468,2,3.496659605279655,104.97118626786092,2.8146791703394913,114.12519128269096
922,3.0545046847586574,74.11133875029654,0.49866977581971494,2,2.807888653187097,91.32076717624426,0.7212421596883011,2,3.36586218198208,98.41487129294367,3.2437260394201504,133.4706684251548
923,3.4277729749101074,90.65636987360307,0.6250434542891856,2,2.8034584796171806,107.01853210676023,0.7400628444172331,2,4.399728729743479,141.37516095438778,2.85432697068424,126.6773236755848
924,2.043276601714889,77.34071734611454,0.414915548521931,2,2.4278623578267964,91.23521134001507,0.62038084758835,2,3.1068563640774958,101.40069930905702,2.821000210306739,113.25764839012054
925,3.0955367034092602,78.79874396438095,0.5960240178287403,2,2.839490782897398,106.5802256082784,0.7717615925769228,2,2.8622205274603045,104.46183157435591,2.9288206359062676,155.49064805235074
926,3.5642770699745223,90.59753100015193,0.7102318463991768,2,2.8403005647187283,112.79122065299586,0.786759224162885,2,4.249695171106145,90.38208185791818,2.8238770497899814,94.79241403177811
927,3.6901315992107255,91.84562234269376,0.6497260806378636,2,2.844104986157018,91.97808076006129,0.7202194404132338,2,4.537541663050628,163.91142617115102,2.8552060260663557,129.85022933061532
928,3.44882979458605,82.19001783463487,0.5851580659496141,2,2.7824248371303724,106.97918956764833,0.7134513627869733,2,3.7622938278636306,111.81783030836255,2.8449802176458086,112.92912727865759
929,3.1298058829091655,67.13620079906987,0.5932641389225164,2,2.812736388913889,93.02320078897974,0.6569635057480125,2,3.444667588974886,101.83892946096576,2.8332032249859003,115.20622166249179
930,3.432676264747588,51.32448610138544,0.6849273677343788,2,2.8362818496004376,105.73727436849046,0.7877231746132912,2,3.386653182966916,91.38054788487757,2.3898357834487363,100.45409948400737
931,3.6815517496371157,59.68459869403303,0.7330249130745354,2,2.8552408803649705,113.51189171583628,0.8532854810819267,2,4.181567365225877,98.54502333475986,2.8439560397007746,117.5145986051488
932,3.3016912805273604,90.6251235008948,0.5684523225956295,2,2.7772785100987933,91.59442777512767,0.6285078699788537,2,4.180529260263392,92.14850627913391,3.218269782395349,93.02747787872913
933,2.696018606563252,62.76252340546537,0.5220526808103919,2,2.709542727599534,79.8501684863991,0.6774596860199533,2,3.1019237234069563,91.09312616492113,2.8234934406487695,109.77516561684776
934,3.580682771905432,90.57991502372657,0.656990370840661,2,2.809978805744877,91.1238381000668,0.7553411295607816,2,3.758962718606692,107.19152957880347,2.8320687795691804,109.09850292917149
935,2.6747724015069094,69.15311165390526,0.6073041612848649,2,2.604552890726785,99.68525462952604,0.6718803442615499,2,3.608520489521287,112.03740729169768,2.8422651638339476,116.67120328994305
936,2.884390954374468,38.91842528059581,0.4915350773093307,2,2.678704678070208,91.80852749921395,0.6143041832126254,2,3.6097319341581997,99.22770002069059,2.7725648025834273,95.97008246394385
937,3.1042326500461894,89.20642800466105,0.620250362600671,2,2.837727590693277,109.18090032160313,0.8144883381506849,2,3.924733678574806,91.44492264581501,2.831263890938371,101.23740571422262
938,2.25382006610577,68.43746032284426,0.4455907072238101,2,2.1669599804170914,88.20240564616128,0.46470416421226246,2,3.0022839740113088,101.7248513048066,3.0432153806396665,119.91606049117885
939,2.553581816863147,59.009343945170976,0.4976127599468747,2,2.6804411845383904,90.11166838670759,0.6403531320829885,2,3.136197453012776,98.63728100056812,3.24590235819669,97.53148964260384
940,3.286138019037525,89.32674469651643,0.6263378431620352,2,2.780806307240057,91.20722227854577,0.6920102694168058,2,3.7641171490054806,120.40551524673806,2.8475145718439916,126.21272388900006
941,3.225391679065898,90.68413139905296,0.5307142523656256,2,2.609915644896251,96.35437007041513,0.7107535645772235,2,3.684755509618251,116.4416665283506,3.270440412802925,152.51860615528287
942,2.676092616340133,81.59380045583778,0.6059923855567442,2,2.531911001938465,96.7989679511749,0.6241784071555989,2,3.7937485658878023,126.13703045121684,3.270398051413256,167.02079046758703
943,2.473629215797624,90.96199708187531,0.4656484550931331,2,2.6990961447889386,94.99723714098721,0.6749376846856554,2,3.7197654304211913,117.36400169580767,3.270597524275222,142.3644126871826
944,2.3097817590036787,90.47464235293903,0.5427854850138913,2,2.1096811995226634,88.16688082722578,0.6285971731268281,2,3.542103946840449,95.56046971748455,2.5506612533985207,92.6112423452562
945,3.2269163830302747,81.29347765863184,0.6392442426598341,2,2.8346944621860395,119.77301016166034,0.8189377446409118,2,4.4184760193346575,102.24093736650222,2.85442282405837,125.64318966773072
946,3.049317705425164,71.67659623541245,0.6101680097858123,2,2.751159606912373,103.28528227920357,0.6834855699900055,2,3.9309190007306216,121.69910541847133,2.8077438988983205,96.6932081865209
947,2.8563837551459885,90.67616601833559,0.5506748971658092,2,2.677581722417782,75.79580407427686,0.6752286573322352,2,3.1440813740731812,92.0740700280064,3.3535468079972537,90.4330681306498
948,3.1362517307403124,90.3950572528292,0.5773654839862656,2,2.757261838943601,79.78235419795973,0.667095674882995,2,3.8638366930272916,91.383391172848,2.8331859813187945,111.9159728243323
949,3.181770657301054,66.70028825880819,0.5885916669946768,2,2.7463442371837865,90.81017783996138,0.669601326678134,2,4.158050806278861,92.63731954828727,2.7995917098159313,108.6110900741687
950,2.643476008544492,30.343331444234675,0.39339541493125507,2,2.700344650949666,91.3751858783099,0.5787455689758365,2,2.9394430896987087,92.84413143925018,3.1683904171987014,92.37937898473119
951,3.0122261990305654,79.70177396388078,0.5358247119749611,2,2.7443570905758286,97.39613662625243,0.6460203353739615,2,3.5831213261023196,91.42543256829836,3.270829697278512,155.97864321981044
952,3.402333328356816,58.32222540398851,0.6173799397377748,2,2.8195192809963636,91.2493964856857,0.7263789385578443,2,4.012500528602674,91.16858325659565,3.2671034968199084,92.71415890995723
953,2.452994036627253,39.44933128113026,0.5646072219004381,2,2.6197017988730855,71.2198496180641,0.6090430982026136,2,3.342484954763583,102.42587841173287,2.7847993649941056,113.37168664304538
954,3.282088570254392,44.23723212727606,0.6319853195186569,2,2.833415445026963,92.02370081000342,0.6872693713867186,2,3.6456714302359017,99.208753937037,3.492272647252375,90.37249243038369
955,2.3540333766518065,77.66925130907437,0.4129085324346704,2,2.66440258020859,91.3473841200578,0.6260636289308302,2,3.038927013070748,104.01153494823978,3.124760130627917,109.81603960534991
956,2.5865246569431606,90.79702612809814,0.6256327082023865,2,2.2690907402086142,106.63304072703158,0.7685014157135754,2,3.7759361443131234,112.2850898673779,3.2708827841673296,164.5401452795784
957,3.5395097513922154,90.62242144160383,0.6165115424544866,2,2.8341563799692704,105.63840031552365,0.7598994220228681,2,3.808818463170404,103.97639566070497,2.8164243544342407,95.84233635334091
958,2.7852087489442274,76.44681996454229,0.6068730284076261,2,2.572342042398281,94.96250543933014,0.6101481550836892,2,3.7492622459155673,113.3288872927568,3.2720377096520097,157.4075420528318
959,2.7354453238137424,88.93848164928086,0.499038829457253,2,2.7184623791396296,100.53808151560212,0.6548894795382267,2,3.7735572569725724,124.9490105529166,2.855864891415272,131.87145447075764
960,2.7281611392423253,50.01964302748856,0.5787837188996952,2,2.803242402223664,84.61895213147076,0.6810880548637787,2,3.3386662461688053,131.9301996797728,2.8063511272981114,103.33546620134891
961,2.772745756939327,31.098879575486823,0.46430775668733126,2,2.7265337458947885,102.08257913862364,0.6183929876766184,2,3.4330410133534537,99.02769653947193,2.8292962866524833,104.09344560218979
962,2.726263951983188,80.94091031138402,0.5504618441745944,2,2.638162291641419,67.28905988020931,0.6032893313128875,2,3.4824228163790605,110.13728697372682,2.809191612756206,116.3941993700248
963,3.7844067655564855,90.62405014451457,0.7663979411102909,2,2.85245781666295,121.20590059715119,0.8589633075681975,2,4.469421331293976,142.71368033047253,3.2708501230191964,166.22896139061174
964,3.1734670873403954,90.7867514987239,0.6165962622938757,2,2.7810175131238335,103.85139268617482,0.693668290370167,2,3.412238622583938,92.68702966263011,2.838860761656833,110.48757823862259
965,2.815014787781792,90.56871051668467,0.5200305782561828,2,2.6235447279080453,100.73698446642211,0.6434828270791897,2,3.7689737166680417,118.92066388973178,3.2706466994982133,159.52518833255107
966,3.0934376185824015,43.2683794162063,0.5281485661267162,2,2.721741775383387,91.44342574852237,0.6587023690023803,2,3.4459415792683883,106.88570219452224,2.741432515898526,104.9238720417368
967,2.627735736318335,88.0976437731319,0.5837715241017419,2,2.51841994788645,91.04185288608477,0.6315437721760351,2,3.7316032724455845,118.94679590945087,2.831099030712169,119.73572980608061
968,2.347296758931661,81.83243838242763,0.5822474919538859,2,2.5134679015705617,79.78837547226347,0.6622410011747546,2,3.414117045664615,100.80097650385846,2.778468689477594,98.6762504761136
969,2.809498277153294,74.6881875483948,0.5364668627703344,2,2.626502662099694,92.28939746061373,0.5140990251012277,2,3.7808015817804415,90.78683307352519,3.2589640538853017,92.13345103139676
970,2.897455752416489,90.37711307395477,0.442599868654598,2,2.626801328239438,92.05409185518361,0.5587028062647761,2,3.498258827504176,136.8969867729685,2.8021443643636696,111.00014603959244
971,3.2250860029061514,38.03314987507525,0.598743807091163,2,2.7226869103931155,55.3101306849426,0.6631906008899238,2,3.544554229878736,93.46971562296446,2.7629702970888648,91.63789117591345
972,3.7739447539607767,90.62969179293287,0.754850545012423,2,2.8545438746989666,123.82767843227012,0.8694282504151887,2,4.461794529983861,147.03261539357726,3.270760935653372,170.00604839169077
973,3.49417609363372,90.70711695255054,0.7071072827457427,2,2.834892670095059,105.97142426512733,0.7780160987742516,2,3.6539055938322895,101.46164354798398,3.271454032674771,155.8954376799736
974,3.011005770260615,80.36951824245176,0.39930572600122544,2,2.760972755280549,93.47419553790111,0.682317130116829,2,3.156962595122293,90.16927373620304,2.8030849491062675,92.3322231219124
975,2.5131050032682904,52.645748810324825,0.5664906442130375,2,2.8011432724587624,93.0338669468182,0.7000848251926658,2,3.760116845891699,113.78502099637677,2.8022976498818184,100.20091809614007
976,2.79334345446293,90.68413403846374,0.5391873303500033,2,2.58924935873131,98.79809903128799,0.6635506561410531,2,3.885388046569665,130.132164317686,3.2702867512314664,171.08340800658695
977,3.4753988586567215,90.50704835735992,0.6343033898502736,2,2.793377574436803,96.01501638878321,0.7663617454979812,2,3.5933685362040393,92.12998062933765,3.276612089437443,160.95780238037514
978,2.0261059197192877,82.7948299188242,0.5042070510245744,2,2.163823137822013,91.23339042829593,0.6258128933691178,2,3.3356136345666876,132.22628692471025,3.2229120567517504,93.69624413204346
979,3.1444386939688758,90.68164677978842,0.5616723654051982,2,2.7652446336705263,102.92151485471892,0.6711061621365748,2,4.116679758361547,99.78856766458182,3.2707639190334543,157.55586146270457
980,2.8392593327782123,53.34224588863755,0.5350369255403025,2,2.7626386719682414,94.62397097779252,0.6955983537173824,2,3.3531017841108937,96.16367510546111,2.7874729550957507,92.57494085989562
981,3.464805674775275,90.5717112225867,0.6462639588704008,2,2.823174216490713,95.01888480884257,0.7501750879684225,2,3.716266508908244,98.84301032482772,3.2883075735204725,91.14332832302172
982,3.304353527850202,90.70031230945227,0.5847762276963253,2,2.720130991583028,92.76606491924106,0.6457376005389757,2,4.109215314802978,94.84975338812748,3.2702571487135637,136.29252385576308
983,3.1042994816370495,90.58018902719103,0.572124113168093,2,2.5717131925284753,91.85857258004484,0.5222928397282818,2,3.6620673504731553,153.9540238258508,2.8502196227133023,123.90668721427906
984,3.389759940475393,88.87694581733764,0.6473764676070617,2,2.8354846858090044,106.45536705012002,0.7950168330806537,2,4.33448599847268,144.11212826600996,2.8499201619220917,121.24085231747584
985,2.613702463728957,58.99818416040114,0.5281577995378698,2,2.3913282635048465,94.69305245101303,0.5318269207011317,2,3.585464176005138,114.5402757481469,3.2593889365926603,102.45720994288345
986,2.3804810605116726,77.68742789861005,0.599395603410725,2,2.4073765030927796,102.779919069369,0.6488133108491825,2,3.7051169369465295,119.2954422347604,3.2699844893916983,144.6301182515448
987,3.125467727009424,76.08937112874446,0.6027810316869426,2,2.716004304543024,81.60446057287967,0.6334496486893878,2,3.423777018859055,91.55480056876094,2.7414134498410765,92.83672359873644
988,2.8284338641769833,89.85827465045585,0.5274476391807867,2,2.733994644472099,93.15052942891681,0.6753315460337304,2,3.7272719476856286,91.98914050379302,2.755513206345717,108.58615858995634
989,2.9021419860435227,80.89991360466226,0.5413117769965502,2,2.7869364495493945,91.28919100617078,0.6972676447921519,2,3.423879656818109,110.39815552225834,2.74235875460832,116.99111739058587
990,2.7311872168476614,59.68804724307974,0.5737732721416096,2,2.8076961820526027,111.4661118298212,0.7531495840664881,2,4.3122618662207355,94.8543512598974,2.854505646777129,127.35081799431129
991,2.2218866336659477,52.372569016476604,0.4600810092560916,2,2.337890495429486,82.59079813162631,0.44902695164291295,2,2.596769195505367,95.17510993530132,2.896835357314687,94.00737620722246
992,3.1245421554608757,89.81379602883767,0.6244113071698393,2,2.826260261499603,98.87150683326753,0.7306292059042722,2,3.589165702440924,106.45570693472432,2.8336486742323785,106.33200242280265
993,3.53444595393678,90.637677887763,0.6686749843284208,2,2.8440585837440513,112.1434509866017,0.8101307848101408,2,3.8516748677433332,113.92556634268361,3.2728149215379045,130.19167513632306
994,2.972475541565786,57.036971784984,0.5789655636855303,2,2.7618259165898955,91.2859594427337,0.6688417009467067,2,3.4044115498557317,98.71328883540292,3.178927099850626,90.65680152336655
995,2.859566754242986,56.79581770251246,0.5224046441539172,2,2.693952379071883,91.13271223055922,0.6207800362107871,2,3.1652439466051367,91.57646028802385,3.3769097883113712,90.26578293454162
996,2.8797670639375426,75.30587033412704,0.5683677278433347,2,2.595223259644113,66.71839145999976,0.5154297348205811,2,4.160116483473629,127.1795835032186,2.792599567926042,117.62723524869327
997,2.660859948983598,63.91239702216799,0.4238748980350848,2,2.656443145317192,91.80118172823757,0.5430475164312482,2,3.5538770129714954,108.03682504027863,3.2258841791080974,93.35048642078962
998,2.2009795426490246,51.46231964166282,0.5710343070935251,2,2.2627931667813077,91.65276790873529,0.6702538979223077,2,2.561743391879798,152.80794699288447,2.382608067068222,90.52092859441395
999,2.3992501427967463,85.65855496535579,0.38584084197997,2,2.549625934963506,64.4114575104485,0.5008667151943144,2,3.273524625018951,96.28409173823471,2.8557462934059044,90.95867281660313
