seed,op,a,b,k,ok,got,want
0,add,1,1,1,1,2,2
0,add,1,2,2,1,3,3
0,add,1,3,3,1,4,4
0,add,1,4,4,1,5,5
0,add,1,5,5,1,6,6
0,add,1,6,6,1,7,7
0,add,1,7,7,1,8,8
0,add,1,8,8,1,9,9
0,add,1,9,9,1,10,10
0,add,2,1,1,1,3,3
0,add,2,2,2,1,4,4
0,add,2,3,3,1,5,5
0,add,2,4,4,1,6,6
0,add,2,5,5,1,7,7
0,add,2,6,6,1,8,8
0,add,2,7,7,1,9,9
0,add,2,8,8,1,10,10
0,add,2,9,9,1,11,11
0,add,3,1,1,1,4,4
0,add,3,2,2,1,5,5
0,add,3,3,3,1,6,6
0,add,3,4,4,1,7,7
0,add,3,5,5,1,8,8
0,add,3,6,6,1,9,9
0,add,3,7,7,1,10,10
0,add,3,8,8,1,11,11
0,add,3,9,9,1,12,12
0,add,4,1,1,1,5,5
0,add,4,2,2,1,6,6
0,add,4,3,3,1,7,7
0,add,4,4,4,1,8,8
0,add,4,5,5,1,9,9
0,add,4,6,6,1,10,10
0,add,4,7,7,1,11,11
0,add,4,8,8,1,12,12
0,add,4,9,9,1,13,13
0,add,5,1,1,1,6,6
0,add,5,2,2,1,7,7
0,add,5,3,3,1,8,8
0,add,5,4,4,1,9,9
0,add,5,5,5,1,10,10
0,add,5,6,6,1,11,11
0,add,5,7,7,1,12,12
0,add,5,8,8,1,13,13
0,add,5,9,9,1,14,14
0,add,6,1,1,1,7,7
0,add,6,2,2,1,8,8
0,add,6,3,3,1,9,9
0,add,6,4,4,1,10,10
0,add,6,5,5,1,11,11
0,add,6,6,6,1,12,12
0,add,6,7,7,1,13,13
0,add,6,8,8,1,14,14
0,add,6,9,9,1,15,15
0,add,7,1,1,1,8,8
0,add,7,2,2,1,9,9
0,add,7,3,3,1,10,10
0,add,7,4,4,1,11,11
0,add,7,5,5,1,12,12
0,add,7,6,6,1,13,13
0,add,7,7,7,1,14,14
0,add,7,8,8,1,15,15
0,add,7,9,9,1,16,16
0,add,8,1,1,1,9,9
0,add,8,2,2,1,10,10
0,add,8,3,3,1,11,11
0,add,8,4,4,1,12,12
0,add,8,5,5,1,13,13
0,add,8,6,6,1,14,14
0,add,8,7,7,1,15,15
0,add,8,8,8,1,16,16
0,add,8,9,9,1,17,17
0,add,9,1,1,1,10,10
0,add,9,2,2,1,11,11
0,add,9,3,3,1,12,12
0,add,9,4,4,1,13,13
0,add,9,5,5,1,14,14
0,add,9,6,6,1,15,15
0,add,9,7,7,1,16,16
0,add,9,8,8,1,17,17
0,add,9,9,9,1,18,18
0,subtract,1,1,1,1,0,0
0,subtract,1,2,2,1,0,0
0,subtract,1,3,3,1,0,0
0,subtract,1,4,4,1,0,0
0,subtract,1,5,5,1,0,0
0,subtract,1,6,6,1,0,0
0,subtract,1,7,7,1,0,0
0,subtract,1,8,8,1,0,0
0,subtract,1,9,9,1,0,0
0,subtract,2,1,1,1,1,1
0,subtract,2,2,2,1,0,0
0,subtract,2,3,3,1,0,0
0,subtract,2,4,4,1,0,0
0,subtract,2,5,5,1,0,0
0,subtract,2,6,6,1,0,0
0,subtract,2,7,7,1,0,0
0,subtract,2,8,8,1,0,0
0,subtract,2,9,9,1,0,0
0,subtract,3,1,1,1,2,2
0,subtract,3,2,2,1,1,1
0,subtract,3,3,3,1,0,0
0,subtract,3,4,4,1,0,0
0,subtract,3,5,5,1,0,0
0,subtract,3,6,6,1,0,0
0,subtract,3,7,7,1,0,0
0,subtract,3,8,8,1,0,0
0,subtract,3,9,9,1,0,0
0,subtract,4,1,1,1,3,3
0,subtract,4,2,2,1,2,2
0,subtract,4,3,3,1,1,1
0,subtract,4,4,4,1,0,0
0,subtract,4,5,5,1,0,0
0,subtract,4,6,6,1,0,0
0,subtract,4,7,7,1,0,0
0,subtract,4,8,8,1,0,0
0,subtract,4,9,9,1,0,0
0,subtract,5,1,1,1,4,4
0,subtract,5,2,2,1,3,3
0,subtract,5,3,3,1,2,2
0,subtract,5,4,4,1,1,1
0,subtract,5,5,5,1,0,0
0,subtract,5,6,6,1,0,0
0,subtract,5,7,7,1,0,0
0,subtract,5,8,8,1,0,0
0,subtract,5,9,9,1,0,0
0,subtract,6,1,1,1,5,5
0,subtract,6,2,2,1,4,4
0,subtract,6,3,3,1,3,3
0,subtract,6,4,4,1,2,2
0,subtract,6,5,5,1,1,1
0,subtract,6,6,6,1,0,0
0,subtract,6,7,7,1,0,0
0,subtract,6,8,8,1,0,0
0,subtract,6,9,9,1,0,0
0,subtract,7,1,1,1,6,6
0,subtract,7,2,2,1,5,5
0,subtract,7,3,3,1,4,4
0,subtract,7,4,4,1,3,3
0,subtract,7,5,5,1,2,2
0,subtract,7,6,6,1,1,1
0,subtract,7,7,7,1,0,0
0,subtract,7,8,8,1,0,0
0,subtract,7,9,9,1,0,0
0,subtract,8,1,1,1,7,7
0,subtract,8,2,2,1,6,6
0,subtract,8,3,3,1,5,5
0,subtract,8,4,4,1,4,4
0,subtract,8,5,5,1,3,3
0,subtract,8,6,6,1,2,2
0,subtract,8,7,7,1,1,1
0,subtract,8,8,8,1,0,0
0,subtract,8,9,9,1,0,0
0,subtract,9,1,1,1,8,8
0,subtract,9,2,2,1,7,7
0,subtract,9,3,3,1,6,6
0,subtract,9,4,4,1,5,5
0,subtract,9,5,5,1,4,4
0,subtract,9,6,6,1,3,3
0,subtract,9,7,7,1,2,2
0,subtract,9,8,8,1,1,1
0,subtract,9,9,9,1,0,0
0,multiply,1,1,1,1,1,1
0,multiply,1,2,2,1,2,2
0,multiply,1,3,3,1,3,3
0,multiply,1,4,4,1,4,4
0,multiply,1,5,5,1,5,5
0,multiply,1,6,6,1,6,6
0,multiply,1,7,7,1,7,7
0,multiply,1,8,8,1,8,8
0,multiply,1,9,9,1,9,9
0,multiply,2,1,2,1,2,2
0,multiply,2,2,4,1,4,4
0,multiply,2,3,6,1,6,6
0,multiply,2,4,8,1,8,8
0,multiply,2,5,10,1,10,10
0,multiply,2,6,12,1,12,12
0,multiply,2,7,14,1,14,14
0,multiply,2,8,16,1,16,16
0,multiply,2,9,18,1,18,18
0,multiply,3,1,3,1,3,3
0,multiply,3,2,6,1,6,6
0,multiply,3,3,9,1,9,9
0,multiply,3,4,12,1,12,12
0,multiply,3,5,15,1,15,15
0,multiply,3,6,18,1,18,18
0,multiply,3,7,21,1,21,21
0,multiply,3,8,24,1,24,24
0,multiply,3,9,27,1,27,27
0,multiply,4,1,4,1,4,4
0,multiply,4,2,8,1,8,8
0,multiply,4,3,12,1,12,12
0,multiply,4,4,16,1,16,16
0,multiply,4,5,20,1,20,20
0,multiply,4,6,24,1,24,24
0,multiply,4,7,28,1,28,28
0,multiply,4,8,32,1,32,32
0,multiply,4,9,36,1,36,36
0,multiply,5,1,5,1,5,5
0,multiply,5,2,10,1,10,10
0,multiply,5,3,15,1,15,15
0,multiply,5,4,20,1,20,20
0,multiply,5,5,25,1,25,25
0,multiply,5,6,30,1,30,30
0,multiply,5,7,35,1,35,35
0,multiply,5,8,40,1,40,40
0,multiply,5,9,45,1,45,45
0,multiply,6,1,6,1,6,6
0,multiply,6,2,12,1,12,12
0,multiply,6,3,18,1,18,18
0,multiply,6,4,24,1,24,24
0,multiply,6,5,30,1,30,30
0,multiply,6,6,36,1,36,36
0,multiply,6,7,42,1,42,42
0,multiply,6,8,48,1,48,48
0,multiply,6,9,54,1,54,54
0,multiply,7,1,7,1,7,7
0,multiply,7,2,14,1,14,14
0,multiply,7,3,21,1,21,21
0,multiply,7,4,28,1,28,28
0,multiply,7,5,35,1,35,35
0,multiply,7,6,42,1,42,42
0,multiply,7,7,49,1,49,49
0,multiply,7,8,56,1,56,56
0,multiply,7,9,63,1,63,63
0,multiply,8,1,8,1,8,8
0,multiply,8,2,16,1,16,16
0,multiply,8,3,24,1,24,24
0,multiply,8,4,32,1,32,32
0,multiply,8,5,40,1,40,40
0,multiply,8,6,48,1,48,48
0,multiply,8,7,56,1,56,56
0,multiply,8,8,64,1,64,64
0,multiply,8,9,72,1,72,72
0,multiply,9,1,9,1,9,9
0,multiply,9,2,18,1,18,18
0,multiply,9,3,27,1,27,27
0,multiply,9,4,36,1,36,36
0,multiply,9,5,45,1,45,45
0,multiply,9,6,54,1,54,54
0,multiply,9,7,63,1,63,63
0,multiply,9,8,72,1,72,72
0,multiply,9,9,81,1,81,81
0,divide,1,1,1,1,1,1
0,divide,1,2,0,1,0,0
0,divide,1,3,0,1,0,0
0,divide,1,4,0,1,0,0
0,divide,1,5,0,1,0,0
0,divide,1,6,0,1,0,0
0,divide,1,7,0,1,0,0
0,divide,1,8,0,1,0,0
0,divide,1,9,0,1,0,0
0,divide,2,1,2,1,2,2
0,divide,2,2,2,1,1,1
0,divide,2,3,0,1,0,0
0,divide,2,4,0,1,0,0
0,divide,2,5,0,1,0,0
0,divide,2,6,0,1,0,0
0,divide,2,7,0,1,0,0
0,divide,2,8,0,1,0,0
0,divide,2,9,0,1,0,0
0,divide,3,1,3,1,3,3
0,divide,3,2,2,1,1,1
0,divide,3,3,3,1,1,1
0,divide,3,4,0,1,0,0
0,divide,3,5,0,1,0,0
0,divide,3,6,0,1,0,0
0,divide,3,7,0,1,0,0
0,divide,3,8,0,1,0,0
0,divide,3,9,0,1,0,0
0,divide,4,1,4,1,4,4
0,divide,4,2,4,1,2,2
0,divide,4,3,3,1,1,1
0,divide,4,4,4,1,1,1
0,divide,4,5,0,1,0,0
0,divide,4,6,0,1,0,0
0,divide,4,7,0,1,0,0
0,divide,4,8,0,1,0,0
0,divide,4,9,0,1,0,0
0,divide,5,1,5,1,5,5
0,divide,5,2,4,1,2,2
0,divide,5,3,3,1,1,1
0,divide,5,4,4,1,1,1
0,divide,5,5,5,1,1,1
0,divide,5,6,0,1,0,0
0,divide,5,7,0,1,0,0
0,divide,5,8,0,1,0,0
0,divide,5,9,0,1,0,0
0,divide,6,1,6,1,6,6
0,divide,6,2,6,1,3,3
0,divide,6,3,6,1,2,2
0,divide,6,4,4,1,1,1
0,divide,6,5,5,1,1,1
0,divide,6,6,6,1,1,1
0,divide,6,7,0,1,0,0
0,divide,6,8,0,1,0,0
0,divide,6,9,0,1,0,0
0,divide,7,1,7,1,7,7
0,divide,7,2,6,1,3,3
0,divide,7,3,6,1,2,2
0,divide,7,4,4,1,1,1
0,divide,7,5,5,1,1,1
0,divide,7,6,6,1,1,1
0,divide,7,7,7,1,1,1
0,divide,7,8,0,1,0,0
0,divide,7,9,0,1,0,0
0,divide,8,1,8,1,8,8
0,divide,8,2,8,1,4,4
0,divide,8,3,6,1,2,2
0,divide,8,4,8,1,2,2
0,divide,8,5,5,1,1,1
0,divide,8,6,6,1,1,1
0,divide,8,7,7,1,1,1
0,divide,8,8,8,1,1,1
0,divide,8,9,0,1,0,0
0,divide,9,1,9,1,9,9
0,divide,9,2,8,1,4,4
0,divide,9,3,9,1,3,3
0,divide,9,4,8,1,2,2
0,divide,9,5,5,1,1,1
0,divide,9,6,6,1,1,1
0,divide,9,7,7,1,1,1
0,divide,9,8,8,1,1,1
0,divide,9,9,9,1,1,1
3,add,1,1,1,1,2,2
3,add,1,2,2,1,3,3
3,add,1,3,3,1,4,4
3,add,1,4,4,1,5,5
3,add,1,5,5,1,6,6
3,add,1,6,6,1,7,7
3,add,1,7,7,1,8,8
3,add,1,8,8,1,9,9
3,add,1,9,9,1,10,10
3,add,2,1,1,1,3,3
3,add,2,2,2,1,4,4
3,add,2,3,3,1,5,5
3,add,2,4,4,1,6,6
3,add,2,5,5,1,7,7
3,add,2,6,6,1,8,8
3,add,2,7,7,1,9,9
3,add,2,8,8,1,10,10
3,add,2,9,9,1,11,11
3,add,3,1,1,1,4,4
3,add,3,2,2,1,5,5
3,add,3,3,3,1,6,6
3,add,3,4,4,1,7,7
3,add,3,5,5,1,8,8
3,add,3,6,6,1,9,9
3,add,3,7,7,1,10,10
3,add,3,8,8,1,11,11
3,add,3,9,9,1,12,12
3,add,4,1,1,1,5,5
3,add,4,2,2,1,6,6
3,add,4,3,3,1,7,7
3,add,4,4,4,1,8,8
3,add,4,5,5,1,9,9
3,add,4,6,6,1,10,10
3,add,4,7,7,1,11,11
3,add,4,8,8,1,12,12
3,add,4,9,9,1,13,13
3,add,5,1,1,1,6,6
3,add,5,2,2,1,7,7
3,add,5,3,3,1,8,8
3,add,5,4,4,1,9,9
3,add,5,5,5,1,10,10
3,add,5,6,6,1,11,11
3,add,5,7,7,1,12,12
3,add,5,8,8,1,13,13
3,add,5,9,9,1,14,14
3,add,6,1,1,1,7,7
3,add,6,2,2,1,8,8
3,add,6,3,3,1,9,9
3,add,6,4,4,1,10,10
3,add,6,5,5,1,11,11
3,add,6,6,6,1,12,12
3,add,6,7,7,1,13,13
3,add,6,8,8,1,14,14
3,add,6,9,9,1,15,15
3,add,7,1,1,1,8,8
3,add,7,2,2,1,9,9
3,add,7,3,3,1,10,10
3,add,7,4,4,1,11,11
3,add,7,5,5,1,12,12
3,add,7,6,6,1,13,13
3,add,7,7,7,1,14,14
3,add,7,8,8,1,15,15
3,add,7,9,9,1,16,16
3,add,8,1,1,1,9,9
3,add,8,2,2,1,10,10
3,add,8,3,3,1,11,11
3,add,8,4,4,1,12,12
3,add,8,5,5,1,13,13
3,add,8,6,6,1,14,14
3,add,8,7,7,1,15,15
3,add,8,8,8,1,16,16
3,add,8,9,9,1,17,17
3,add,9,1,1,1,10,10
3,add,9,2,2,1,11,11
3,add,9,3,3,1,12,12
3,add,9,4,4,1,13,13
3,add,9,5,5,1,14,14
3,add,9,6,6,1,15,15
3,add,9,7,7,1,16,16
3,add,9,8,8,1,17,17
3,add,9,9,9,1,18,18
3,subtract,1,1,1,1,0,0
3,subtract,1,2,2,1,0,0
3,subtract,1,3,3,1,0,0
3,subtract,1,4,4,1,0,0
3,subtract,1,5,5,1,0,0
3,subtract,1,6,6,1,0,0
3,subtract,1,7,7,1,0,0
3,subtract,1,8,8,1,0,0
3,subtract,1,9,9,1,0,0
3,subtract,2,1,1,1,1,1
3,subtract,2,2,2,1,0,0
3,subtract,2,3,3,1,0,0
3,subtract,2,4,4,1,0,0
3,subtract,2,5,5,1,0,0
3,subtract,2,6,6,1,0,0
3,subtract,2,7,7,1,0,0
3,subtract,2,8,8,1,0,0
3,subtract,2,9,9,1,0,0
3,subtract,3,1,1,1,2,2
3,subtract,3,2,2,1,1,1
3,subtract,3,3,3,1,0,0
3,subtract,3,4,4,1,0,0
3,subtract,3,5,5,1,0,0
3,subtract,3,6,6,1,0,0
3,subtract,3,7,7,1,0,0
3,subtract,3,8,8,1,0,0
3,subtract,3,9,9,1,0,0
3,subtract,4,1,1,1,3,3
3,subtract,4,2,2,1,2,2
3,subtract,4,3,3,1,1,1
3,subtract,4,4,4,1,0,0
3,subtract,4,5,5,1,0,0
3,subtract,4,6,6,1,0,0
3,subtract,4,7,7,1,0,0
3,subtract,4,8,8,1,0,0
3,subtract,4,9,9,1,0,0
3,subtract,5,1,1,1,4,4
3,subtract,5,2,2,1,3,3
3,subtract,5,3,3,1,2,2
3,subtract,5,4,4,1,1,1
3,subtract,5,5,5,1,0,0
3,subtract,5,6,6,1,0,0
3,subtract,5,7,7,1,0,0
3,subtract,5,8,8,1,0,0
3,subtract,5,9,9,1,0,0
3,subtract,6,1,1,1,5,5
3,subtract,6,2,2,1,4,4
3,subtract,6,3,3,1,3,3
3,subtract,6,4,4,1,2,2
3,subtract,6,5,5,1,1,1
3,subtract,6,6,6,1,0,0
3,subtract,6,7,7,1,0,0
3,subtract,6,8,8,1,0,0
3,subtract,6,9,9,1,0,0
3,subtract,7,1,1,1,6,6
3,subtract,7,2,2,1,5,5
3,subtract,7,3,3,1,4,4
3,subtract,7,4,4,1,3,3
3,subtract,7,5,5,1,2,2
3,subtract,7,6,6,1,1,1
3,subtract,7,7,7,1,0,0
3,subtract,7,8,8,1,0,0
3,subtract,7,9,9,1,0,0
3,subtract,8,1,1,1,7,7
3,subtract,8,2,2,1,6,6
3,subtract,8,3,3,1,5,5
3,subtract,8,4,4,1,4,4
3,subtract,8,5,5,1,3,3
3,subtract,8,6,6,1,2,2
3,subtract,8,7,7,1,1,1
3,subtract,8,8,8,1,0,0
3,subtract,8,9,9,1,0,0
3,subtract,9,1,1,1,8,8
3,subtract,9,2,2,1,7,7
3,subtract,9,3,3,1,6,6
3,subtract,9,4,4,1,5,5
3,subtract,9,5,5,1,4,4
3,subtract,9,6,6,1,3,3
3,subtract,9,7,7,1,2,2
3,subtract,9,8,8,1,1,1
3,subtract,9,9,9,1,0,0
3,multiply,1,1,1,1,1,1
3,multiply,1,2,2,1,2,2
3,multiply,1,3,3,1,3,3
3,multiply,1,4,4,1,4,4
3,multiply,1,5,5,1,5,5
3,multiply,1,6,6,1,6,6
3,multiply,1,7,7,1,7,7
3,multiply,1,8,8,1,8,8
3,multiply,1,9,9,1,9,9
3,multiply,2,1,2,1,2,2
3,multiply,2,2,4,1,4,4
3,multiply,2,3,6,1,6,6
3,multiply,2,4,8,1,8,8
3,multiply,2,5,10,1,10,10
3,multiply,2,6,12,1,12,12
3,multiply,2,7,14,1,14,14
3,multiply,2,8,16,1,16,16
3,multiply,2,9,18,1,18,18
3,multiply,3,1,3,1,3,3
3,multiply,3,2,6,1,6,6
3,multiply,3,3,9,1,9,9
3,multiply,3,4,12,1,12,12
3,multiply,3,5,15,1,15,15
3,multiply,3,6,18,1,18,18
3,multiply,3,7,21,1,21,21
3,multiply,3,8,24,1,24,24
3,multiply,3,9,27,1,27,27
3,multiply,4,1,4,1,4,4
3,multiply,4,2,8,1,8,8
3,multiply,4,3,12,1,12,12
3,multiply,4,4,16,1,16,16
3,multiply,4,5,20,1,20,20
3,multiply,4,6,24,1,24,24
3,multiply,4,7,28,1,28,28
3,multiply,4,8,32,1,32,32
3,multiply,4,9,36,1,36,36
3,multiply,5,1,5,1,5,5
3,multiply,5,2,10,1,10,10
3,multiply,5,3,15,1,15,15
3,multiply,5,4,20,1,20,20
3,multiply,5,5,25,1,25,25
3,multiply,5,6,30,1,30,30
3,multiply,5,7,35,1,35,35
3,multiply,5,8,40,1,40,40
3,multiply,5,9,45,1,45,45
3,multiply,6,1,6,1,6,6
3,multiply,6,2,12,1,12,12
3,multiply,6,3,18,1,18,18
3,multiply,6,4,24,1,24,24
3,multiply,6,5,30,1,30,30
3,multiply,6,6,36,1,36,36
3,multiply,6,7,42,1,42,42
3,multiply,6,8,48,1,48,48
3,multiply,6,9,54,1,54,54
3,multiply,7,1,7,1,7,7
3,multiply,7,2,14,1,14,14
3,multiply,7,3,21,1,21,21
3,multiply,7,4,28,1,28,28
3,multiply,7,5,35,1,35,35
3,multiply,7,6,42,1,42,42
3,multiply,7,7,49,1,49,49
3,multiply,7,8,56,1,56,56
3,multiply,7,9,63,1,63,63
3,multiply,8,1,8,1,8,8
3,multiply,8,2,16,1,16,16
3,multiply,8,3,24,1,24,24
3,multiply,8,4,32,1,32,32
3,multiply,8,5,40,1,40,40
3,multiply,8,6,48,1,48,48
3,multiply,8,7,56,1,56,56
3,multiply,8,8,64,1,64,64
3,multiply,8,9,72,1,72,72
3,multiply,9,1,9,1,9,9
3,multiply,9,2,18,1,18,18
3,multiply,9,3,27,1,27,27
3,multiply,9,4,36,1,36,36
3,multiply,9,5,45,1,45,45
3,multiply,9,6,54,1,54,54
3,multiply,9,7,63,1,63,63
3,multiply,9,8,72,1,72,72
3,multiply,9,9,81,1,81,81
3,divide,1,1,1,1,1,1
3,divide,1,2,0,1,0,0
3,divide,1,3,0,1,0,0
3,divide,1,4,0,1,0,0
3,divide,1,5,0,1,0,0
3,divide,1,6,0,1,0,0
3,divide,1,7,0,1,0,0
3,divide,1,8,0,1,0,0
3,divide,1,9,0,1,0,0
3,divide,2,1,2,1,2,2
3,divide,2,2,2,1,1,1
3,divide,2,3,0,1,0,0
3,divide,2,4,0,1,0,0
3,divide,2,5,0,1,0,0
3,divide,2,6,0,1,0,0
3,divide,2,7,0,1,0,0
3,divide,2,8,0,1,0,0
3,divide,2,9,0,1,0,0
3,divide,3,1,3,1,3,3
3,divide,3,2,2,1,1,1
3,divide,3,3,3,1,1,1
3,divide,3,4,0,1,0,0
3,divide,3,5,0,1,0,0
3,divide,3,6,0,1,0,0
3,divide,3,7,0,1,0,0
3,divide,3,8,0,1,0,0
3,divide,3,9,0,1,0,0
3,divide,4,1,4,1,4,4
3,divide,4,2,4,1,2,2
3,divide,4,3,3,1,1,1
3,divide,4,4,4,1,1,1
3,divide,4,5,0,1,0,0
3,divide,4,6,0,1,0,0
3,divide,4,7,0,1,0,0
3,divide,4,8,0,1,0,0
3,divide,4,9,0,1,0,0
3,divide,5,1,5,1,5,5
3,divide,5,2,4,1,2,2
3,divide,5,3,3,1,1,1
3,divide,5,4,4,1,1,1
3,divide,5,5,5,1,1,1
3,divide,5,6,0,1,0,0
3,divide,5,7,0,1,0,0
3,divide,5,8,0,1,0,0
3,divide,5,9,0,1,0,0
3,divide,6,1,6,1,6,6
3,divide,6,2,6,1,3,3
3,divide,6,3,6,1,2,2
3,divide,6,4,4,1,1,1
3,divide,6,5,5,1,1,1
3,divide,6,6,6,1,1,1
3,divide,6,7,0,1,0,0
3,divide,6,8,0,1,0,0
3,divide,6,9,0,1,0,0
3,divide,7,1,7,1,7,7
3,divide,7,2,6,1,3,3
3,divide,7,3,6,1,2,2
3,divide,7,4,4,1,1,1
3,divide,7,5,5,1,1,1
3,divide,7,6,6,1,1,1
3,divide,7,7,7,1,1,1
3,divide,7,8,0,1,0,0
3,divide,7,9,0,1,0,0
3,divide,8,1,8,1,8,8
3,divide,8,2,8,1,4,4
3,divide,8,3,6,1,2,2
3,divide,8,4,8,1,2,2
3,divide,8,5,5,1,1,1
3,divide,8,6,6,1,1,1
3,divide,8,7,7,1,1,1
3,divide,8,8,8,1,1,1
3,divide,8,9,0,1,0,0
3,divide,9,1,9,1,9,9
3,divide,9,2,8,1,4,4
3,divide,9,3,9,1,3,3
3,divide,9,4,8,1,2,2
3,divide,9,5,5,1,1,1
3,divide,9,6,6,1,1,1
3,divide,9,7,7,1,1,1
3,divide,9,8,8,1,1,1
3,divide,9,9,9,1,1,1
5,add,1,1,1,1,2,2
5,add,1,2,2,1,3,3
5,add,1,3,3,1,4,4
5,add,1,4,4,1,5,5
5,add,1,5,5,1,6,6
5,add,1,6,6,1,7,7
5,add,1,7,7,1,8,8
5,add,1,8,8,1,9,9
5,add,1,9,9,1,10,10
5,add,2,1,1,1,3,3
5,add,2,2,2,1,4,4
5,add,2,3,3,1,5,5
5,add,2,4,4,1,6,6
5,add,2,5,5,1,7,7
5,add,2,6,6,1,8,8
5,add,2,7,7,1,9,9
5,add,2,8,8,1,10,10
5,add,2,9,9,1,11,11
5,add,3,1,1,1,4,4
5,add,3,2,2,1,5,5
5,add,3,3,3,1,6,6
5,add,3,4,4,1,7,7
5,add,3,5,5,1,8,8
5,add,3,6,6,1,9,9
5,add,3,7,7,1,10,10
5,add,3,8,8,1,11,11
5,add,3,9,9,1,12,12
5,add,4,1,1,1,5,5
5,add,4,2,2,1,6,6
5,add,4,3,3,1,7,7
5,add,4,4,4,1,8,8
5,add,4,5,5,1,9,9
5,add,4,6,6,1,10,10
5,add,4,7,7,1,11,11
5,add,4,8,8,1,12,12
5,add,4,9,9,1,13,13
5,add,5,1,1,1,6,6
5,add,5,2,2,1,7,7
5,add,5,3,3,1,8,8
5,add,5,4,4,1,9,9
5,add,5,5,5,1,10,10
5,add,5,6,6,1,11,11
5,add,5,7,7,1,12,12
5,add,5,8,8,1,13,13
5,add,5,9,9,1,14,14
5,add,6,1,1,1,7,7
5,add,6,2,2,1,8,8
5,add,6,3,3,1,9,9
5,add,6,4,4,1,10,10
5,add,6,5,5,1,11,11
5,add,6,6,6,1,12,12
5,add,6,7,7,1,13,13
5,add,6,8,8,1,14,14
5,add,6,9,9,1,15,15
5,add,7,1,1,1,8,8
5,add,7,2,2,1,9,9
5,add,7,3,3,1,10,10
5,add,7,4,4,1,11,11
5,add,7,5,5,1,12,12
5,add,7,6,6,1,13,13
5,add,7,7,7,1,14,14
5,add,7,8,8,1,15,15
5,add,7,9,9,1,16,16
5,add,8,1,1,1,9,9
5,add,8,2,2,1,10,10
5,add,8,3,3,1,11,11
5,add,8,4,4,1,12,12
5,add,8,5,5,1,13,13
5,add,8,6,6,1,14,14
5,add,8,7,7,1,15,15
5,add,8,8,8,1,16,16
5,add,8,9,9,1,17,17
5,add,9,1,1,1,10,10
5,add,9,2,2,1,11,11
5,add,9,3,3,1,12,12
5,add,9,4,4,1,13,13
5,add,9,5,5,1,14,14
5,add,9,6,6,1,15,15
5,add,9,7,7,1,16,16
5,add,9,8,8,1,17,17
5,add,9,9,9,1,18,18
5,subtract,1,1,1,1,0,0
5,subtract,1,2,2,1,0,0
5,subtract,1,3,3,1,0,0
5,subtract,1,4,4,1,0,0
5,subtract,1,5,5,1,0,0
5,subtract,1,6,6,1,0,0
5,subtract,1,7,7,1,0,0
5,subtract,1,8,8,1,0,0
5,subtract,1,9,9,1,0,0
5,subtract,2,1,1,1,1,1
5,subtract,2,2,2,1,0,0
5,subtract,2,3,3,1,0,0
5,subtract,2,4,4,1,0,0
5,subtract,2,5,5,1,0,0
5,subtract,2,6,6,1,0,0
5,subtract,2,7,7,1,0,0
5,subtract,2,8,8,1,0,0
5,subtract,2,9,9,1,0,0
5,subtract,3,1,1,1,2,2
5,subtract,3,2,2,1,1,1
5,subtract,3,3,3,1,0,0
5,subtract,3,4,4,1,0,0
5,subtract,3,5,5,1,0,0
5,subtract,3,6,6,1,0,0
5,subtract,3,7,7,1,0,0
5,subtract,3,8,8,1,0,0
5,subtract,3,9,9,1,0,0
5,subtract,4,1,1,1,3,3
5,subtract,4,2,2,1,2,2
5,subtract,4,3,3,1,1,1
5,subtract,4,4,4,1,0,0
5,subtract,4,5,5,1,0,0
5,subtract,4,6,6,1,0,0
5,subtract,4,7,7,1,0,0
5,subtract,4,8,8,1,0,0
5,subtract,4,9,9,1,0,0
5,subtract,5,1,1,1,4,4
5,subtract,5,2,2,1,3,3
5,subtract,5,3,3,1,2,2
5,subtract,5,4,4,1,1,1
5,subtract,5,5,5,1,0,0
5,subtract,5,6,6,1,0,0
5,subtract,5,7,7,1,0,0
5,subtract,5,8,8,1,0,0
5,subtract,5,9,9,1,0,0
5,subtract,6,1,1,1,5,5
5,subtract,6,2,2,1,4,4
5,subtract,6,3,3,1,3,3
5,subtract,6,4,4,1,2,2
5,subtract,6,5,5,1,1,1
5,subtract,6,6,6,1,0,0
5,subtract,6,7,7,1,0,0
5,subtract,6,8,8,1,0,0
5,subtract,6,9,9,1,0,0
5,subtract,7,1,1,1,6,6
5,subtract,7,2,2,1,5,5
5,subtract,7,3,3,1,4,4
5,subtract,7,4,4,1,3,3
5,subtract,7,5,5,1,2,2
5,subtract,7,6,6,1,1,1
5,subtract,7,7,7,1,0,0
5,subtract,7,8,8,1,0,0
5,subtract,7,9,9,1,0,0
5,subtract,8,1,1,1,7,7
5,subtract,8,2,2,1,6,6
5,subtract,8,3,3,1,5,5
5,subtract,8,4,4,1,4,4
5,subtract,8,5,5,1,3,3
5,subtract,8,6,6,1,2,2
5,subtract,8,7,7,1,1,1
5,subtract,8,8,8,1,0,0
5,subtract,8,9,9,1,0,0
5,subtract,9,1,1,1,8,8
5,subtract,9,2,2,1,7,7
5,subtract,9,3,3,1,6,6
5,subtract,9,4,4,1,5,5
5,subtract,9,5,5,1,4,4
5,subtract,9,6,6,1,3,3
5,subtract,9,7,7,1,2,2
5,subtract,9,8,8,1,1,1
5,subtract,9,9,9,1,0,0
5,multiply,1,1,1,1,1,1
5,multiply,1,2,2,1,2,2
5,multiply,1,3,3,1,3,3
5,multiply,1,4,4,1,4,4
5,multiply,1,5,5,1,5,5
5,multiply,1,6,6,1,6,6
5,multiply,1,7,7,1,7,7
5,multiply,1,8,8,1,8,8
5,multiply,1,9,9,1,9,9
5,multiply,2,1,2,1,2,2
5,multiply,2,2,4,1,4,4
5,multiply,2,3,6,1,6,6
5,multiply,2,4,8,1,8,8
5,multiply,2,5,10,1,10,10
5,multiply,2,6,12,1,12,12
5,multiply,2,7,14,1,14,14
5,multiply,2,8,16,1,16,16
5,multiply,2,9,18,1,18,18
5,multiply,3,1,3,1,3,3
5,multiply,3,2,6,1,6,6
5,multiply,3,3,9,1,9,9
5,multiply,3,4,12,1,12,12
5,multiply,3,5,15,1,15,15
5,multiply,3,6,18,1,18,18
5,multiply,3,7,21,1,21,21
5,multiply,3,8,24,1,24,24
5,multiply,3,9,27,1,27,27
5,multiply,4,1,4,1,4,4
5,multiply,4,2,8,1,8,8
5,multiply,4,3,12,1,12,12
5,multiply,4,4,16,1,16,16
5,multiply,4,5,20,1,20,20
5,multiply,4,6,24,1,24,24
5,multiply,4,7,28,1,28,28
5,multiply,4,8,32,1,32,32
5,multiply,4,9,36,1,36,36
5,multiply,5,1,5,1,5,5
5,multiply,5,2,10,1,10,10
5,multiply,5,3,15,1,15,15
5,multiply,5,4,20,1,20,20
5,multiply,5,5,25,1,25,25
5,multiply,5,6,30,1,30,30
5,multiply,5,7,35,1,35,35
5,multiply,5,8,40,1,40,40
5,multiply,5,9,45,1,45,45
5,multiply,6,1,6,1,6,6
5,multiply,6,2,12,1,12,12
5,multiply,6,3,18,1,18,18
5,multiply,6,4,24,1,24,24
5,multiply,6,5,30,1,30,30
5,multiply,6,6,36,1,36,36
5,multiply,6,7,42,1,42,42
5,multiply,6,8,48,1,48,48
5,multiply,6,9,54,1,54,54
5,multiply,7,1,7,1,7,7
5,multiply,7,2,14,1,14,14
5,multiply,7,3,21,1,21,21
5,multiply,7,4,28,1,28,28
5,multiply,7,5,35,1,35,35
5,multiply,7,6,42,1,42,42
5,multiply,7,7,49,1,49,49
5,multiply,7,8,56,1,56,56
5,multiply,7,9,63,1,63,63
5,multiply,8,1,8,1,8,8
5,multiply,8,2,16,1,16,16
5,multiply,8,3,24,1,24,24
5,multiply,8,4,32,1,32,32
5,multiply,8,5,40,1,40,40
5,multiply,8,6,48,1,48,48
5,multiply,8,7,56,1,56,56
5,multiply,8,8,64,1,64,64
5,multiply,8,9,72,1,72,72
5,multiply,9,1,9,1,9,9
5,multiply,9,2,18,1,18,18
5,multiply,9,3,27,1,27,27
5,multiply,9,4,36,1,36,36
5,multiply,9,5,45,1,45,45
5,multiply,9,6,54,1,54,54
5,multiply,9,7,63,1,63,63
5,multiply,9,8,72,1,72,72
5,multiply,9,9,81,1,81,81
5,divide,1,1,1,1,1,1
5,divide,1,2,0,1,0,0
5,divide,1,3,0,1,0,0
5,divide,1,4,0,1,0,0
5,divide,1,5,0,1,0,0
5,divide,1,6,0,1,0,0
5,divide,1,7,0,1,0,0
5,divide,1,8,0,1,0,0
5,divide,1,9,0,1,0,0
5,divide,2,1,2,1,2,2
5,divide,2,2,2,1,1,1
5,divide,2,3,0,1,0,0
5,divide,2,4,0,1,0,0
5,divide,2,5,0,1,0,0
5,divide,2,6,0,1,0,0
5,divide,2,7,0,1,0,0
5,divide,2,8,0,1,0,0
5,divide,2,9,0,1,0,0
5,divide,3,1,3,1,3,3
5,divide,3,2,2,1,1,1
5,divide,3,3,3,1,1,1
5,divide,3,4,0,1,0,0
5,divide,3,5,0,1,0,0
5,divide,3,6,0,1,0,0
5,divide,3,7,0,1,0,0
5,divide,3,8,0,1,0,0
5,divide,3,9,0,1,0,0
5,divide,4,1,4,1,4,4
5,divide,4,2,4,1,2,2
5,divide,4,3,3,1,1,1
5,divide,4,4,4,1,1,1
5,divide,4,5,0,1,0,0
5,divide,4,6,0,1,0,0
5,divide,4,7,0,1,0,0
5,divide,4,8,0,1,0,0
5,divide,4,9,0,1,0,0
5,divide,5,1,5,1,5,5
5,divide,5,2,4,1,2,2
5,divide,5,3,3,1,1,1
5,divide,5,4,4,1,1,1
5,divide,5,5,5,1,1,1
5,divide,5,6,0,1,0,0
5,divide,5,7,0,1,0,0
5,divide,5,8,0,1,0,0
5,divide,5,9,0,1,0,0
5,divide,6,1,6,1,6,6
5,divide,6,2,6,1,3,3
5,divide,6,3,6,1,2,2
5,divide,6,4,4,1,1,1
5,divide,6,5,5,1,1,1
5,divide,6,6,6,1,1,1
5,divide,6,7,0,1,0,0
5,divide,6,8,0,1,0,0
5,divide,6,9,0,1,0,0
5,divide,7,1,7,1,7,7
5,divide,7,2,6,1,3,3
5,divide,7,3,6,1,2,2
5,divide,7,4,4,1,1,1
5,divide,7,5,5,1,1,1
5,divide,7,6,6,1,1,1
5,divide,7,7,7,1,1,1
5,divide,7,8,0,1,0,0
5,divide,7,9,0,1,0,0
5,divide,8,1,8,1,8,8
5,divide,8,2,8,1,4,4
5,divide,8,3,6,1,2,2
5,divide,8,4,8,1,2,2
5,divide,8,5,5,1,1,1
5,divide,8,6,6,1,1,1
5,divide,8,7,7,1,1,1
5,divide,8,8,8,1,1,1
5,divide,8,9,0,1,0,0
5,divide,9,1,9,1,9,9
5,divide,9,2,8,1,4,4
5,divide,9,3,9,1,3,3
5,divide,9,4,8,1,2,2
5,divide,9,5,5,1,1,1
5,divide,9,6,6,1,1,1
5,divide,9,7,7,1,1,1
5,divide,9,8,8,1,1,1
5,divide,9,9,9,1,1,1
7,add,1,1,1,1,2,2
7,add,1,2,2,1,3,3
7,add,1,3,3,1,4,4
7,add,1,4,4,1,5,5
7,add,1,5,5,1,6,6
7,add,1,6,6,1,7,7
7,add,1,7,7,1,8,8
7,add,1,8,8,1,9,9
7,add,1,9,9,1,10,10
7,add,2,1,1,1,3,3
7,add,2,2,2,1,4,4
7,add,2,3,3,1,5,5
7,add,2,4,4,1,6,6
7,add,2,5,5,1,7,7
7,add,2,6,6,1,8,8
7,add,2,7,7,1,9,9
7,add,2,8,8,1,10,10
7,add,2,9,9,1,11,11
7,add,3,1,1,1,4,4
7,add,3,2,2,1,5,5
7,add,3,3,3,1,6,6
7,add,3,4,4,1,7,7
7,add,3,5,5,1,8,8
7,add,3,6,6,1,9,9
7,add,3,7,7,1,10,10
7,add,3,8,8,1,11,11
7,add,3,9,9,1,12,12
7,add,4,1,1,1,5,5
7,add,4,2,2,1,6,6
7,add,4,3,3,1,7,7
7,add,4,4,4,1,8,8
7,add,4,5,5,1,9,9
7,add,4,6,6,1,10,10
7,add,4,7,7,1,11,11
7,add,4,8,8,1,12,12
7,add,4,9,9,1,13,13
7,add,5,1,1,1,6,6
7,add,5,2,2,1,7,7
7,add,5,3,3,1,8,8
7,add,5,4,4,1,9,9
7,add,5,5,5,1,10,10
7,add,5,6,6,1,11,11
7,add,5,7,7,1,12,12
7,add,5,8,8,1,13,13
7,add,5,9,9,1,14,14
7,add,6,1,1,1,7,7
7,add,6,2,2,1,8,8
7,add,6,3,3,1,9,9
7,add,6,4,4,1,10,10
7,add,6,5,5,1,11,11
7,add,6,6,6,1,12,12
7,add,6,7,7,1,13,13
7,add,6,8,8,1,14,14
7,add,6,9,9,1,15,15
7,add,7,1,1,1,8,8
7,add,7,2,2,1,9,9
7,add,7,3,3,1,10,10
7,add,7,4,4,1,11,11
7,add,7,5,5,1,12,12
7,add,7,6,6,1,13,13
7,add,7,7,7,1,14,14
7,add,7,8,8,1,15,15
7,add,7,9,9,1,16,16
7,add,8,1,1,1,9,9
7,add,8,2,2,1,10,10
7,add,8,3,3,1,11,11
7,add,8,4,4,1,12,12
7,add,8,5,5,1,13,13
7,add,8,6,6,1,14,14
7,add,8,7,7,1,15,15
7,add,8,8,8,1,16,16
7,add,8,9,9,1,17,17
7,add,9,1,1,1,10,10
7,add,9,2,2,1,11,11
7,add,9,3,3,1,12,12
7,add,9,4,4,1,13,13
7,add,9,5,5,1,14,14
7,add,9,6,6,1,15,15
7,add,9,7,7,1,16,16
7,add,9,8,8,1,17,17
7,add,9,9,9,1,18,18
7,subtract,1,1,1,1,0,0
7,subtract,1,2,2,1,0,0
7,subtract,1,3,3,1,0,0
7,subtract,1,4,4,1,0,0
7,subtract,1,5,5,1,0,0
7,subtract,1,6,6,1,0,0
7,subtract,1,7,7,1,0,0
7,subtract,1,8,8,1,0,0
7,subtract,1,9,9,1,0,0
7,subtract,2,1,1,1,1,1
7,subtract,2,2,2,1,0,0
7,subtract,2,3,3,1,0,0
7,subtract,2,4,4,1,0,0
7,subtract,2,5,5,1,0,0
7,subtract,2,6,6,1,0,0
7,subtract,2,7,7,1,0,0
7,subtract,2,8,8,1,0,0
7,subtract,2,9,9,1,0,0
7,subtract,3,1,1,1,2,2
7,subtract,3,2,2,1,1,1
7,subtract,3,3,3,1,0,0
7,subtract,3,4,4,1,0,0
7,subtract,3,5,5,1,0,0
7,subtract,3,6,6,1,0,0
7,subtract,3,7,7,1,0,0
7,subtract,3,8,8,1,0,0
7,subtract,3,9,9,1,0,0
7,subtract,4,1,1,1,3,3
7,subtract,4,2,2,1,2,2
7,subtract,4,3,3,1,1,1
7,subtract,4,4,4,1,0,0
7,subtract,4,5,5,1,0,0
7,subtract,4,6,6,1,0,0
7,subtract,4,7,7,1,0,0
7,subtract,4,8,8,1,0,0
7,subtract,4,9,9,1,0,0
7,subtract,5,1,1,1,4,4
7,subtract,5,2,2,1,3,3
7,subtract,5,3,3,1,2,2
7,subtract,5,4,4,1,1,1
7,subtract,5,5,5,1,0,0
7,subtract,5,6,6,1,0,0
7,subtract,5,7,7,1,0,0
7,subtract,5,8,8,1,0,0
7,subtract,5,9,9,1,0,0
7,subtract,6,1,1,1,5,5
7,subtract,6,2,2,1,4,4
7,subtract,6,3,3,1,3,3
7,subtract,6,4,4,1,2,2
7,subtract,6,5,5,1,1,1
7,subtract,6,6,6,1,0,0
7,subtract,6,7,7,1,0,0
7,subtract,6,8,8,1,0,0
7,subtract,6,9,9,1,0,0
7,subtract,7,1,1,1,6,6
7,subtract,7,2,2,1,5,5
7,subtract,7,3,3,1,4,4
7,subtract,7,4,4,1,3,3
7,subtract,7,5,5,1,2,2
7,subtract,7,6,6,1,1,1
7,subtract,7,7,7,1,0,0
7,subtract,7,8,8,1,0,0
7,subtract,7,9,9,1,0,0
7,subtract,8,1,1,1,7,7
7,subtract,8,2,2,1,6,6
7,subtract,8,3,3,1,5,5
7,subtract,8,4,4,1,4,4
7,subtract,8,5,5,1,3,3
7,subtract,8,6,6,1,2,2
7,subtract,8,7,7,1,1,1
7,subtract,8,8,8,1,0,0
7,subtract,8,9,9,1,0,0
7,subtract,9,1,1,1,8,8
7,subtract,9,2,2,1,7,7
7,subtract,9,3,3,1,6,6
7,subtract,9,4,4,1,5,5
7,subtract,9,5,5,1,4,4
7,subtract,9,6,6,1,3,3
7,subtract,9,7,7,1,2,2
7,subtract,9,8,8,1,1,1
7,subtract,9,9,9,1,0,0
7,multiply,1,1,1,1,1,1
7,multiply,1,2,2,1,2,2
7,multiply,1,3,3,1,3,3
7,multiply,1,4,4,1,4,4
7,multiply,1,5,5,1,5,5
7,multiply,1,6,6,1,6,6
7,multiply,1,7,7,1,7,7
7,multiply,1,8,8,1,8,8
7,multiply,1,9,9,1,9,9
7,multiply,2,1,2,1,2,2
7,multiply,2,2,4,1,4,4
7,multiply,2,3,6,1,6,6
7,multiply,2,4,8,1,8,8
7,multiply,2,5,10,1,10,10
7,multiply,2,6,12,1,12,12
7,multiply,2,7,14,1,14,14
7,multiply,2,8,16,1,16,16
7,multiply,2,9,18,1,18,18
7,multiply,3,1,3,1,3,3
7,multiply,3,2,6,1,6,6
7,multiply,3,3,9,1,9,9
7,multiply,3,4,12,1,12,12
7,multiply,3,5,15,1,15,15
7,multiply,3,6,18,1,18,18
7,multiply,3,7,21,1,21,21
7,multiply,3,8,24,1,24,24
7,multiply,3,9,27,1,27,27
7,multiply,4,1,4,1,4,4
7,multiply,4,2,8,1,8,8
7,multiply,4,3,12,1,12,12
7,multiply,4,4,16,1,16,16
7,multiply,4,5,20,1,20,20
7,multiply,4,6,24,1,24,24
7,multiply,4,7,28,1,28,28
7,multiply,4,8,32,1,32,32
7,multiply,4,9,36,1,36,36
7,multiply,5,1,5,1,5,5
7,multiply,5,2,10,1,10,10
7,multiply,5,3,15,1,15,15
7,multiply,5,4,20,1,20,20
7,multiply,5,5,25,1,25,25
7,multiply,5,6,30,1,30,30
7,multiply,5,7,35,1,35,35
7,multiply,5,8,40,1,40,40
7,multiply,5,9,45,1,45,45
7,multiply,6,1,6,1,6,6
7,multiply,6,2,12,1,12,12
7,multiply,6,3,18,1,18,18
7,multiply,6,4,24,1,24,24
7,multiply,6,5,30,1,30,30
7,multiply,6,6,36,1,36,36
7,multiply,6,7,42,1,42,42
7,multiply,6,8,48,1,48,48
7,multiply,6,9,54,1,54,54
7,multiply,7,1,7,1,7,7
7,multiply,7,2,14,1,14,14
7,multiply,7,3,21,1,21,21
7,multiply,7,4,28,1,28,28
7,multiply,7,5,35,1,35,35
7,multiply,7,6,42,1,42,42
7,multiply,7,7,49,1,49,49
7,multiply,7,8,56,1,56,56
7,multiply,7,9,63,1,63,63
7,multiply,8,1,8,1,8,8
7,multiply,8,2,16,1,16,16
7,multiply,8,3,24,1,24,24
7,multiply,8,4,32,1,32,32
7,multiply,8,5,40,1,40,40
7,multiply,8,6,48,1,48,48
7,multiply,8,7,56,1,56,56
7,multiply,8,8,64,1,64,64
7,multiply,8,9,72,1,72,72
7,multiply,9,1,9,1,9,9
7,multiply,9,2,18,1,18,18
7,multiply,9,3,27,1,27,27
7,multiply,9,4,36,1,36,36
7,multiply,9,5,45,1,45,45
7,multiply,9,6,54,1,54,54
7,multiply,9,7,63,1,63,63
7,multiply,9,8,72,1,72,72
7,multiply,9,9,81,1,81,81
7,divide,1,1,1,1,1,1
7,divide,1,2,0,1,0,0
7,divide,1,3,0,1,0,0
7,divide,1,4,0,1,0,0
7,divide,1,5,0,1,0,0
7,divide,1,6,0,1,0,0
7,divide,1,7,0,1,0,0
7,divide,1,8,0,1,0,0
7,divide,1,9,0,1,0,0
7,divide,2,1,2,1,2,2
7,divide,2,2,2,1,1,1
7,divide,2,3,0,1,0,0
7,divide,2,4,0,1,0,0
7,divide,2,5,0,1,0,0
7,divide,2,6,0,1,0,0
7,divide,2,7,0,1,0,0
7,divide,2,8,0,1,0,0
7,divide,2,9,0,1,0,0
7,divide,3,1,3,1,3,3
7,divide,3,2,2,1,1,1
7,divide,3,3,3,1,1,1
7,divide,3,4,0,1,0,0
7,divide,3,5,0,1,0,0
7,divide,3,6,0,1,0,0
7,divide,3,7,0,1,0,0
7,divide,3,8,0,1,0,0
7,divide,3,9,0,1,0,0
7,divide,4,1,4,1,4,4
7,divide,4,2,4,1,2,2
7,divide,4,3,3,1,1,1
7,divide,4,4,4,1,1,1
7,divide,4,5,0,1,0,0
7,divide,4,6,0,1,0,0
7,divide,4,7,0,1,0,0
7,divide,4,8,0,1,0,0
7,divide,4,9,0,1,0,0
7,divide,5,1,5,1,5,5
7,divide,5,2,4,1,2,2
7,divide,5,3,3,1,1,1
7,divide,5,4,4,1,1,1
7,divide,5,5,5,1,1,1
7,divide,5,6,0,1,0,0
7,divide,5,7,0,1,0,0
7,divide,5,8,0,1,0,0
7,divide,5,9,0,1,0,0
7,divide,6,1,6,1,6,6
7,divide,6,2,6,1,3,3
7,divide,6,3,6,1,2,2
7,divide,6,4,4,1,1,1
7,divide,6,5,5,1,1,1
7,divide,6,6,6,1,1,1
7,divide,6,7,0,1,0,0
7,divide,6,8,0,1,0,0
7,divide,6,9,0,1,0,0
7,divide,7,1,7,1,7,7
7,divide,7,2,6,1,3,3
7,divide,7,3,6,1,2,2
7,divide,7,4,4,1,1,1
7,divide,7,5,5,1,1,1
7,divide,7,6,6,1,1,1
7,divide,7,7,7,1,1,1
7,divide,7,8,0,1,0,0
7,divide,7,9,0,1,0,0
7,divide,8,1,8,1,8,8
7,divide,8,2,8,1,4,4
7,divide,8,3,6,1,2,2
7,divide,8,4,8,1,2,2
7,divide,8,5,5,1,1,1
7,divide,8,6,6,1,1,1
7,divide,8,7,7,1,1,1
7,divide,8,8,8,1,1,1
7,divide,8,9,0,1,0,0
7,divide,9,1,9,1,9,9
7,divide,9,2,8,1,4,4
7,divide,9,3,9,1,3,3
7,divide,9,4,8,1,2,2
7,divide,9,5,5,1,1,1
7,divide,9,6,6,1,1,1
7,divide,9,7,7,1,1,1
7,divide,9,8,8,1,1,1
7,divide,9,9,9,1,1,1
8,add,1,1,1,1,2,2
8,add,1,2,2,1,3,3
8,add,1,3,3,1,4,4
8,add,1,4,4,1,5,5
8,add,1,5,5,1,6,6
8,add,1,6,6,1,7,7
8,add,1,7,7,1,8,8
8,add,1,8,8,1,9,9
8,add,1,9,9,1,10,10
8,add,2,1,1,1,3,3
8,add,2,2,2,1,4,4
8,add,2,3,3,1,5,5
8,add,2,4,4,1,6,6
8,add,2,5,5,1,7,7
8,add,2,6,6,1,8,8
8,add,2,7,7,1,9,9
8,add,2,8,8,1,10,10
8,add,2,9,9,1,11,11
8,add,3,1,1,1,4,4
8,add,3,2,2,1,5,5
8,add,3,3,3,1,6,6
8,add,3,4,4,1,7,7
8,add,3,5,5,1,8,8
8,add,3,6,6,1,9,9
8,add,3,7,7,1,10,10
8,add,3,8,8,1,11,11
8,add,3,9,9,1,12,12
8,add,4,1,1,1,5,5
8,add,4,2,2,1,6,6
8,add,4,3,3,1,7,7
8,add,4,4,4,1,8,8
8,add,4,5,5,1,9,9
8,add,4,6,6,1,10,10
8,add,4,7,7,1,11,11
8,add,4,8,8,1,12,12
8,add,4,9,9,1,13,13
8,add,5,1,1,1,6,6
8,add,5,2,2,1,7,7
8,add,5,3,3,1,8,8
8,add,5,4,4,1,9,9
8,add,5,5,5,1,10,10
8,add,5,6,6,1,11,11
8,add,5,7,7,1,12,12
8,add,5,8,8,1,13,13
8,add,5,9,9,1,14,14
8,add,6,1,1,1,7,7
8,add,6,2,2,1,8,8
8,add,6,3,3,1,9,9
8,add,6,4,4,1,10,10
8,add,6,5,5,1,11,11
8,add,6,6,6,1,12,12
8,add,6,7,7,1,13,13
8,add,6,8,8,1,14,14
8,add,6,9,9,1,15,15
8,add,7,1,1,1,8,8
8,add,7,2,2,1,9,9
8,add,7,3,3,1,10,10
8,add,7,4,4,1,11,11
8,add,7,5,5,1,12,12
8,add,7,6,6,1,13,13
8,add,7,7,7,1,14,14
8,add,7,8,8,1,15,15
8,add,7,9,9,1,16,16
8,add,8,1,1,1,9,9
8,add,8,2,2,1,10,10
8,add,8,3,3,1,11,11
8,add,8,4,4,1,12,12
8,add,8,5,5,1,13,13
8,add,8,6,6,1,14,14
8,add,8,7,7,1,15,15
8,add,8,8,8,1,16,16
8,add,8,9,9,1,17,17
8,add,9,1,1,1,10,10
8,add,9,2,2,1,11,11
8,add,9,3,3,1,12,12
8,add,9,4,4,1,13,13
8,add,9,5,5,1,14,14
8,add,9,6,6,1,15,15
8,add,9,7,7,1,16,16
8,add,9,8,8,1,17,17
8,add,9,9,9,1,18,18
8,subtract,1,1,1,1,0,0
8,subtract,1,2,2,1,0,0
8,subtract,1,3,3,1,0,0
8,subtract,1,4,4,1,0,0
8,subtract,1,5,5,1,0,0
8,subtract,1,6,6,1,0,0
8,subtract,1,7,7,1,0,0
8,subtract,1,8,8,1,0,0
8,subtract,1,9,9,1,0,0
8,subtract,2,1,1,1,1,1
8,subtract,2,2,2,1,0,0
8,subtract,2,3,3,1,0,0
8,subtract,2,4,4,1,0,0
8,subtract,2,5,5,1,0,0
8,subtract,2,6,6,1,0,0
8,subtract,2,7,7,1,0,0
8,subtract,2,8,8,1,0,0
8,subtract,2,9,9,1,0,0
8,subtract,3,1,1,1,2,2
8,subtract,3,2,2,1,1,1
8,subtract,3,3,3,1,0,0
8,subtract,3,4,4,1,0,0
8,subtract,3,5,5,1,0,0
8,subtract,3,6,6,1,0,0
8,subtract,3,7,7,1,0,0
8,subtract,3,8,8,1,0,0
8,subtract,3,9,9,1,0,0
8,subtract,4,1,1,1,3,3
8,subtract,4,2,2,1,2,2
8,subtract,4,3,3,1,1,1
8,subtract,4,4,4,1,0,0
8,subtract,4,5,5,1,0,0
8,subtract,4,6,6,1,0,0
8,subtract,4,7,7,1,0,0
8,subtract,4,8,8,1,0,0
8,subtract,4,9,9,1,0,0
8,subtract,5,1,1,1,4,4
8,subtract,5,2,2,1,3,3
8,subtract,5,3,3,1,2,2
8,subtract,5,4,4,1,1,1
8,subtract,5,5,5,1,0,0
8,subtract,5,6,6,1,0,0
8,subtract,5,7,7,1,0,0
8,subtract,5,8,8,1,0,0
8,subtract,5,9,9,1,0,0
8,subtract,6,1,1,1,5,5
8,subtract,6,2,2,1,4,4
8,subtract,6,3,3,1,3,3
8,subtract,6,4,4,1,2,2
8,subtract,6,5,5,1,1,1
8,subtract,6,6,6,1,0,0
8,subtract,6,7,7,1,0,0
8,subtract,6,8,8,1,0,0
8,subtract,6,9,9,1,0,0
8,subtract,7,1,1,1,6,6
8,subtract,7,2,2,1,5,5
8,subtract,7,3,3,1,4,4
8,subtract,7,4,4,1,3,3
8,subtract,7,5,5,1,2,2
8,subtract,7,6,6,1,1,1
8,subtract,7,7,7,1,0,0
8,subtract,7,8,8,1,0,0
8,subtract,7,9,9,1,0,0
8,subtract,8,1,1,1,7,7
8,subtract,8,2,2,1,6,6
8,subtract,8,3,3,1,5,5
8,subtract,8,4,4,1,4,4
8,subtract,8,5,5,1,3,3
8,subtract,8,6,6,1,2,2
8,subtract,8,7,7,1,1,1
8,subtract,8,8,8,1,0,0
8,subtract,8,9,9,1,0,0
8,subtract,9,1,1,1,8,8
8,subtract,9,2,2,1,7,7
8,subtract,9,3,3,1,6,6
8,subtract,9,4,4,1,5,5
8,subtract,9,5,5,1,4,4
8,subtract,9,6,6,1,3,3
8,subtract,9,7,7,1,2,2
8,subtract,9,8,8,1,1,1
8,subtract,9,9,9,1,0,0
8,multiply,1,1,1,1,1,1
8,multiply,1,2,2,1,2,2
8,multiply,1,3,3,1,3,3
8,multiply,1,4,4,1,4,4
8,multiply,1,5,5,1,5,5
8,multiply,1,6,6,1,6,6
8,multiply,1,7,7,1,7,7
8,multiply,1,8,8,1,8,8
8,multiply,1,9,9,1,9,9
8,multiply,2,1,2,1,2,2
8,multiply,2,2,4,1,4,4
8,multiply,2,3,6,1,6,6
8,multiply,2,4,8,1,8,8
8,multiply,2,5,10,1,10,10
8,multiply,2,6,12,1,12,12
8,multiply,2,7,14,1,14,14
8,multiply,2,8,16,1,16,16
8,multiply,2,9,18,1,18,18
8,multiply,3,1,3,1,3,3
8,multiply,3,2,6,1,6,6
8,multiply,3,3,9,1,9,9
8,multiply,3,4,12,1,12,12
8,multiply,3,5,15,1,15,15
8,multiply,3,6,18,1,18,18
8,multiply,3,7,21,1,21,21
8,multiply,3,8,24,1,24,24
8,multiply,3,9,27,1,27,27
8,multiply,4,1,4,1,4,4
8,multiply,4,2,8,1,8,8
8,multiply,4,3,12,1,12,12
8,multiply,4,4,16,1,16,16
8,multiply,4,5,20,1,20,20
8,multiply,4,6,24,1,24,24
8,multiply,4,7,28,1,28,28
8,multiply,4,8,32,1,32,32
8,multiply,4,9,36,1,36,36
8,multiply,5,1,5,1,5,5
8,multiply,5,2,10,1,10,10
8,multiply,5,3,15,1,15,15
8,multiply,5,4,20,1,20,20
8,multiply,5,5,25,1,25,25
8,multiply,5,6,30,1,30,30
8,multiply,5,7,35,1,35,35
8,multiply,5,8,40,1,40,40
8,multiply,5,9,45,1,45,45
8,multiply,6,1,6,1,6,6
8,multiply,6,2,12,1,12,12
8,multiply,6,3,18,1,18,18
8,multiply,6,4,24,1,24,24
8,multiply,6,5,30,1,30,30
8,multiply,6,6,36,1,36,36
8,multiply,6,7,42,1,42,42
8,multiply,6,8,48,1,48,48
8,multiply,6,9,54,1,54,54
8,multiply,7,1,7,1,7,7
8,multiply,7,2,14,1,14,14
8,multiply,7,3,21,1,21,21
8,multiply,7,4,28,1,28,28
8,multiply,7,5,35,1,35,35
8,multiply,7,6,42,1,42,42
8,multiply,7,7,49,1,49,49
8,multiply,7,8,56,1,56,56
8,multiply,7,9,63,1,63,63
8,multiply,8,1,8,1,8,8
8,multiply,8,2,16,1,16,16
8,multiply,8,3,24,1,24,24
8,multiply,8,4,32,1,32,32
8,multiply,8,5,40,1,40,40
8,multiply,8,6,48,1,48,48
8,multiply,8,7,56,1,56,56
8,multiply,8,8,64,1,64,64
8,multiply,8,9,72,1,72,72
8,multiply,9,1,9,1,9,9
8,multiply,9,2,18,1,18,18
8,multiply,9,3,27,1,27,27
8,multiply,9,4,36,1,36,36
8,multiply,9,5,45,1,45,45
8,multiply,9,6,54,1,54,54
8,multiply,9,7,63,1,63,63
8,multiply,9,8,72,1,72,72
8,multiply,9,9,81,1,81,81
8,divide,1,1,1,1,1,1
8,divide,1,2,0,1,0,0
8,divide,1,3,0,1,0,0
8,divide,1,4,0,1,0,0
8,divide,1,5,0,1,0,0
8,divide,1,6,0,1,0,0
8,divide,1,7,0,1,0,0
8,divide,1,8,0,1,0,0
8,divide,1,9,0,1,0,0
8,divide,2,1,2,1,2,2
8,divide,2,2,2,1,1,1
8,divide,2,3,0,1,0,0
8,divide,2,4,0,1,0,0
8,divide,2,5,0,1,0,0
8,divide,2,6,0,1,0,0
8,divide,2,7,0,1,0,0
8,divide,2,8,0,1,0,0
8,divide,2,9,0,1,0,0
8,divide,3,1,3,1,3,3
8,divide,3,2,2,1,1,1
8,divide,3,3,3,1,1,1
8,divide,3,4,0,1,0,0
8,divide,3,5,0,1,0,0
8,divide,3,6,0,1,0,0
8,divide,3,7,0,1,0,0
8,divide,3,8,0,1,0,0
8,divide,3,9,0,1,0,0
8,divide,4,1,4,1,4,4
8,divide,4,2,4,1,2,2
8,divide,4,3,3,1,1,1
8,divide,4,4,4,1,1,1
8,divide,4,5,0,1,0,0
8,divide,4,6,0,1,0,0
8,divide,4,7,0,1,0,0
8,divide,4,8,0,1,0,0
8,divide,4,9,0,1,0,0
8,divide,5,1,5,1,5,5
8,divide,5,2,4,1,2,2
8,divide,5,3,3,1,1,1
8,divide,5,4,4,1,1,1
8,divide,5,5,5,1,1,1
8,divide,5,6,0,1,0,0
8,divide,5,7,0,1,0,0
8,divide,5,8,0,1,0,0
8,divide,5,9,0,1,0,0
8,divide,6,1,6,1,6,6
8,divide,6,2,6,1,3,3
8,divide,6,3,6,1,2,2
8,divide,6,4,4,1,1,1
8,divide,6,5,5,1,1,1
8,divide,6,6,6,1,1,1
8,divide,6,7,0,1,0,0
8,divide,6,8,0,1,0,0
8,divide,6,9,0,1,0,0
8,divide,7,1,7,1,7,7
8,divide,7,2,6,1,3,3
8,divide,7,3,6,1,2,2
8,divide,7,4,4,1,1,1
8,divide,7,5,5,1,1,1
8,divide,7,6,6,1,1,1
8,divide,7,7,7,1,1,1
8,divide,7,8,0,1,0,0
8,divide,7,9,0,1,0,0
8,divide,8,1,8,1,8,8
8,divide,8,2,8,1,4,4
8,divide,8,3,6,1,2,2
8,divide,8,4,8,1,2,2
8,divide,8,5,5,1,1,1
8,divide,8,6,6,1,1,1
8,divide,8,7,7,1,1,1
8,divide,8,8,8,1,1,1
8,divide,8,9,0,1,0,0
8,divide,9,1,9,1,9,9
8,divide,9,2,8,1,4,4
8,divide,9,3,9,1,3,3
8,divide,9,4,8,1,2,2
8,divide,9,5,5,1,1,1
8,divide,9,6,6,1,1,1
8,divide,9,7,7,1,1,1
8,divide,9,8,8,1,1,1
8,divide,9,9,9,1,1,1
9,add,1,1,1,1,2,2
9,add,1,2,2,1,3,3
9,add,1,3,3,1,4,4
9,add,1,4,4,1,5,5
9,add,1,5,5,1,6,6
9,add,1,6,6,1,7,7
9,add,1,7,7,1,8,8
9,add,1,8,8,1,9,9
9,add,1,9,9,1,10,10
9,add,2,1,1,1,3,3
9,add,2,2,2,1,4,4
9,add,2,3,3,1,5,5
9,add,2,4,4,1,6,6
9,add,2,5,5,1,7,7
9,add,2,6,6,1,8,8
9,add,2,7,7,1,9,9
9,add,2,8,8,1,10,10
9,add,2,9,9,1,11,11
9,add,3,1,1,1,4,4
9,add,3,2,2,1,5,5
9,add,3,3,3,1,6,6
9,add,3,4,4,1,7,7
9,add,3,5,5,1,8,8
9,add,3,6,6,1,9,9
9,add,3,7,7,1,10,10
9,add,3,8,8,1,11,11
9,add,3,9,9,1,12,12
9,add,4,1,1,1,5,5
9,add,4,2,2,1,6,6
9,add,4,3,3,1,7,7
9,add,4,4,4,1,8,8
9,add,4,5,5,1,9,9
9,add,4,6,6,1,10,10
9,add,4,7,7,1,11,11
9,add,4,8,8,1,12,12
9,add,4,9,9,1,13,13
9,add,5,1,1,1,6,6
9,add,5,2,2,1,7,7
9,add,5,3,3,1,8,8
9,add,5,4,4,1,9,9
9,add,5,5,5,1,10,10
9,add,5,6,6,1,11,11
9,add,5,7,7,1,12,12
9,add,5,8,8,1,13,13
9,add,5,9,9,1,14,14
9,add,6,1,1,1,7,7
9,add,6,2,2,1,8,8
9,add,6,3,3,1,9,9
9,add,6,4,4,1,10,10
9,add,6,5,5,1,11,11
9,add,6,6,6,1,12,12
9,add,6,7,7,1,13,13
9,add,6,8,8,1,14,14
9,add,6,9,9,1,15,15
9,add,7,1,1,1,8,8
9,add,7,2,2,1,9,9
9,add,7,3,3,1,10,10
9,add,7,4,4,1,11,11
9,add,7,5,5,1,12,12
9,add,7,6,6,1,13,13
9,add,7,7,7,1,14,14
9,add,7,8,8,1,15,15
9,add,7,9,9,1,16,16
9,add,8,1,1,1,9,9
9,add,8,2,2,1,10,10
9,add,8,3,3,1,11,11
9,add,8,4,4,1,12,12
9,add,8,5,5,1,13,13
9,add,8,6,6,1,14,14
9,add,8,7,7,1,15,15
9,add,8,8,8,1,16,16
9,add,8,9,9,1,17,17
9,add,9,1,1,1,10,10
9,add,9,2,2,1,11,11
9,add,9,3,3,1,12,12
9,add,9,4,4,1,13,13
9,add,9,5,5,1,14,14
9,add,9,6,6,1,15,15
9,add,9,7,7,1,16,16
9,add,9,8,8,1,17,17
9,add,9,9,9,1,18,18
9,subtract,1,1,1,1,0,0
9,subtract,1,2,2,1,0,0
9,subtract,1,3,3,1,0,0
9,subtract,1,4,4,1,0,0
9,subtract,1,5,5,1,0,0
9,subtract,1,6,6,1,0,0
9,subtract,1,7,7,1,0,0
9,subtract,1,8,8,1,0,0
9,subtract,1,9,9,1,0,0
9,subtract,2,1,1,1,1,1
9,subtract,2,2,2,1,0,0
9,subtract,2,3,3,1,0,0
9,subtract,2,4,4,1,0,0
9,subtract,2,5,5,1,0,0
9,subtract,2,6,6,1,0,0
9,subtract,2,7,7,1,0,0
9,subtract,2,8,8,1,0,0
9,subtract,2,9,9,1,0,0
9,subtract,3,1,1,1,2,2
9,subtract,3,2,2,1,1,1
9,subtract,3,3,3,1,0,0
9,subtract,3,4,4,1,0,0
9,subtract,3,5,5,1,0,0
9,subtract,3,6,6,1,0,0
9,subtract,3,7,7,1,0,0
9,subtract,3,8,8,1,0,0
9,subtract,3,9,9,1,0,0
9,subtract,4,1,1,1,3,3
9,subtract,4,2,2,1,2,2
9,subtract,4,3,3,1,1,1
9,subtract,4,4,4,1,0,0
9,subtract,4,5,5,1,0,0
9,subtract,4,6,6,1,0,0
9,subtract,4,7,7,1,0,0
9,subtract,4,8,8,1,0,0
9,subtract,4,9,9,1,0,0
9,subtract,5,1,1,1,4,4
9,subtract,5,2,2,1,3,3
9,subtract,5,3,3,1,2,2
9,subtract,5,4,4,1,1,1
9,subtract,5,5,5,1,0,0
9,subtract,5,6,6,1,0,0
9,subtract,5,7,7,1,0,0
9,subtract,5,8,8,1,0,0
9,subtract,5,9,9,1,0,0
9,subtract,6,1,1,1,5,5
9,subtract,6,2,2,1,4,4
9,subtract,6,3,3,1,3,3
9,subtract,6,4,4,1,2,2
9,subtract,6,5,5,1,1,1
9,subtract,6,6,6,1,0,0
9,subtract,6,7,7,1,0,0
9,subtract,6,8,8,1,0,0
9,subtract,6,9,9,1,0,0
9,subtract,7,1,1,1,6,6
9,subtract,7,2,2,1,5,5
9,subtract,7,3,3,1,4,4
9,subtract,7,4,4,1,3,3
9,subtract,7,5,5,1,2,2
9,subtract,7,6,6,1,1,1
9,subtract,7,7,7,1,0,0
9,subtract,7,8,8,1,0,0
9,subtract,7,9,9,1,0,0
9,subtract,8,1,1,1,7,7
9,subtract,8,2,2,1,6,6
9,subtract,8,3,3,1,5,5
9,subtract,8,4,4,1,4,4
9,subtract,8,5,5,1,3,3
9,subtract,8,6,6,1,2,2
9,subtract,8,7,7,1,1,1
9,subtract,8,8,8,1,0,0
9,subtract,8,9,9,1,0,0
9,subtract,9,1,1,1,8,8
9,subtract,9,2,2,1,7,7
9,subtract,9,3,3,1,6,6
9,subtract,9,4,4,1,5,5
9,subtract,9,5,5,1,4,4
9,subtract,9,6,6,1,3,3
9,subtract,9,7,7,1,2,2
9,subtract,9,8,8,1,1,1
9,subtract,9,9,9,1,0,0
9,multiply,1,1,1,1,1,1
9,multiply,1,2,2,1,2,2
9,multiply,1,3,3,1,3,3
9,multiply,1,4,4,1,4,4
9,multiply,1,5,5,1,5,5
9,multiply,1,6,6,1,6,6
9,multiply,1,7,7,1,7,7
9,multiply,1,8,8,1,8,8
9,multiply,1,9,9,1,9,9
9,multiply,2,1,2,1,2,2
9,multiply,2,2,4,1,4,4
9,multiply,2,3,6,1,6,6
9,multiply,2,4,8,1,8,8
9,multiply,2,5,10,1,10,10
9,multiply,2,6,12,1,12,12
9,multiply,2,7,14,1,14,14
9,multiply,2,8,16,1,16,16
9,multiply,2,9,18,1,18,18
9,multiply,3,1,3,1,3,3
9,multiply,3,2,6,1,6,6
9,multiply,3,3,9,1,9,9
9,multiply,3,4,12,1,12,12
9,multiply,3,5,15,1,15,15
9,multiply,3,6,18,1,18,18
9,multiply,3,7,21,1,21,21
9,multiply,3,8,24,1,24,24
9,multiply,3,9,27,1,27,27
9,multiply,4,1,4,1,4,4
9,multiply,4,2,8,1,8,8
9,multiply,4,3,12,1,12,12
9,multiply,4,4,16,1,16,16
9,multiply,4,5,20,1,20,20
9,multiply,4,6,24,1,24,24
9,multiply,4,7,28,1,28,28
9,multiply,4,8,32,1,32,32
9,multiply,4,9,36,1,36,36
9,multiply,5,1,5,1,5,5
9,multiply,5,2,10,1,10,10
9,multiply,5,3,15,1,15,15
9,multiply,5,4,20,1,20,20
9,multiply,5,5,25,1,25,25
9,multiply,5,6,30,1,30,30
9,multiply,5,7,35,1,35,35
9,multiply,5,8,40,1,40,40
9,multiply,5,9,45,1,45,45
9,multiply,6,1,6,1,6,6
9,multiply,6,2,12,1,12,12
9,multiply,6,3,18,1,18,18
9,multiply,6,4,24,1,24,24
9,multiply,6,5,30,1,30,30
9,multiply,6,6,36,1,36,36
9,multiply,6,7,42,1,42,42
9,multiply,6,8,48,1,48,48
9,multiply,6,9,54,1,54,54
9,multiply,7,1,7,1,7,7
9,multiply,7,2,14,1,14,14
9,multiply,7,3,21,1,21,21
9,multiply,7,4,28,1,28,28
9,multiply,7,5,35,1,35,35
9,multiply,7,6,42,1,42,42
9,multiply,7,7,49,1,49,49
9,multiply,7,8,56,1,56,56
9,multiply,7,9,63,1,63,63
9,multiply,8,1,8,1,8,8
9,multiply,8,2,16,1,16,16
9,multiply,8,3,24,1,24,24
9,multiply,8,4,32,1,32,32
9,multiply,8,5,40,1,40,40
9,multiply,8,6,48,1,48,48
9,multiply,8,7,56,1,56,56
9,multiply,8,8,64,1,64,64
9,multiply,8,9,72,1,72,72
9,multiply,9,1,9,1,9,9
9,multiply,9,2,18,1,18,18
9,multiply,9,3,27,1,27,27
9,multiply,9,4,36,1,36,36
9,multiply,9,5,45,1,45,45
9,multiply,9,6,54,1,54,54
9,multiply,9,7,63,1,63,63
9,multiply,9,8,72,1,72,72
9,multiply,9,9,81,1,81,81
9,divide,1,1,1,1,1,1
9,divide,1,2,0,1,0,0
9,divide,1,3,0,1,0,0
9,divide,1,4,0,1,0,0
9,divide,1,5,0,1,0,0
9,divide,1,6,0,1,0,0
9,divide,1,7,0,1,0,0
9,divide,1,8,0,1,0,0
9,divide,1,9,0,1,0,0
9,divide,2,1,2,1,2,2
9,divide,2,2,2,1,1,1
9,divide,2,3,0,1,0,0
9,divide,2,4,0,1,0,0
9,divide,2,5,0,1,0,0
9,divide,2,6,0,1,0,0
9,divide,2,7,0,1,0,0
9,divide,2,8,0,1,0,0
9,divide,2,9,0,1,0,0
9,divide,3,1,3,1,3,3
9,divide,3,2,2,1,1,1
9,divide,3,3,3,1,1,1
9,divide,3,4,0,1,0,0
9,divide,3,5,0,1,0,0
9,divide,3,6,0,1,0,0
9,divide,3,7,0,1,0,0
9,divide,3,8,0,1,0,0
9,divide,3,9,0,1,0,0
9,divide,4,1,4,1,4,4
9,divide,4,2,4,1,2,2
9,divide,4,3,3,1,1,1
9,divide,4,4,4,1,1,1
9,divide,4,5,0,1,0,0
9,divide,4,6,0,1,0,0
9,divide,4,7,0,1,0,0
9,divide,4,8,0,1,0,0
9,divide,4,9,0,1,0,0
9,divide,5,1,5,1,5,5
9,divide,5,2,4,1,2,2
9,divide,5,3,3,1,1,1
9,divide,5,4,4,1,1,1
9,divide,5,5,5,1,1,1
9,divide,5,6,0,1,0,0
9,divide,5,7,0,1,0,0
9,divide,5,8,0,1,0,0
9,divide,5,9,0,1,0,0
9,divide,6,1,6,1,6,6
9,divide,6,2,6,1,3,3
9,divide,6,3,6,1,2,2
9,divide,6,4,4,1,1,1
9,divide,6,5,5,1,1,1
9,divide,6,6,6,1,1,1
9,divide,6,7,0,1,0,0
9,divide,6,8,0,1,0,0
9,divide,6,9,0,1,0,0
9,divide,7,1,7,1,7,7
9,divide,7,2,6,1,3,3
9,divide,7,3,6,1,2,2
9,divide,7,4,4,1,1,1
9,divide,7,5,5,1,1,1
9,divide,7,6,6,1,1,1
9,divide,7,7,7,1,1,1
9,divide,7,8,0,1,0,0
9,divide,7,9,0,1,0,0
9,divide,8,1,8,1,8,8
9,divide,8,2,8,1,4,4
9,divide,8,3,6,1,2,2
9,divide,8,4,8,1,2,2
9,divide,8,5,5,1,1,1
9,divide,8,6,6,1,1,1
9,divide,8,7,7,1,1,1
9,divide,8,8,8,1,1,1
9,divide,8,9,0,1,0,0
9,divide,9,1,9,1,9,9
9,divide,9,2,8,1,4,4
9,divide,9,3,9,1,3,3
9,divide,9,4,8,1,2,2
9,divide,9,5,5,1,1,1
9,divide,9,6,6,1,1,1
9,divide,9,7,7,1,1,1
9,divide,9,8,8,1,1,1
9,divide,9,9,9,1,1,1
10,add,1,1,1,1,2,2
10,add,1,2,2,1,3,3
10,add,1,3,3,1,4,4
10,add,1,4,4,1,5,5
10,add,1,5,5,1,6,6
10,add,1,6,6,1,7,7
10,add,1,7,7,1,8,8
10,add,1,8,8,1,9,9
10,add,1,9,9,1,10,10
10,add,2,1,1,1,3,3
10,add,2,2,2,1,4,4
10,add,2,3,3,1,5,5
10,add,2,4,4,1,6,6
10,add,2,5,5,1,7,7
10,add,2,6,6,1,8,8
10,add,2,7,7,1,9,9
10,add,2,8,8,1,10,10
10,add,2,9,9,1,11,11
10,add,3,1,1,1,4,4
10,add,3,2,2,1,5,5
10,add,3,3,3,1,6,6
10,add,3,4,4,1,7,7
10,add,3,5,5,1,8,8
10,add,3,6,6,1,9,9
10,add,3,7,7,1,10,10
10,add,3,8,8,1,11,11
10,add,3,9,9,1,12,12
10,add,4,1,1,1,5,5
10,add,4,2,2,1,6,6
10,add,4,3,3,1,7,7
10,add,4,4,4,1,8,8
10,add,4,5,5,1,9,9
10,add,4,6,6,1,10,10
10,add,4,7,7,1,11,11
10,add,4,8,8,1,12,12
10,add,4,9,9,1,13,13
10,add,5,1,1,1,6,6
10,add,5,2,2,1,7,7
10,add,5,3,3,1,8,8
10,add,5,4,4,1,9,9
10,add,5,5,5,1,10,10
10,add,5,6,6,1,11,11
10,add,5,7,7,1,12,12
10,add,5,8,8,1,13,13
10,add,5,9,9,1,14,14
10,add,6,1,1,1,7,7
10,add,6,2,2,1,8,8
10,add,6,3,3,1,9,9
10,add,6,4,4,1,10,10
10,add,6,5,5,1,11,11
10,add,6,6,6,1,12,12
10,add,6,7,7,1,13,13
10,add,6,8,8,1,14,14
10,add,6,9,9,1,15,15
10,add,7,1,1,1,8,8
10,add,7,2,2,1,9,9
10,add,7,3,3,1,10,10
10,add,7,4,4,1,11,11
10,add,7,5,5,1,12,12
10,add,7,6,6,1,13,13
10,add,7,7,7,1,14,14
10,add,7,8,8,1,15,15
10,add,7,9,9,1,16,16
10,add,8,1,1,1,9,9
10,add,8,2,2,1,10,10
10,add,8,3,3,1,11,11
10,add,8,4,4,1,12,12
10,add,8,5,5,1,13,13
10,add,8,6,6,1,14,14
10,add,8,7,7,1,15,15
10,add,8,8,8,1,16,16
10,add,8,9,9,1,17,17
10,add,9,1,1,1,10,10
10,add,9,2,2,1,11,11
10,add,9,3,3,1,12,12
10,add,9,4,4,1,13,13
10,add,9,5,5,1,14,14
10,add,9,6,6,1,15,15
10,add,9,7,7,1,16,16
10,add,9,8,8,1,17,17
10,add,9,9,9,1,18,18
10,subtract,1,1,1,1,0,0
10,subtract,1,2,2,1,0,0
10,subtract,1,3,3,1,0,0
10,subtract,1,4,4,1,0,0
10,subtract,1,5,5,1,0,0
10,subtract,1,6,6,1,0,0
10,subtract,1,7,7,1,0,0
10,subtract,1,8,8,1,0,0
10,subtract,1,9,9,1,0,0
10,subtract,2,1,1,1,1,1
10,subtract,2,2,2,1,0,0
10,subtract,2,3,3,1,0,0
10,subtract,2,4,4,1,0,0
10,subtract,2,5,5,1,0,0
10,subtract,2,6,6,1,0,0
10,subtract,2,7,7,1,0,0
10,subtract,2,8,8,1,0,0
10,subtract,2,9,9,1,0,0
10,subtract,3,1,1,1,2,2
10,subtract,3,2,2,1,1,1
10,subtract,3,3,3,1,0,0
10,subtract,3,4,4,1,0,0
10,subtract,3,5,5,1,0,0
10,subtract,3,6,6,1,0,0
10,subtract,3,7,7,1,0,0
10,subtract,3,8,8,1,0,0
10,subtract,3,9,9,1,0,0
10,subtract,4,1,1,1,3,3
10,subtract,4,2,2,1,2,2
10,subtract,4,3,3,1,1,1
10,subtract,4,4,4,1,0,0
10,subtract,4,5,5,1,0,0
10,subtract,4,6,6,1,0,0
10,subtract,4,7,7,1,0,0
10,subtract,4,8,8,1,0,0
10,subtract,4,9,9,1,0,0
10,subtract,5,1,1,1,4,4
10,subtract,5,2,2,1,3,3
10,subtract,5,3,3,1,2,2
10,subtract,5,4,4,1,1,1
10,subtract,5,5,5,1,0,0
10,subtract,5,6,6,1,0,0
10,subtract,5,7,7,1,0,0
10,subtract,5,8,8,1,0,0
10,subtract,5,9,9,1,0,0
10,subtract,6,1,1,1,5,5
10,subtract,6,2,2,1,4,4
10,subtract,6,3,3,1,3,3
10,subtract,6,4,4,1,2,2
10,subtract,6,5,5,1,1,1
10,subtract,6,6,6,1,0,0
10,subtract,6,7,7,1,0,0
10,subtract,6,8,8,1,0,0
10,subtract,6,9,9,1,0,0
10,subtract,7,1,1,1,6,6
10,subtract,7,2,2,1,5,5
10,subtract,7,3,3,1,4,4
10,subtract,7,4,4,1,3,3
10,subtract,7,5,5,1,2,2
10,subtract,7,6,6,1,1,1
10,subtract,7,7,7,1,0,0
10,subtract,7,8,8,1,0,0
10,subtract,7,9,9,1,0,0
10,subtract,8,1,1,1,7,7
10,subtract,8,2,2,1,6,6
10,subtract,8,3,3,1,5,5
10,subtract,8,4,4,1,4,4
10,subtract,8,5,5,1,3,3
10,subtract,8,6,6,1,2,2
10,subtract,8,7,7,1,1,1
10,subtract,8,8,8,1,0,0
10,subtract,8,9,9,1,0,0
10,subtract,9,1,1,1,8,8
10,subtract,9,2,2,1,7,7
10,subtract,9,3,3,1,6,6
10,subtract,9,4,4,1,5,5
10,subtract,9,5,5,1,4,4
10,subtract,9,6,6,1,3,3
10,subtract,9,7,7,1,2,2
10,subtract,9,8,8,1,1,1
10,subtract,9,9,9,1,0,0
10,multiply,1,1,1,1,1,1
10,multiply,1,2,2,1,2,2
10,multiply,1,3,3,1,3,3
10,multiply,1,4,4,1,4,4
10,multiply,1,5,5,1,5,5
10,multiply,1,6,6,1,6,6
10,multiply,1,7,7,1,7,7
10,multiply,1,8,8,1,8,8
10,multiply,1,9,9,1,9,9
10,multiply,2,1,2,1,2,2
10,multiply,2,2,4,1,4,4
10,multiply,2,3,6,1,6,6
10,multiply,2,4,8,1,8,8
10,multiply,2,5,10,1,10,10
10,multiply,2,6,12,1,12,12
10,multiply,2,7,14,1,14,14
10,multiply,2,8,16,1,16,16
10,multiply,2,9,18,1,18,18
10,multiply,3,1,3,1,3,3
10,multiply,3,2,6,1,6,6
10,multiply,3,3,9,1,9,9
10,multiply,3,4,12,1,12,12
10,multiply,3,5,15,1,15,15
10,multiply,3,6,18,1,18,18
10,multiply,3,7,21,1,21,21
10,multiply,3,8,24,1,24,24
10,multiply,3,9,27,1,27,27
10,multiply,4,1,4,1,4,4
10,multiply,4,2,8,1,8,8
10,multiply,4,3,12,1,12,12
10,multiply,4,4,16,1,16,16
10,multiply,4,5,20,1,20,20
10,multiply,4,6,24,1,24,24
10,multiply,4,7,28,1,28,28
10,multiply,4,8,32,1,32,32
10,multiply,4,9,36,1,36,36
10,multiply,5,1,5,1,5,5
10,multiply,5,2,10,1,10,10
10,multiply,5,3,15,1,15,15
10,multiply,5,4,20,1,20,20
10,multiply,5,5,25,1,25,25
10,multiply,5,6,30,1,30,30
10,multiply,5,7,35,1,35,35
10,multiply,5,8,40,1,40,40
10,multiply,5,9,45,1,45,45
10,multiply,6,1,6,1,6,6
10,multiply,6,2,12,1,12,12
10,multiply,6,3,18,1,18,18
10,multiply,6,4,24,1,24,24
10,multiply,6,5,30,1,30,30
10,multiply,6,6,36,1,36,36
10,multiply,6,7,42,1,42,42
10,multiply,6,8,48,1,48,48
10,multiply,6,9,54,1,54,54
10,multiply,7,1,7,1,7,7
10,multiply,7,2,14,1,14,14
10,multiply,7,3,21,1,21,21
10,multiply,7,4,28,1,28,28
10,multiply,7,5,35,1,35,35
10,multiply,7,6,42,1,42,42
10,multiply,7,7,49,1,49,49
10,multiply,7,8,56,1,56,56
10,multiply,7,9,63,1,63,63
10,multiply,8,1,8,1,8,8
10,multiply,8,2,16,1,16,16
10,multiply,8,3,24,1,24,24
10,multiply,8,4,32,1,32,32
10,multiply,8,5,40,1,40,40
10,multiply,8,6,48,1,48,48
10,multiply,8,7,56,1,56,56
10,multiply,8,8,64,1,64,64
10,multiply,8,9,72,1,72,72
10,multiply,9,1,9,1,9,9
10,multiply,9,2,18,1,18,18
10,multiply,9,3,27,1,27,27
10,multiply,9,4,36,1,36,36
10,multiply,9,5,45,1,45,45
10,multiply,9,6,54,1,54,54
10,multiply,9,7,63,1,63,63
10,multiply,9,8,72,1,72,72
10,multiply,9,9,81,1,81,81
10,divide,1,1,1,1,1,1
10,divide,1,2,0,1,0,0
10,divide,1,3,0,1,0,0
10,divide,1,4,0,1,0,0
10,divide,1,5,0,1,0,0
10,divide,1,6,0,1,0,0
10,divide,1,7,0,1,0,0
10,divide,1,8,0,1,0,0
10,divide,1,9,0,1,0,0
10,divide,2,1,2,1,2,2
10,divide,2,2,2,1,1,1
10,divide,2,3,0,1,0,0
10,divide,2,4,0,1,0,0
10,divide,2,5,0,1,0,0
10,divide,2,6,0,1,0,0
10,divide,2,7,0,1,0,0
10,divide,2,8,0,1,0,0
10,divide,2,9,0,1,0,0
10,divide,3,1,3,1,3,3
10,divide,3,2,2,1,1,1
10,divide,3,3,3,1,1,1
10,divide,3,4,0,1,0,0
10,divide,3,5,0,1,0,0
10,divide,3,6,0,1,0,0
10,divide,3,7,0,1,0,0
10,divide,3,8,0,1,0,0
10,divide,3,9,0,1,0,0
10,divide,4,1,4,1,4,4
10,divide,4,2,4,1,2,2
10,divide,4,3,3,1,1,1
10,divide,4,4,4,1,1,1
10,divide,4,5,0,1,0,0
10,divide,4,6,0,1,0,0
10,divide,4,7,0,1,0,0
10,divide,4,8,0,1,0,0
10,divide,4,9,0,1,0,0
10,divide,5,1,5,1,5,5
10,divide,5,2,4,1,2,2
10,divide,5,3,3,1,1,1
10,divide,5,4,4,1,1,1
10,divide,5,5,5,1,1,1
10,divide,5,6,0,1,0,0
10,divide,5,7,0,1,0,0
10,divide,5,8,0,1,0,0
10,divide,5,9,0,1,0,0
10,divide,6,1,6,1,6,6
10,divide,6,2,6,1,3,3
10,divide,6,3,6,1,2,2
10,divide,6,4,4,1,1,1
10,divide,6,5,5,1,1,1
10,divide,6,6,6,1,1,1
10,divide,6,7,0,1,0,0
10,divide,6,8,0,1,0,0
10,divide,6,9,0,1,0,0
10,divide,7,1,7,1,7,7
10,divide,7,2,6,1,3,3
10,divide,7,3,6,1,2,2
10,divide,7,4,4,1,1,1
10,divide,7,5,5,1,1,1
10,divide,7,6,6,1,1,1
10,divide,7,7,7,1,1,1
10,divide,7,8,0,1,0,0
10,divide,7,9,0,1,0,0
10,divide,8,1,8,1,8,8
10,divide,8,2,8,1,4,4
10,divide,8,3,6,1,2,2
10,divide,8,4,8,1,2,2
10,divide,8,5,5,1,1,1
10,divide,8,6,6,1,1,1
10,divide,8,7,7,1,1,1
10,divide,8,8,8,1,1,1
10,divide,8,9,0,1,0,0
10,divide,9,1,9,1,9,9
10,divide,9,2,8,1,4,4
10,divide,9,3,9,1,3,3
10,divide,9,4,8,1,2,2
10,divide,9,5,5,1,1,1
10,divide,9,6,6,1,1,1
10,divide,9,7,7,1,1,1
10,divide,9,8,8,1,1,1
10,divide,9,9,9,1,1,1
11,add,1,1,1,1,2,2
11,add,1,2,2,1,3,3
11,add,1,3,3,1,4,4
11,add,1,4,4,1,5,5
11,add,1,5,5,1,6,6
11,add,1,6,6,1,7,7
11,add,1,7,7,1,8,8
11,add,1,8,8,1,9,9
11,add,1,9,9,1,10,10
11,add,2,1,1,1,3,3
11,add,2,2,2,1,4,4
11,add,2,3,3,1,5,5
11,add,2,4,4,1,6,6
11,add,2,5,5,1,7,7
11,add,2,6,6,1,8,8
11,add,2,7,7,1,9,9
11,add,2,8,8,1,10,10
11,add,2,9,9,1,11,11
11,add,3,1,1,1,4,4
11,add,3,2,2,1,5,5
11,add,3,3,3,1,6,6
11,add,3,4,4,1,7,7
11,add,3,5,5,1,8,8
11,add,3,6,6,1,9,9
11,add,3,7,7,1,10,10
11,add,3,8,8,1,11,11
11,add,3,9,9,1,12,12
11,add,4,1,1,1,5,5
11,add,4,2,2,1,6,6
11,add,4,3,3,1,7,7
11,add,4,4,4,1,8,8
11,add,4,5,5,1,9,9
11,add,4,6,6,1,10,10
11,add,4,7,7,1,11,11
11,add,4,8,8,1,12,12
11,add,4,9,9,1,13,13
11,add,5,1,1,1,6,6
11,add,5,2,2,1,7,7
11,add,5,3,3,1,8,8
11,add,5,4,4,1,9,9
11,add,5,5,5,1,10,10
11,add,5,6,6,1,11,11
11,add,5,7,7,1,12,12
11,add,5,8,8,1,13,13
11,add,5,9,9,1,14,14
11,add,6,1,1,1,7,7
11,add,6,2,2,1,8,8
11,add,6,3,3,1,9,9
11,add,6,4,4,1,10,10
11,add,6,5,5,1,11,11
11,add,6,6,6,1,12,12
11,add,6,7,7,1,13,13
11,add,6,8,8,1,14,14
11,add,6,9,9,1,15,15
11,add,7,1,1,1,8,8
11,add,7,2,2,1,9,9
11,add,7,3,3,1,10,10
11,add,7,4,4,1,11,11
11,add,7,5,5,1,12,12
11,add,7,6,6,1,13,13
11,add,7,7,7,1,14,14
11,add,7,8,8,1,15,15
11,add,7,9,9,1,16,16
11,add,8,1,1,1,9,9
11,add,8,2,2,1,10,10
11,add,8,3,3,1,11,11
11,add,8,4,4,1,12,12
11,add,8,5,5,1,13,13
11,add,8,6,6,1,14,14
11,add,8,7,7,1,15,15
11,add,8,8,8,1,16,16
11,add,8,9,9,1,17,17
11,add,9,1,1,1,10,10
11,add,9,2,2,1,11,11
11,add,9,3,3,1,12,12
11,add,9,4,4,1,13,13
11,add,9,5,5,1,14,14
11,add,9,6,6,1,15,15
11,add,9,7,7,1,16,16
11,add,9,8,8,1,17,17
11,add,9,9,9,1,18,18
11,subtract,1,1,1,1,0,0
11,subtract,1,2,2,1,0,0
11,subtract,1,3,3,1,0,0
11,subtract,1,4,4,1,0,0
11,subtract,1,5,5,1,0,0
11,subtract,1,6,6,1,0,0
11,subtract,1,7,7,1,0,0
11,subtract,1,8,8,1,0,0
11,subtract,1,9,9,1,0,0
11,subtract,2,1,1,1,1,1
11,subtract,2,2,2,1,0,0
11,subtract,2,3,3,1,0,0
11,subtract,2,4,4,1,0,0
11,subtract,2,5,5,1,0,0
11,subtract,2,6,6,1,0,0
11,subtract,2,7,7,1,0,0
11,subtract,2,8,8,1,0,0
11,subtract,2,9,9,1,0,0
11,subtract,3,1,1,1,2,2
11,subtract,3,2,2,1,1,1
11,subtract,3,3,3,1,0,0
11,subtract,3,4,4,1,0,0
11,subtract,3,5,5,1,0,0
11,subtract,3,6,6,1,0,0
11,subtract,3,7,7,1,0,0
11,subtract,3,8,8,1,0,0
11,subtract,3,9,9,1,0,0
11,subtract,4,1,1,1,3,3
11,subtract,4,2,2,1,2,2
11,subtract,4,3,3,1,1,1
11,subtract,4,4,4,1,0,0
11,subtract,4,5,5,1,0,0
11,subtract,4,6,6,1,0,0
11,subtract,4,7,7,1,0,0
11,subtract,4,8,8,1,0,0
11,subtract,4,9,9,1,0,0
11,subtract,5,1,1,1,4,4
11,subtract,5,2,2,1,3,3
11,subtract,5,3,3,1,2,2
11,subtract,5,4,4,1,1,1
11,subtract,5,5,5,1,0,0
11,subtract,5,6,6,1,0,0
11,subtract,5,7,7,1,0,0
11,subtract,5,8,8,1,0,0
11,subtract,5,9,9,1,0,0
11,subtract,6,1,1,1,5,5
11,subtract,6,2,2,1,4,4
11,subtract,6,3,3,1,3,3
11,subtract,6,4,4,1,2,2
11,subtract,6,5,5,1,1,1
11,subtract,6,6,6,1,0,0
11,subtract,6,7,7,1,0,0
11,subtract,6,8,8,1,0,0
11,subtract,6,9,9,1,0,0
11,subtract,7,1,1,1,6,6
11,subtract,7,2,2,1,5,5
11,subtract,7,3,3,1,4,4
11,subtract,7,4,4,1,3,3
11,subtract,7,5,5,1,2,2
11,subtract,7,6,6,1,1,1
11,subtract,7,7,7,1,0,0
11,subtract,7,8,8,1,0,0
11,subtract,7,9,9,1,0,0
11,subtract,8,1,1,1,7,7
11,subtract,8,2,2,1,6,6
11,subtract,8,3,3,1,5,5
11,subtract,8,4,4,1,4,4
11,subtract,8,5,5,1,3,3
11,subtract,8,6,6,1,2,2
11,subtract,8,7,7,1,1,1
11,subtract,8,8,8,1,0,0
11,subtract,8,9,9,1,0,0
11,subtract,9,1,1,1,8,8
11,subtract,9,2,2,1,7,7
11,subtract,9,3,3,1,6,6
11,subtract,9,4,4,1,5,5
11,subtract,9,5,5,1,4,4
11,subtract,9,6,6,1,3,3
11,subtract,9,7,7,1,2,2
11,subtract,9,8,8,1,1,1
11,subtract,9,9,9,1,0,0
11,multiply,1,1,1,1,1,1
11,multiply,1,2,2,1,2,2
11,multiply,1,3,3,1,3,3
11,multiply,1,4,4,1,4,4
11,multiply,1,5,5,1,5,5
11,multiply,1,6,6,1,6,6
11,multiply,1,7,7,1,7,7
11,multiply,1,8,8,1,8,8
11,multiply,1,9,9,1,9,9
11,multiply,2,1,2,1,2,2
11,multiply,2,2,4,1,4,4
11,multiply,2,3,6,1,6,6
11,multiply,2,4,8,1,8,8
11,multiply,2,5,10,1,10,10
11,multiply,2,6,12,1,12,12
11,multiply,2,7,14,1,14,14
11,multiply,2,8,16,1,16,16
11,multiply,2,9,18,1,18,18
11,multiply,3,1,3,1,3,3
11,multiply,3,2,6,1,6,6
11,multiply,3,3,9,1,9,9
11,multiply,3,4,12,1,12,12
11,multiply,3,5,15,1,15,15
11,multiply,3,6,18,1,18,18
11,multiply,3,7,21,1,21,21
11,multiply,3,8,24,1,24,24
11,multiply,3,9,27,1,27,27
11,multiply,4,1,4,1,4,4
11,multiply,4,2,8,1,8,8
11,multiply,4,3,12,1,12,12
11,multiply,4,4,16,1,16,16
11,multiply,4,5,20,1,20,20
11,multiply,4,6,24,1,24,24
11,multiply,4,7,28,1,28,28
11,multiply,4,8,32,1,32,32
11,multiply,4,9,36,1,36,36
11,multiply,5,1,5,1,5,5
11,multiply,5,2,10,1,10,10
11,multiply,5,3,15,1,15,15
11,multiply,5,4,20,1,20,20
11,multiply,5,5,25,1,25,25
11,multiply,5,6,30,1,30,30
11,multiply,5,7,35,1,35,35
11,multiply,5,8,40,1,40,40
11,multiply,5,9,45,1,45,45
11,multiply,6,1,6,1,6,6
11,multiply,6,2,12,1,12,12
11,multiply,6,3,18,1,18,18
11,multiply,6,4,24,1,24,24
11,multiply,6,5,30,1,30,30
11,multiply,6,6,36,1,36,36
11,multiply,6,7,42,1,42,42
11,multiply,6,8,48,1,48,48
11,multiply,6,9,54,1,54,54
11,multiply,7,1,7,1,7,7
11,multiply,7,2,14,1,14,14
11,multiply,7,3,21,1,21,21
11,multiply,7,4,28,1,28,28
11,multiply,7,5,35,1,35,35
11,multiply,7,6,42,1,42,42
11,multiply,7,7,49,1,49,49
11,multiply,7,8,56,1,56,56
11,multiply,7,9,63,1,63,63
11,multiply,8,1,8,1,8,8
11,multiply,8,2,16,1,16,16
11,multiply,8,3,24,1,24,24
11,multiply,8,4,32,1,32,32
11,multiply,8,5,40,1,40,40
11,multiply,8,6,48,1,48,48
11,multiply,8,7,56,1,56,56
11,multiply,8,8,64,1,64,64
11,multiply,8,9,72,1,72,72
11,multiply,9,1,9,1,9,9
11,multiply,9,2,18,1,18,18
11,multiply,9,3,27,1,27,27
11,multiply,9,4,36,1,36,36
11,multiply,9,5,45,1,45,45
11,multiply,9,6,54,1,54,54
11,multiply,9,7,63,1,63,63
11,multiply,9,8,72,1,72,72
11,multiply,9,9,81,1,81,81
11,divide,1,1,1,1,1,1
11,divide,1,2,0,1,0,0
11,divide,1,3,0,1,0,0
11,divide,1,4,0,1,0,0
11,divide,1,5,0,1,0,0
11,divide,1,6,0,1,0,0
11,divide,1,7,0,1,0,0
11,divide,1,8,0,1,0,0
11,divide,1,9,0,1,0,0
11,divide,2,1,2,1,2,2
11,divide,2,2,2,1,1,1
11,divide,2,3,0,1,0,0
11,divide,2,4,0,1,0,0
11,divide,2,5,0,1,0,0
11,divide,2,6,0,1,0,0
11,divide,2,7,0,1,0,0
11,divide,2,8,0,1,0,0
11,divide,2,9,0,1,0,0
11,divide,3,1,3,1,3,3
11,divide,3,2,2,1,1,1
11,divide,3,3,3,1,1,1
11,divide,3,4,0,1,0,0
11,divide,3,5,0,1,0,0
11,divide,3,6,0,1,0,0
11,divide,3,7,0,1,0,0
11,divide,3,8,0,1,0,0
11,divide,3,9,0,1,0,0
11,divide,4,1,4,1,4,4
11,divide,4,2,4,1,2,2
11,divide,4,3,3,1,1,1
11,divide,4,4,4,1,1,1
11,divide,4,5,0,1,0,0
11,divide,4,6,0,1,0,0
11,divide,4,7,0,1,0,0
11,divide,4,8,0,1,0,0
11,divide,4,9,0,1,0,0
11,divide,5,1,5,1,5,5
11,divide,5,2,4,1,2,2
11,divide,5,3,3,1,1,1
11,divide,5,4,4,1,1,1
11,divide,5,5,5,1,1,1
11,divide,5,6,0,1,0,0
11,divide,5,7,0,1,0,0
11,divide,5,8,0,1,0,0
11,divide,5,9,0,1,0,0
11,divide,6,1,6,1,6,6
11,divide,6,2,6,1,3,3
11,divide,6,3,6,1,2,2
11,divide,6,4,4,1,1,1
11,divide,6,5,5,1,1,1
11,divide,6,6,6,1,1,1
11,divide,6,7,0,1,0,0
11,divide,6,8,0,1,0,0
11,divide,6,9,0,1,0,0
11,divide,7,1,7,1,7,7
11,divide,7,2,6,1,3,3
11,divide,7,3,6,1,2,2
11,divide,7,4,4,1,1,1
11,divide,7,5,5,1,1,1
11,divide,7,6,6,1,1,1
11,divide,7,7,7,1,1,1
11,divide,7,8,0,1,0,0
11,divide,7,9,0,1,0,0
11,divide,8,1,8,1,8,8
11,divide,8,2,8,1,4,4
11,divide,8,3,6,1,2,2
11,divide,8,4,8,1,2,2
11,divide,8,5,5,1,1,1
11,divide,8,6,6,1,1,1
11,divide,8,7,7,1,1,1
11,divide,8,8,8,1,1,1
11,divide,8,9,0,1,0,0
11,divide,9,1,9,1,9,9
11,divide,9,2,8,1,4,4
11,divide,9,3,9,1,3,3
11,divide,9,4,8,1,2,2
11,divide,9,5,5,1,1,1
11,divide,9,6,6,1,1,1
11,divide,9,7,7,1,1,1
11,divide,9,8,8,1,1,1
11,divide,9,9,9,1,1,1
12,add,1,1,1,1,2,2
12,add,1,2,2,1,3,3
12,add,1,3,3,1,4,4
12,add,1,4,4,1,5,5
12,add,1,5,5,1,6,6
12,add,1,6,6,1,7,7
12,add,1,7,7,1,8,8
12,add,1,8,8,1,9,9
12,add,1,9,9,1,10,10
12,add,2,1,1,1,3,3
12,add,2,2,2,1,4,4
12,add,2,3,3,1,5,5
12,add,2,4,4,1,6,6
12,add,2,5,5,1,7,7
12,add,2,6,6,1,8,8
12,add,2,7,7,1,9,9
12,add,2,8,8,1,10,10
12,add,2,9,9,1,11,11
12,add,3,1,1,1,4,4
12,add,3,2,2,1,5,5
12,add,3,3,3,1,6,6
12,add,3,4,4,1,7,7
12,add,3,5,5,1,8,8
12,add,3,6,6,1,9,9
12,add,3,7,7,1,10,10
12,add,3,8,8,1,11,11
12,add,3,9,9,1,12,12
12,add,4,1,1,1,5,5
12,add,4,2,2,1,6,6
12,add,4,3,3,1,7,7
12,add,4,4,4,1,8,8
12,add,4,5,5,1,9,9
12,add,4,6,6,1,10,10
12,add,4,7,7,1,11,11
12,add,4,8,8,1,12,12
12,add,4,9,9,1,13,13
12,add,5,1,1,1,6,6
12,add,5,2,2,1,7,7
12,add,5,3,3,1,8,8
12,add,5,4,4,1,9,9
12,add,5,5,5,1,10,10
12,add,5,6,6,1,11,11
12,add,5,7,7,1,12,12
12,add,5,8,8,1,13,13
12,add,5,9,9,1,14,14
12,add,6,1,1,1,7,7
12,add,6,2,2,1,8,8
12,add,6,3,3,1,9,9
12,add,6,4,4,1,10,10
12,add,6,5,5,1,11,11
12,add,6,6,6,1,12,12
12,add,6,7,7,1,13,13
12,add,6,8,8,1,14,14
12,add,6,9,9,1,15,15
12,add,7,1,1,1,8,8
12,add,7,2,2,1,9,9
12,add,7,3,3,1,10,10
12,add,7,4,4,1,11,11
12,add,7,5,5,1,12,12
12,add,7,6,6,1,13,13
12,add,7,7,7,1,14,14
12,add,7,8,8,1,15,15
12,add,7,9,9,1,16,16
12,add,8,1,1,1,9,9
12,add,8,2,2,1,10,10
12,add,8,3,3,1,11,11
12,add,8,4,4,1,12,12
12,add,8,5,5,1,13,13
12,add,8,6,6,1,14,14
12,add,8,7,7,1,15,15
12,add,8,8,8,1,16,16
12,add,8,9,9,1,17,17
12,add,9,1,1,1,10,10
12,add,9,2,2,1,11,11
12,add,9,3,3,1,12,12
12,add,9,4,4,1,13,13
12,add,9,5,5,1,14,14
12,add,9,6,6,1,15,15
12,add,9,7,7,1,16,16
12,add,9,8,8,1,17,17
12,add,9,9,9,1,18,18
12,subtract,1,1,1,1,0,0
12,subtract,1,2,2,1,0,0
12,subtract,1,3,3,1,0,0
12,subtract,1,4,4,1,0,0
12,subtract,1,5,5,1,0,0
12,subtract,1,6,6,1,0,0
12,subtract,1,7,7,1,0,0
12,subtract,1,8,8,1,0,0
12,subtract,1,9,9,1,0,0
12,subtract,2,1,1,1,1,1
12,subtract,2,2,2,1,0,0
12,subtract,2,3,3,1,0,0
12,subtract,2,4,4,1,0,0
12,subtract,2,5,5,1,0,0
12,subtract,2,6,6,1,0,0
12,subtract,2,7,7,1,0,0
12,subtract,2,8,8,1,0,0
12,subtract,2,9,9,1,0,0
12,subtract,3,1,1,1,2,2
12,subtract,3,2,2,1,1,1
12,subtract,3,3,3,1,0,0
12,subtract,3,4,4,1,0,0
12,subtract,3,5,5,1,0,0
12,subtract,3,6,6,1,0,0
12,subtract,3,7,7,1,0,0
12,subtract,3,8,8,1,0,0
12,subtract,3,9,9,1,0,0
12,subtract,4,1,1,1,3,3
12,subtract,4,2,2,1,2,2
12,subtract,4,3,3,1,1,1
12,subtract,4,4,4,1,0,0
12,subtract,4,5,5,1,0,0
12,subtract,4,6,6,1,0,0
12,subtract,4,7,7,1,0,0
12,subtract,4,8,8,1,0,0
12,subtract,4,9,9,1,0,0
12,subtract,5,1,1,1,4,4
12,subtract,5,2,2,1,3,3
12,subtract,5,3,3,1,2,2
12,subtract,5,4,4,1,1,1
12,subtract,5,5,5,1,0,0
12,subtract,5,6,6,1,0,0
12,subtract,5,7,7,1,0,0
12,subtract,5,8,8,1,0,0
12,subtract,5,9,9,1,0,0
12,subtract,6,1,1,1,5,5
12,subtract,6,2,2,1,4,4
12,subtract,6,3,3,1,3,3
12,subtract,6,4,4,1,2,2
12,subtract,6,5,5,1,1,1
12,subtract,6,6,6,1,0,0
12,subtract,6,7,7,1,0,0
12,subtract,6,8,8,1,0,0
12,subtract,6,9,9,1,0,0
12,subtract,7,1,1,1,6,6
12,subtract,7,2,2,1,5,5
12,subtract,7,3,3,1,4,4
12,subtract,7,4,4,1,3,3
12,subtract,7,5,5,1,2,2
12,subtract,7,6,6,1,1,1
12,subtract,7,7,7,1,0,0
12,subtract,7,8,8,1,0,0
12,subtract,7,9,9,1,0,0
12,subtract,8,1,1,1,7,7
12,subtract,8,2,2,1,6,6
12,subtract,8,3,3,1,5,5
12,subtract,8,4,4,1,4,4
12,subtract,8,5,5,1,3,3
12,subtract,8,6,6,1,2,2
12,subtract,8,7,7,1,1,1
12,subtract,8,8,8,1,0,0
12,subtract,8,9,9,1,0,0
12,subtract,9,1,1,1,8,8
12,subtract,9,2,2,1,7,7
12,subtract,9,3,3,1,6,6
12,subtract,9,4,4,1,5,5
12,subtract,9,5,5,1,4,4
12,subtract,9,6,6,1,3,3
12,subtract,9,7,7,1,2,2
12,subtract,9,8,8,1,1,1
12,subtract,9,9,9,1,0,0
12,multiply,1,1,1,1,1,1
12,multiply,1,2,2,1,2,2
12,multiply,1,3,3,1,3,3
12,multiply,1,4,4,1,4,4
12,multiply,1,5,5,1,5,5
12,multiply,1,6,6,1,6,6
12,multiply,1,7,7,1,7,7
12,multiply,1,8,8,1,8,8
12,multiply,1,9,9,1,9,9
12,multiply,2,1,2,1,2,2
12,multiply,2,2,4,1,4,4
12,multiply,2,3,6,1,6,6
12,multiply,2,4,8,1,8,8
12,multiply,2,5,10,1,10,10
12,multiply,2,6,12,1,12,12
12,multiply,2,7,14,1,14,14
12,multiply,2,8,16,1,16,16
12,multiply,2,9,18,1,18,18
12,multiply,3,1,3,1,3,3
12,multiply,3,2,6,1,6,6
12,multiply,3,3,9,1,9,9
12,multiply,3,4,12,1,12,12
12,multiply,3,5,15,1,15,15
12,multiply,3,6,18,1,18,18
12,multiply,3,7,21,1,21,21
12,multiply,3,8,24,1,24,24
12,multiply,3,9,27,1,27,27
12,multiply,4,1,4,1,4,4
12,multiply,4,2,8,1,8,8
12,multiply,4,3,12,1,12,12
12,multiply,4,4,16,1,16,16
12,multiply,4,5,20,1,20,20
12,multiply,4,6,24,1,24,24
12,multiply,4,7,28,1,28,28
12,multiply,4,8,32,1,32,32
12,multiply,4,9,36,1,36,36
12,multiply,5,1,5,1,5,5
12,multiply,5,2,10,1,10,10
12,multiply,5,3,15,1,15,15
12,multiply,5,4,20,1,20,20
12,multiply,5,5,25,1,25,25
12,multiply,5,6,30,1,30,30
12,multiply,5,7,35,1,35,35
12,multiply,5,8,40,1,40,40
12,multiply,5,9,45,1,45,45
12,multiply,6,1,6,1,6,6
12,multiply,6,2,12,1,12,12
12,multiply,6,3,18,1,18,18
12,multiply,6,4,24,1,24,24
12,multiply,6,5,30,1,30,30
12,multiply,6,6,36,1,36,36
12,multiply,6,7,42,1,42,42
12,multiply,6,8,48,1,48,48
12,multiply,6,9,54,1,54,54
12,multiply,7,1,7,1,7,7
12,multiply,7,2,14,1,14,14
12,multiply,7,3,21,1,21,21
12,multiply,7,4,28,1,28,28
12,multiply,7,5,35,1,35,35
12,multiply,7,6,42,1,42,42
12,multiply,7,7,49,1,49,49
12,multiply,7,8,56,1,56,56
12,multiply,7,9,63,1,63,63
12,multiply,8,1,8,1,8,8
12,multiply,8,2,16,1,16,16
12,multiply,8,3,24,1,24,24
12,multiply,8,4,32,1,32,32
12,multiply,8,5,40,1,40,40
12,multiply,8,6,48,1,48,48
12,multiply,8,7,56,1,56,56
12,multiply,8,8,64,1,64,64
12,multiply,8,9,72,1,72,72
12,multiply,9,1,9,1,9,9
12,multiply,9,2,18,1,18,18
12,multiply,9,3,27,1,27,27
12,multiply,9,4,36,1,36,36
12,multiply,9,5,45,1,45,45
12,multiply,9,6,54,1,54,54
12,multiply,9,7,63,1,63,63
12,multiply,9,8,72,1,72,72
12,multiply,9,9,81,1,81,81
12,divide,1,1,1,1,1,1
12,divide,1,2,0,1,0,0
12,divide,1,3,0,1,0,0
12,divide,1,4,0,1,0,0
12,divide,1,5,0,1,0,0
12,divide,1,6,0,1,0,0
12,divide,1,7,0,1,0,0
12,divide,1,8,0,1,0,0
12,divide,1,9,0,1,0,0
12,divide,2,1,2,1,2,2
12,divide,2,2,2,1,1,1
12,divide,2,3,0,1,0,0
12,divide,2,4,0,1,0,0
12,divide,2,5,0,1,0,0
12,divide,2,6,0,1,0,0
12,divide,2,7,0,1,0,0
12,divide,2,8,0,1,0,0
12,divide,2,9,0,1,0,0
12,divide,3,1,3,1,3,3
12,divide,3,2,2,1,1,1
12,divide,3,3,3,1,1,1
12,divide,3,4,0,1,0,0
12,divide,3,5,0,1,0,0
12,divide,3,6,0,1,0,0
12,divide,3,7,0,1,0,0
12,divide,3,8,0,1,0,0
12,divide,3,9,0,1,0,0
12,divide,4,1,4,1,4,4
12,divide,4,2,4,1,2,2
12,divide,4,3,3,1,1,1
12,divide,4,4,4,1,1,1
12,divide,4,5,0,1,0,0
12,divide,4,6,0,1,0,0
12,divide,4,7,0,1,0,0
12,divide,4,8,0,1,0,0
12,divide,4,9,0,1,0,0
12,divide,5,1,5,1,5,5
12,divide,5,2,4,1,2,2
12,divide,5,3,3,1,1,1
12,divide,5,4,4,1,1,1
12,divide,5,5,5,1,1,1
12,divide,5,6,0,1,0,0
12,divide,5,7,0,1,0,0
12,divide,5,8,0,1,0,0
12,divide,5,9,0,1,0,0
12,divide,6,1,6,1,6,6
12,divide,6,2,6,1,3,3
12,divide,6,3,6,1,2,2
12,divide,6,4,4,1,1,1
12,divide,6,5,5,1,1,1
12,divide,6,6,6,1,1,1
12,divide,6,7,0,1,0,0
12,divide,6,8,0,1,0,0
12,divide,6,9,0,1,0,0
12,divide,7,1,7,1,7,7
12,divide,7,2,6,1,3,3
12,divide,7,3,6,1,2,2
12,divide,7,4,4,1,1,1
12,divide,7,5,5,1,1,1
12,divide,7,6,6,1,1,1
12,divide,7,7,7,1,1,1
12,divide,7,8,0,1,0,0
12,divide,7,9,0,1,0,0
12,divide,8,1,8,1,8,8
12,divide,8,2,8,1,4,4
12,divide,8,3,6,1,2,2
12,divide,8,4,8,1,2,2
12,divide,8,5,5,1,1,1
12,divide,8,6,6,1,1,1
12,divide,8,7,7,1,1,1
12,divide,8,8,8,1,1,1
12,divide,8,9,0,1,0,0
12,divide,9,1,9,1,9,9
12,divide,9,2,8,1,4,4
12,divide,9,3,9,1,3,3
12,divide,9,4,8,1,2,2
12,divide,9,5,5,1,1,1
12,divide,9,6,6,1,1,1
12,divide,9,7,7,1,1,1
12,divide,9,8,8,1,1,1
12,divide,9,9,9,1,1,1
14,add,1,1,1,1,2,2
14,add,1,2,2,1,3,3
14,add,1,3,3,1,4,4
14,add,1,4,4,1,5,5
14,add,1,5,5,1,6,6
14,add,1,6,6,1,7,7
14,add,1,7,7,1,8,8
14,add,1,8,8,1,9,9
14,add,1,9,9,1,10,10
14,add,2,1,1,1,3,3
14,add,2,2,2,1,4,4
14,add,2,3,3,1,5,5
14,add,2,4,4,1,6,6
14,add,2,5,5,1,7,7
14,add,2,6,6,1,8,8
14,add,2,7,7,1,9,9
14,add,2,8,8,1,10,10
14,add,2,9,9,1,11,11
14,add,3,1,1,1,4,4
14,add,3,2,2,1,5,5
14,add,3,3,3,1,6,6
14,add,3,4,4,1,7,7
14,add,3,5,5,1,8,8
14,add,3,6,6,1,9,9
14,add,3,7,7,1,10,10
14,add,3,8,8,1,11,11
14,add,3,9,9,1,12,12
14,add,4,1,1,1,5,5
14,add,4,2,2,1,6,6
14,add,4,3,3,1,7,7
14,add,4,4,4,1,8,8
14,add,4,5,5,1,9,9
14,add,4,6,6,1,10,10
14,add,4,7,7,1,11,11
14,add,4,8,8,1,12,12
14,add,4,9,9,1,13,13
14,add,5,1,1,1,6,6
14,add,5,2,2,1,7,7
14,add,5,3,3,1,8,8
14,add,5,4,4,1,9,9
14,add,5,5,5,1,10,10
14,add,5,6,6,1,11,11
14,add,5,7,7,1,12,12
14,add,5,8,8,1,13,13
14,add,5,9,9,1,14,14
14,add,6,1,1,1,7,7
14,add,6,2,2,1,8,8
14,add,6,3,3,1,9,9
14,add,6,4,4,1,10,10
14,add,6,5,5,1,11,11
14,add,6,6,6,1,12,12
14,add,6,7,7,1,13,13
14,add,6,8,8,1,14,14
14,add,6,9,9,1,15,15
14,add,7,1,1,1,8,8
14,add,7,2,2,1,9,9
14,add,7,3,3,1,10,10
14,add,7,4,4,1,11,11
14,add,7,5,5,1,12,12
14,add,7,6,6,1,13,13
14,add,7,7,7,1,14,14
14,add,7,8,8,1,15,15
14,add,7,9,9,1,16,16
14,add,8,1,1,1,9,9
14,add,8,2,2,1,10,10
14,add,8,3,3,1,11,11
14,add,8,4,4,1,12,12
14,add,8,5,5,1,13,13
14,add,8,6,6,1,14,14
14,add,8,7,7,1,15,15
14,add,8,8,8,1,16,16
14,add,8,9,9,1,17,17
14,add,9,1,1,1,10,10
14,add,9,2,2,1,11,11
14,add,9,3,3,1,12,12
14,add,9,4,4,1,13,13
14,add,9,5,5,1,14,14
14,add,9,6,6,1,15,15
14,add,9,7,7,1,16,16
14,add,9,8,8,1,17,17
14,add,9,9,9,1,18,18
14,subtract,1,1,1,1,0,0
14,subtract,1,2,2,1,0,0
14,subtract,1,3,3,1,0,0
14,subtract,1,4,4,1,0,0
14,subtract,1,5,5,1,0,0
14,subtract,1,6,6,1,0,0
14,subtract,1,7,7,1,0,0
14,subtract,1,8,8,1,0,0
14,subtract,1,9,9,1,0,0
14,subtract,2,1,1,1,1,1
14,subtract,2,2,2,1,0,0
14,subtract,2,3,3,1,0,0
14,subtract,2,4,4,1,0,0
14,subtract,2,5,5,1,0,0
14,subtract,2,6,6,1,0,0
14,subtract,2,7,7,1,0,0
14,subtract,2,8,8,1,0,0
14,subtract,2,9,9,1,0,0
14,subtract,3,1,1,1,2,2
14,subtract,3,2,2,1,1,1
14,subtract,3,3,3,1,0,0
14,subtract,3,4,4,1,0,0
14,subtract,3,5,5,1,0,0
14,subtract,3,6,6,1,0,0
14,subtract,3,7,7,1,0,0
14,subtract,3,8,8,1,0,0
14,subtract,3,9,9,1,0,0
14,subtract,4,1,1,1,3,3
14,subtract,4,2,2,1,2,2
14,subtract,4,3,3,1,1,1
14,subtract,4,4,4,1,0,0
14,subtract,4,5,5,1,0,0
14,subtract,4,6,6,1,0,0
14,subtract,4,7,7,1,0,0
14,subtract,4,8,8,1,0,0
14,subtract,4,9,9,1,0,0
14,subtract,5,1,1,1,4,4
14,subtract,5,2,2,1,3,3
14,subtract,5,3,3,1,2,2
14,subtract,5,4,4,1,1,1
14,subtract,5,5,5,1,0,0
14,subtract,5,6,6,1,0,0
14,subtract,5,7,7,1,0,0
14,subtract,5,8,8,1,0,0
14,subtract,5,9,9,1,0,0
14,subtract,6,1,1,1,5,5
14,subtract,6,2,2,1,4,4
14,subtract,6,3,3,1,3,3
14,subtract,6,4,4,1,2,2
14,subtract,6,5,5,1,1,1
14,subtract,6,6,6,1,0,0
14,subtract,6,7,7,1,0,0
14,subtract,6,8,8,1,0,0
14,subtract,6,9,9,1,0,0
14,subtract,7,1,1,1,6,6
14,subtract,7,2,2,1,5,5
14,subtract,7,3,3,1,4,4
14,subtract,7,4,4,1,3,3
14,subtract,7,5,5,1,2,2
14,subtract,7,6,6,1,1,1
14,subtract,7,7,7,1,0,0
14,subtract,7,8,8,1,0,0
14,subtract,7,9,9,1,0,0
14,subtract,8,1,1,1,7,7
14,subtract,8,2,2,1,6,6
14,subtract,8,3,3,1,5,5
14,subtract,8,4,4,1,4,4
14,subtract,8,5,5,1,3,3
14,subtract,8,6,6,1,2,2
14,subtract,8,7,7,1,1,1
14,subtract,8,8,8,1,0,0
14,subtract,8,9,9,1,0,0
14,subtract,9,1,1,1,8,8
14,subtract,9,2,2,1,7,7
14,subtract,9,3,3,1,6,6
14,subtract,9,4,4,1,5,5
14,subtract,9,5,5,1,4,4
14,subtract,9,6,6,1,3,3
14,subtract,9,7,7,1,2,2
14,subtract,9,8,8,1,1,1
14,subtract,9,9,9,1,0,0
14,multiply,1,1,1,1,1,1
14,multiply,1,2,2,1,2,2
14,multiply,1,3,3,1,3,3
14,multiply,1,4,4,1,4,4
14,multiply,1,5,5,1,5,5
14,multiply,1,6,6,1,6,6
14,multiply,1,7,7,1,7,7
14,multiply,1,8,8,1,8,8
14,multiply,1,9,9,1,9,9
14,multiply,2,1,2,1,2,2
14,multiply,2,2,4,1,4,4
14,multiply,2,3,6,1,6,6
14,multiply,2,4,8,1,8,8
14,multiply,2,5,10,1,10,10
14,multiply,2,6,12,1,12,12
14,multiply,2,7,14,1,14,14
14,multiply,2,8,16,1,16,16
14,multiply,2,9,18,1,18,18
14,multiply,3,1,3,1,3,3
14,multiply,3,2,6,1,6,6
14,multiply,3,3,9,1,9,9
14,multiply,3,4,12,1,12,12
14,multiply,3,5,15,1,15,15
14,multiply,3,6,18,1,18,18
14,multiply,3,7,21,1,21,21
14,multiply,3,8,24,1,24,24
14,multiply,3,9,27,1,27,27
14,multiply,4,1,4,1,4,4
14,multiply,4,2,8,1,8,8
14,multiply,4,3,12,1,12,12
14,multiply,4,4,16,1,16,16
14,multiply,4,5,20,1,20,20
14,multiply,4,6,24,1,24,24
14,multiply,4,7,28,1,28,28
14,multiply,4,8,32,1,32,32
14,multiply,4,9,36,1,36,36
14,multiply,5,1,5,1,5,5
14,multiply,5,2,10,1,10,10
14,multiply,5,3,15,1,15,15
14,multiply,5,4,20,1,20,20
14,multiply,5,5,25,1,25,25
14,multiply,5,6,30,1,30,30
14,multiply,5,7,35,1,35,35
14,multiply,5,8,40,1,40,40
14,multiply,5,9,45,1,45,45
14,multiply,6,1,6,1,6,6
14,multiply,6,2,12,1,12,12
14,multiply,6,3,18,1,18,18
14,multiply,6,4,24,1,24,24
14,multiply,6,5,30,1,30,30
14,multiply,6,6,36,1,36,36
14,multiply,6,7,42,1,42,42
14,multiply,6,8,48,1,48,48
14,multiply,6,9,54,1,54,54
14,multiply,7,1,7,1,7,7
14,multiply,7,2,14,1,14,14
14,multiply,7,3,21,1,21,21
14,multiply,7,4,28,1,28,28
14,multiply,7,5,35,1,35,35
14,multiply,7,6,42,1,42,42
14,multiply,7,7,49,1,49,49
14,multiply,7,8,56,1,56,56
14,multiply,7,9,63,1,63,63
14,multiply,8,1,8,1,8,8
14,multiply,8,2,16,1,16,16
14,multiply,8,3,24,1,24,24
14,multiply,8,4,32,1,32,32
14,multiply,8,5,40,1,40,40
14,multiply,8,6,48,1,48,48
14,multiply,8,7,56,1,56,56
14,multiply,8,8,64,1,64,64
14,multiply,8,9,72,1,72,72
14,multiply,9,1,9,1,9,9
14,multiply,9,2,18,1,18,18
14,multiply,9,3,27,1,27,27
14,multiply,9,4,36,1,36,36
14,multiply,9,5,45,1,45,45
14,multiply,9,6,54,1,54,54
14,multiply,9,7,63,1,63,63
14,multiply,9,8,72,1,72,72
14,multiply,9,9,81,1,81,81
14,divide,1,1,1,1,1,1
14,divide,1,2,0,1,0,0
14,divide,1,3,0,1,0,0
14,divide,1,4,0,1,0,0
14,divide,1,5,0,1,0,0
14,divide,1,6,0,1,0,0
14,divide,1,7,0,1,0,0
14,divide,1,8,0,1,0,0
14,divide,1,9,0,1,0,0
14,divide,2,1,2,1,2,2
14,divide,2,2,2,1,1,1
14,divide,2,3,0,1,0,0
14,divide,2,4,0,1,0,0
14,divide,2,5,0,1,0,0
14,divide,2,6,0,1,0,0
14,divide,2,7,0,1,0,0
14,divide,2,8,0,1,0,0
14,divide,2,9,0,1,0,0
14,divide,3,1,3,1,3,3
14,divide,3,2,2,1,1,1
14,divide,3,3,3,1,1,1
14,divide,3,4,0,1,0,0
14,divide,3,5,0,1,0,0
14,divide,3,6,0,1,0,0
14,divide,3,7,0,1,0,0
14,divide,3,8,0,1,0,0
14,divide,3,9,0,1,0,0
14,divide,4,1,4,1,4,4
14,divide,4,2,4,1,2,2
14,divide,4,3,3,1,1,1
14,divide,4,4,4,1,1,1
14,divide,4,5,0,1,0,0
14,divide,4,6,0,1,0,0
14,divide,4,7,0,1,0,0
14,divide,4,8,0,1,0,0
14,divide,4,9,0,1,0,0
14,divide,5,1,5,1,5,5
14,divide,5,2,4,1,2,2
14,divide,5,3,3,1,1,1
14,divide,5,4,4,1,1,1
14,divide,5,5,5,1,1,1
14,divide,5,6,0,1,0,0
14,divide,5,7,0,1,0,0
14,divide,5,8,0,1,0,0
14,divide,5,9,0,1,0,0
14,divide,6,1,6,1,6,6
14,divide,6,2,6,1,3,3
14,divide,6,3,6,1,2,2
14,divide,6,4,4,1,1,1
14,divide,6,5,5,1,1,1
14,divide,6,6,6,1,1,1
14,divide,6,7,0,1,0,0
14,divide,6,8,0,1,0,0
14,divide,6,9,0,1,0,0
14,divide,7,1,7,1,7,7
14,divide,7,2,6,1,3,3
14,divide,7,3,6,1,2,2
14,divide,7,4,4,1,1,1
14,divide,7,5,5,1,1,1
14,divide,7,6,6,1,1,1
14,divide,7,7,7,1,1,1
14,divide,7,8,0,1,0,0
14,divide,7,9,0,1,0,0
14,divide,8,1,8,1,8,8
14,divide,8,2,8,1,4,4
14,divide,8,3,6,1,2,2
14,divide,8,4,8,1,2,2
14,divide,8,5,5,1,1,1
14,divide,8,6,6,1,1,1
14,divide,8,7,7,1,1,1
14,divide,8,8,8,1,1,1
14,divide,8,9,0,1,0,0
14,divide,9,1,9,1,9,9
14,divide,9,2,8,1,4,4
14,divide,9,3,9,1,3,3
14,divide,9,4,8,1,2,2
14,divide,9,5,5,1,1,1
14,divide,9,6,6,1,1,1
14,divide,9,7,7,1,1,1
14,divide,9,8,8,1,1,1
14,divide,9,9,9,1,1,1
15,add,1,1,1,1,2,2
15,add,1,2,2,1,3,3
15,add,1,3,3,1,4,4
15,add,1,4,4,1,5,5
15,add,1,5,5,1,6,6
15,add,1,6,6,1,7,7
15,add,1,7,7,1,8,8
15,add,1,8,8,1,9,9
15,add,1,9,9,1,10,10
15,add,2,1,1,1,3,3
15,add,2,2,2,1,4,4
15,add,2,3,3,1,5,5
15,add,2,4,4,1,6,6
15,add,2,5,5,1,7,7
15,add,2,6,6,1,8,8
15,add,2,7,7,1,9,9
15,add,2,8,8,1,10,10
15,add,2,9,9,1,11,11
15,add,3,1,1,1,4,4
15,add,3,2,2,1,5,5
15,add,3,3,3,1,6,6
15,add,3,4,4,1,7,7
15,add,3,5,5,1,8,8
15,add,3,6,6,1,9,9
15,add,3,7,7,1,10,10
15,add,3,8,8,1,11,11
15,add,3,9,9,1,12,12
15,add,4,1,1,1,5,5
15,add,4,2,2,1,6,6
15,add,4,3,3,1,7,7
15,add,4,4,4,1,8,8
15,add,4,5,5,1,9,9
15,add,4,6,6,1,10,10
15,add,4,7,7,1,11,11
15,add,4,8,8,1,12,12
15,add,4,9,9,1,13,13
15,add,5,1,1,1,6,6
15,add,5,2,2,1,7,7
15,add,5,3,3,1,8,8
15,add,5,4,4,1,9,9
15,add,5,5,5,1,10,10
15,add,5,6,6,1,11,11
15,add,5,7,7,1,12,12
15,add,5,8,8,1,13,13
15,add,5,9,9,1,14,14
15,add,6,1,1,1,7,7
15,add,6,2,2,1,8,8
15,add,6,3,3,1,9,9
15,add,6,4,4,1,10,10
15,add,6,5,5,1,11,11
15,add,6,6,6,1,12,12
15,add,6,7,7,1,13,13
15,add,6,8,8,1,14,14
15,add,6,9,9,1,15,15
15,add,7,1,1,1,8,8
15,add,7,2,2,1,9,9
15,add,7,3,3,1,10,10
15,add,7,4,4,1,11,11
15,add,7,5,5,1,12,12
15,add,7,6,6,1,13,13
15,add,7,7,7,1,14,14
15,add,7,8,8,1,15,15
15,add,7,9,9,1,16,16
15,add,8,1,1,1,9,9
15,add,8,2,2,1,10,10
15,add,8,3,3,1,11,11
15,add,8,4,4,1,12,12
15,add,8,5,5,1,13,13
15,add,8,6,6,1,14,14
15,add,8,7,7,1,15,15
15,add,8,8,8,1,16,16
15,add,8,9,9,1,17,17
15,add,9,1,1,1,10,10
15,add,9,2,2,1,11,11
15,add,9,3,3,1,12,12
15,add,9,4,4,1,13,13
15,add,9,5,5,1,14,14
15,add,9,6,6,1,15,15
15,add,9,7,7,1,16,16
15,add,9,8,8,1,17,17
15,add,9,9,9,1,18,18
15,subtract,1,1,1,1,0,0
15,subtract,1,2,2,1,0,0
15,subtract,1,3,3,1,0,0
15,subtract,1,4,4,1,0,0
15,subtract,1,5,5,1,0,0
15,subtract,1,6,6,1,0,0
15,subtract,1,7,7,1,0,0
15,subtract,1,8,8,1,0,0
15,subtract,1,9,9,1,0,0
15,subtract,2,1,1,1,1,1
15,subtract,2,2,2,1,0,0
15,subtract,2,3,3,1,0,0
15,subtract,2,4,4,1,0,0
15,subtract,2,5,5,1,0,0
15,subtract,2,6,6,1,0,0
15,subtract,2,7,7,1,0,0
15,subtract,2,8,8,1,0,0
15,subtract,2,9,9,1,0,0
15,subtract,3,1,1,1,2,2
15,subtract,3,2,2,1,1,1
15,subtract,3,3,3,1,0,0
15,subtract,3,4,4,1,0,0
15,subtract,3,5,5,1,0,0
15,subtract,3,6,6,1,0,0
15,subtract,3,7,7,1,0,0
15,subtract,3,8,8,1,0,0
15,subtract,3,9,9,1,0,0
15,subtract,4,1,1,1,3,3
15,subtract,4,2,2,1,2,2
15,subtract,4,3,3,1,1,1
15,subtract,4,4,4,1,0,0
15,subtract,4,5,5,1,0,0
15,subtract,4,6,6,1,0,0
15,subtract,4,7,7,1,0,0
15,subtract,4,8,8,1,0,0
15,subtract,4,9,9,1,0,0
15,subtract,5,1,1,1,4,4
15,subtract,5,2,2,1,3,3
15,subtract,5,3,3,1,2,2
15,subtract,5,4,4,1,1,1
15,subtract,5,5,5,1,0,0
15,subtract,5,6,6,1,0,0
15,subtract,5,7,7,1,0,0
15,subtract,5,8,8,1,0,0
15,subtract,5,9,9,1,0,0
15,subtract,6,1,1,1,5,5
15,subtract,6,2,2,1,4,4
15,subtract,6,3,3,1,3,3
15,subtract,6,4,4,1,2,2
15,subtract,6,5,5,1,1,1
15,subtract,6,6,6,1,0,0
15,subtract,6,7,7,1,0,0
15,subtract,6,8,8,1,0,0
15,subtract,6,9,9,1,0,0
15,subtract,7,1,1,1,6,6
15,subtract,7,2,2,1,5,5
15,subtract,7,3,3,1,4,4
15,subtract,7,4,4,1,3,3
15,subtract,7,5,5,1,2,2
15,subtract,7,6,6,1,1,1
15,subtract,7,7,7,1,0,0
15,subtract,7,8,8,1,0,0
15,subtract,7,9,9,1,0,0
15,subtract,8,1,1,1,7,7
15,subtract,8,2,2,1,6,6
15,subtract,8,3,3,1,5,5
15,subtract,8,4,4,1,4,4
15,subtract,8,5,5,1,3,3
15,subtract,8,6,6,1,2,2
15,subtract,8,7,7,1,1,1
15,subtract,8,8,8,1,0,0
15,subtract,8,9,9,1,0,0
15,subtract,9,1,1,1,8,8
15,subtract,9,2,2,1,7,7
15,subtract,9,3,3,1,6,6
15,subtract,9,4,4,1,5,5
15,subtract,9,5,5,1,4,4
15,subtract,9,6,6,1,3,3
15,subtract,9,7,7,1,2,2
15,subtract,9,8,8,1,1,1
15,subtract,9,9,9,1,0,0
15,multiply,1,1,1,1,1,1
15,multiply,1,2,2,1,2,2
15,multiply,1,3,3,1,3,3
15,multiply,1,4,4,1,4,4
15,multiply,1,5,5,1,5,5
15,multiply,1,6,6,1,6,6
15,multiply,1,7,7,1,7,7
15,multiply,1,8,8,1,8,8
15,multiply,1,9,9,1,9,9
15,multiply,2,1,2,1,2,2
15,multiply,2,2,4,1,4,4
15,multiply,2,3,6,1,6,6
15,multiply,2,4,8,1,8,8
15,multiply,2,5,10,1,10,10
15,multiply,2,6,12,1,12,12
15,multiply,2,7,14,1,14,14
15,multiply,2,8,16,1,16,16
15,multiply,2,9,18,1,18,18
15,multiply,3,1,3,1,3,3
15,multiply,3,2,6,1,6,6
15,multiply,3,3,9,1,9,9
15,multiply,3,4,12,1,12,12
15,multiply,3,5,15,1,15,15
15,multiply,3,6,18,1,18,18
15,multiply,3,7,21,1,21,21
15,multiply,3,8,24,1,24,24
15,multiply,3,9,27,1,27,27
15,multiply,4,1,4,1,4,4
15,multiply,4,2,8,1,8,8
15,multiply,4,3,12,1,12,12
15,multiply,4,4,16,1,16,16
15,multiply,4,5,20,1,20,20
15,multiply,4,6,24,1,24,24
15,multiply,4,7,28,1,28,28
15,multiply,4,8,32,1,32,32
15,multiply,4,9,36,1,36,36
15,multiply,5,1,5,1,5,5
15,multiply,5,2,10,1,10,10
15,multiply,5,3,15,1,15,15
15,multiply,5,4,20,1,20,20
15,multiply,5,5,25,1,25,25
15,multiply,5,6,30,1,30,30
15,multiply,5,7,35,1,35,35
15,multiply,5,8,40,1,40,40
15,multiply,5,9,45,1,45,45
15,multiply,6,1,6,1,6,6
15,multiply,6,2,12,1,12,12
15,multiply,6,3,18,1,18,18
15,multiply,6,4,24,1,24,24
15,multiply,6,5,30,1,30,30
15,multiply,6,6,36,1,36,36
15,multiply,6,7,42,1,42,42
15,multiply,6,8,48,1,48,48
15,multiply,6,9,54,1,54,54
15,multiply,7,1,7,1,7,7
15,multiply,7,2,14,1,14,14
15,multiply,7,3,21,1,21,21
15,multiply,7,4,28,1,28,28
15,multiply,7,5,35,1,35,35
15,multiply,7,6,42,1,42,42
15,multiply,7,7,49,1,49,49
15,multiply,7,8,56,1,56,56
15,multiply,7,9,63,1,63,63
15,multiply,8,1,8,1,8,8
15,multiply,8,2,16,1,16,16
15,multiply,8,3,24,1,24,24
15,multiply,8,4,32,1,32,32
15,multiply,8,5,40,1,40,40
15,multiply,8,6,48,1,48,48
15,multiply,8,7,56,1,56,56
15,multiply,8,8,64,1,64,64
15,multiply,8,9,72,1,72,72
15,multiply,9,1,9,1,9,9
15,multiply,9,2,18,1,18,18
15,multiply,9,3,27,1,27,27
15,multiply,9,4,36,1,36,36
15,multiply,9,5,45,1,45,45
15,multiply,9,6,54,1,54,54
15,multiply,9,7,63,1,63,63
15,multiply,9,8,72,1,72,72
15,multiply,9,9,81,1,81,81
15,divide,1,1,1,1,1,1
15,divide,1,2,0,1,0,0
15,divide,1,3,0,1,0,0
15,divide,1,4,0,1,0,0
15,divide,1,5,0,1,0,0
15,divide,1,6,0,1,0,0
15,divide,1,7,0,1,0,0
15,divide,1,8,0,1,0,0
15,divide,1,9,0,1,0,0
15,divide,2,1,2,1,2,2
15,divide,2,2,2,1,1,1
15,divide,2,3,0,1,0,0
15,divide,2,4,0,1,0,0
15,divide,2,5,0,1,0,0
15,divide,2,6,0,1,0,0
15,divide,2,7,0,1,0,0
15,divide,2,8,0,1,0,0
15,divide,2,9,0,1,0,0
15,divide,3,1,3,1,3,3
15,divide,3,2,2,1,1,1
15,divide,3,3,3,1,1,1
15,divide,3,4,0,1,0,0
15,divide,3,5,0,1,0,0
15,divide,3,6,0,1,0,0
15,divide,3,7,0,1,0,0
15,divide,3,8,0,1,0,0
15,divide,3,9,0,1,0,0
15,divide,4,1,4,1,4,4
15,divide,4,2,4,1,2,2
15,divide,4,3,3,1,1,1
15,divide,4,4,4,1,1,1
15,divide,4,5,0,1,0,0
15,divide,4,6,0,1,0,0
15,divide,4,7,0,1,0,0
15,divide,4,8,0,1,0,0
15,divide,4,9,0,1,0,0
15,divide,5,1,5,1,5,5
15,divide,5,2,4,1,2,2
15,divide,5,3,3,1,1,1
15,divide,5,4,4,1,1,1
15,divide,5,5,5,1,1,1
15,divide,5,6,0,1,0,0
15,divide,5,7,0,1,0,0
15,divide,5,8,0,1,0,0
15,divide,5,9,0,1,0,0
15,divide,6,1,6,1,6,6
15,divide,6,2,6,1,3,3
15,divide,6,3,6,1,2,2
15,divide,6,4,4,1,1,1
15,divide,6,5,5,1,1,1
15,divide,6,6,6,1,1,1
15,divide,6,7,0,1,0,0
15,divide,6,8,0,1,0,0
15,divide,6,9,0,1,0,0
15,divide,7,1,7,1,7,7
15,divide,7,2,6,1,3,3
15,divide,7,3,6,1,2,2
15,divide,7,4,4,1,1,1
15,divide,7,5,5,1,1,1
15,divide,7,6,6,1,1,1
15,divide,7,7,7,1,1,1
15,divide,7,8,0,1,0,0
15,divide,7,9,0,1,0,0
15,divide,8,1,8,1,8,8
15,divide,8,2,8,1,4,4
15,divide,8,3,6,1,2,2
15,divide,8,4,8,1,2,2
15,divide,8,5,5,1,1,1
15,divide,8,6,6,1,1,1
15,divide,8,7,7,1,1,1
15,divide,8,8,8,1,1,1
15,divide,8,9,0,1,0,0
15,divide,9,1,9,1,9,9
15,divide,9,2,8,1,4,4
15,divide,9,3,9,1,3,3
15,divide,9,4,8,1,2,2
15,divide,9,5,5,1,1,1
15,divide,9,6,6,1,1,1
15,divide,9,7,7,1,1,1
15,divide,9,8,8,1,1,1
15,divide,9,9,9,1,1,1
21,add,1,1,1,1,2,2
21,add,1,2,2,1,3,3
21,add,1,3,3,1,4,4
21,add,1,4,4,1,5,5
21,add,1,5,5,1,6,6
21,add,1,6,6,1,7,7
21,add,1,7,7,1,8,8
21,add,1,8,8,1,9,9
21,add,1,9,9,1,10,10
21,add,2,1,1,1,3,3
21,add,2,2,2,1,4,4
21,add,2,3,3,1,5,5
21,add,2,4,4,1,6,6
21,add,2,5,5,1,7,7
21,add,2,6,6,1,8,8
21,add,2,7,7,1,9,9
21,add,2,8,8,1,10,10
21,add,2,9,9,1,11,11
21,add,3,1,1,1,4,4
21,add,3,2,2,1,5,5
21,add,3,3,3,1,6,6
21,add,3,4,4,1,7,7
21,add,3,5,5,1,8,8
21,add,3,6,6,1,9,9
21,add,3,7,7,1,10,10
21,add,3,8,8,1,11,11
21,add,3,9,9,1,12,12
21,add,4,1,1,1,5,5
21,add,4,2,2,1,6,6
21,add,4,3,3,1,7,7
21,add,4,4,4,1,8,8
21,add,4,5,5,1,9,9
21,add,4,6,6,1,10,10
21,add,4,7,7,1,11,11
21,add,4,8,8,1,12,12
21,add,4,9,9,1,13,13
21,add,5,1,1,1,6,6
21,add,5,2,2,1,7,7
21,add,5,3,3,1,8,8
21,add,5,4,4,1,9,9
21,add,5,5,5,1,10,10
21,add,5,6,6,1,11,11
21,add,5,7,7,1,12,12
21,add,5,8,8,1,13,13
21,add,5,9,9,1,14,14
21,add,6,1,1,1,7,7
21,add,6,2,2,1,8,8
21,add,6,3,3,1,9,9
21,add,6,4,4,1,10,10
21,add,6,5,5,1,11,11
21,add,6,6,6,1,12,12
21,add,6,7,7,1,13,13
21,add,6,8,8,1,14,14
21,add,6,9,9,1,15,15
21,add,7,1,1,1,8,8
21,add,7,2,2,1,9,9
21,add,7,3,3,1,10,10
21,add,7,4,4,1,11,11
21,add,7,5,5,1,12,12
21,add,7,6,6,1,13,13
21,add,7,7,7,1,14,14
21,add,7,8,8,1,15,15
21,add,7,9,9,1,16,16
21,add,8,1,1,1,9,9
21,add,8,2,2,1,10,10
21,add,8,3,3,1,11,11
21,add,8,4,4,1,12,12
21,add,8,5,5,1,13,13
21,add,8,6,6,1,14,14
21,add,8,7,7,1,15,15
21,add,8,8,8,1,16,16
21,add,8,9,9,1,17,17
21,add,9,1,1,1,10,10
21,add,9,2,2,1,11,11
21,add,9,3,3,1,12,12
21,add,9,4,4,1,13,13
21,add,9,5,5,1,14,14
21,add,9,6,6,1,15,15
21,add,9,7,7,1,16,16
21,add,9,8,8,1,17,17
21,add,9,9,9,1,18,18
21,subtract,1,1,1,1,0,0
21,subtract,1,2,2,1,0,0
21,subtract,1,3,3,1,0,0
21,subtract,1,4,4,1,0,0
21,subtract,1,5,5,1,0,0
21,subtract,1,6,6,1,0,0
21,subtract,1,7,7,1,0,0
21,subtract,1,8,8,1,0,0
21,subtract,1,9,9,1,0,0
21,subtract,2,1,1,1,1,1
21,subtract,2,2,2,1,0,0
21,subtract,2,3,3,1,0,0
21,subtract,2,4,4,1,0,0
21,subtract,2,5,5,1,0,0
21,subtract,2,6,6,1,0,0
21,subtract,2,7,7,1,0,0
21,subtract,2,8,8,1,0,0
21,subtract,2,9,9,1,0,0
21,subtract,3,1,1,1,2,2
21,subtract,3,2,2,1,1,1
21,subtract,3,3,3,1,0,0
21,subtract,3,4,4,1,0,0
21,subtract,3,5,5,1,0,0
21,subtract,3,6,6,1,0,0
21,subtract,3,7,7,1,0,0
21,subtract,3,8,8,1,0,0
21,subtract,3,9,9,1,0,0
21,subtract,4,1,1,1,3,3
21,subtract,4,2,2,1,2,2
21,subtract,4,3,3,1,1,1
21,subtract,4,4,4,1,0,0
21,subtract,4,5,5,1,0,0
21,subtract,4,6,6,1,0,0
21,subtract,4,7,7,1,0,0
21,subtract,4,8,8,1,0,0
21,subtract,4,9,9,1,0,0
21,subtract,5,1,1,1,4,4
21,subtract,5,2,2,1,3,3
21,subtract,5,3,3,1,2,2
21,subtract,5,4,4,1,1,1
21,subtract,5,5,5,1,0,0
21,subtract,5,6,6,1,0,0
21,subtract,5,7,7,1,0,0
21,subtract,5,8,8,1,0,0
21,subtract,5,9,9,1,0,0
21,subtract,6,1,1,1,5,5
21,subtract,6,2,2,1,4,4
21,subtract,6,3,3,1,3,3
21,subtract,6,4,4,1,2,2
21,subtract,6,5,5,1,1,1
21,subtract,6,6,6,1,0,0
21,subtract,6,7,7,1,0,0
21,subtract,6,8,8,1,0,0
21,subtract,6,9,9,1,0,0
21,subtract,7,1,1,1,6,6
21,subtract,7,2,2,1,5,5
21,subtract,7,3,3,1,4,4
21,subtract,7,4,4,1,3,3
21,subtract,7,5,5,1,2,2
21,subtract,7,6,6,1,1,1
21,subtract,7,7,7,1,0,0
21,subtract,7,8,8,1,0,0
21,subtract,7,9,9,1,0,0
21,subtract,8,1,1,1,7,7
21,subtract,8,2,2,1,6,6
21,subtract,8,3,3,1,5,5
21,subtract,8,4,4,1,4,4
21,subtract,8,5,5,1,3,3
21,subtract,8,6,6,1,2,2
21,subtract,8,7,7,1,1,1
21,subtract,8,8,8,1,0,0
21,subtract,8,9,9,1,0,0
21,subtract,9,1,1,1,8,8
21,subtract,9,2,2,1,7,7
21,subtract,9,3,3,1,6,6
21,subtract,9,4,4,1,5,5
21,subtract,9,5,5,1,4,4
21,subtract,9,6,6,1,3,3
21,subtract,9,7,7,1,2,2
21,subtract,9,8,8,1,1,1
21,subtract,9,9,9,1,0,0
21,multiply,1,1,1,1,1,1
21,multiply,1,2,2,1,2,2
21,multiply,1,3,3,1,3,3
21,multiply,1,4,4,1,4,4
21,multiply,1,5,5,1,5,5
21,multiply,1,6,6,1,6,6
21,multiply,1,7,7,1,7,7
21,multiply,1,8,8,1,8,8
21,multiply,1,9,9,1,9,9
21,multiply,2,1,2,1,2,2
21,multiply,2,2,4,1,4,4
21,multiply,2,3,6,1,6,6
21,multiply,2,4,8,1,8,8
21,multiply,2,5,10,1,10,10
21,multiply,2,6,12,1,12,12
21,multiply,2,7,14,1,14,14
21,multiply,2,8,16,1,16,16
21,multiply,2,9,18,1,18,18
21,multiply,3,1,3,1,3,3
21,multiply,3,2,6,1,6,6
21,multiply,3,3,9,1,9,9
21,multiply,3,4,12,1,12,12
21,multiply,3,5,15,1,15,15
21,multiply,3,6,18,1,18,18
21,multiply,3,7,21,1,21,21
21,multiply,3,8,24,1,24,24
21,multiply,3,9,27,1,27,27
21,multiply,4,1,4,1,4,4
21,multiply,4,2,8,1,8,8
21,multiply,4,3,12,1,12,12
21,multiply,4,4,16,1,16,16
21,multiply,4,5,20,1,20,20
21,multiply,4,6,24,1,24,24
21,multiply,4,7,28,1,28,28
21,multiply,4,8,32,1,32,32
21,multiply,4,9,36,1,36,36
21,multiply,5,1,5,1,5,5
21,multiply,5,2,10,1,10,10
21,multiply,5,3,15,1,15,15
21,multiply,5,4,20,1,20,20
21,multiply,5,5,25,1,25,25
21,multiply,5,6,30,1,30,30
21,multiply,5,7,35,1,35,35
21,multiply,5,8,40,1,40,40
21,multiply,5,9,45,1,45,45
21,multiply,6,1,6,1,6,6
21,multiply,6,2,12,1,12,12
21,multiply,6,3,18,1,18,18
21,multiply,6,4,24,1,24,24
21,multiply,6,5,30,1,30,30
21,multiply,6,6,36,1,36,36
21,multiply,6,7,42,1,42,42
21,multiply,6,8,48,1,48,48
21,multiply,6,9,54,1,54,54
21,multiply,7,1,7,1,7,7
21,multiply,7,2,14,1,14,14
21,multiply,7,3,21,1,21,21
21,multiply,7,4,28,1,28,28
21,multiply,7,5,35,1,35,35
21,multiply,7,6,42,1,42,42
21,multiply,7,7,49,1,49,49
21,multiply,7,8,56,1,56,56
21,multiply,7,9,63,1,63,63
21,multiply,8,1,8,1,8,8
21,multiply,8,2,16,1,16,16
21,multiply,8,3,24,1,24,24
21,multiply,8,4,32,1,32,32
21,multiply,8,5,40,1,40,40
21,multiply,8,6,48,1,48,48
21,multiply,8,7,56,1,56,56
21,multiply,8,8,64,1,64,64
21,multiply,8,9,72,1,72,72
21,multiply,9,1,9,1,9,9
21,multiply,9,2,18,1,18,18
21,multiply,9,3,27,1,27,27
21,multiply,9,4,36,1,36,36
21,multiply,9,5,45,1,45,45
21,multiply,9,6,54,1,54,54
21,multiply,9,7,63,1,63,63
21,multiply,9,8,72,1,72,72
21,multiply,9,9,81,1,81,81
21,divide,1,1,1,1,1,1
21,divide,1,2,0,1,0,0
21,divide,1,3,0,1,0,0
21,divide,1,4,0,1,0,0
21,divide,1,5,0,1,0,0
21,divide,1,6,0,1,0,0
21,divide,1,7,0,1,0,0
21,divide,1,8,0,1,0,0
21,divide,1,9,0,1,0,0
21,divide,2,1,2,1,2,2
21,divide,2,2,2,1,1,1
21,divide,2,3,0,1,0,0
21,divide,2,4,0,1,0,0
21,divide,2,5,0,1,0,0
21,divide,2,6,0,1,0,0
21,divide,2,7,0,1,0,0
21,divide,2,8,0,1,0,0
21,divide,2,9,0,1,0,0
21,divide,3,1,3,1,3,3
21,divide,3,2,2,1,1,1
21,divide,3,3,3,1,1,1
21,divide,3,4,0,1,0,0
21,divide,3,5,0,1,0,0
21,divide,3,6,0,1,0,0
21,divide,3,7,0,1,0,0
21,divide,3,8,0,1,0,0
21,divide,3,9,0,1,0,0
21,divide,4,1,4,1,4,4
21,divide,4,2,4,1,2,2
21,divide,4,3,3,1,1,1
21,divide,4,4,4,1,1,1
21,divide,4,5,0,1,0,0
21,divide,4,6,0,1,0,0
21,divide,4,7,0,1,0,0
21,divide,4,8,0,1,0,0
21,divide,4,9,0,1,0,0
21,divide,5,1,5,1,5,5
21,divide,5,2,4,1,2,2
21,divide,5,3,3,1,1,1
21,divide,5,4,4,1,1,1
21,divide,5,5,5,1,1,1
21,divide,5,6,0,1,0,0
21,divide,5,7,0,1,0,0
21,divide,5,8,0,1,0,0
21,divide,5,9,0,1,0,0
21,divide,6,1,6,1,6,6
21,divide,6,2,6,1,3,3
21,divide,6,3,6,1,2,2
21,divide,6,4,4,1,1,1
21,divide,6,5,5,1,1,1
21,divide,6,6,6,1,1,1
21,divide,6,7,0,1,0,0
21,divide,6,8,0,1,0,0
21,divide,6,9,0,1,0,0
21,divide,7,1,7,1,7,7
21,divide,7,2,6,1,3,3
21,divide,7,3,6,1,2,2
21,divide,7,4,4,1,1,1
21,divide,7,5,5,1,1,1
21,divide,7,6,6,1,1,1
21,divide,7,7,7,1,1,1
21,divide,7,8,0,1,0,0
21,divide,7,9,0,1,0,0
21,divide,8,1,8,1,8,8
21,divide,8,2,8,1,4,4
21,divide,8,3,6,1,2,2
21,divide,8,4,8,1,2,2
21,divide,8,5,5,1,1,1
21,divide,8,6,6,1,1,1
21,divide,8,7,7,1,1,1
21,divide,8,8,8,1,1,1
21,divide,8,9,0,1,0,0
21,divide,9,1,9,1,9,9
21,divide,9,2,8,1,4,4
21,divide,9,3,9,1,3,3
21,divide,9,4,8,1,2,2
21,divide,9,5,5,1,1,1
21,divide,9,6,6,1,1,1
21,divide,9,7,7,1,1,1
21,divide,9,8,8,1,1,1
21,divide,9,9,9,1,1,1
25,add,1,1,1,1,2,2
25,add,1,2,2,1,3,3
25,add,1,3,3,1,4,4
25,add,1,4,4,1,5,5
25,add,1,5,5,1,6,6
25,add,1,6,6,1,7,7
25,add,1,7,7,1,8,8
25,add,1,8,8,1,9,9
25,add,1,9,9,1,10,10
25,add,2,1,1,1,3,3
25,add,2,2,2,1,4,4
25,add,2,3,3,1,5,5
25,add,2,4,4,1,6,6
25,add,2,5,5,1,7,7
25,add,2,6,6,1,8,8
25,add,2,7,7,1,9,9
25,add,2,8,8,1,10,10
25,add,2,9,9,1,11,11
25,add,3,1,1,1,4,4
25,add,3,2,2,1,5,5
25,add,3,3,3,1,6,6
25,add,3,4,4,1,7,7
25,add,3,5,5,1,8,8
25,add,3,6,6,1,9,9
25,add,3,7,7,1,10,10
25,add,3,8,8,1,11,11
25,add,3,9,9,1,12,12
25,add,4,1,1,1,5,5
25,add,4,2,2,1,6,6
25,add,4,3,3,1,7,7
25,add,4,4,4,1,8,8
25,add,4,5,5,1,9,9
25,add,4,6,6,1,10,10
25,add,4,7,7,1,11,11
25,add,4,8,8,1,12,12
25,add,4,9,9,1,13,13
25,add,5,1,1,1,6,6
25,add,5,2,2,1,7,7
25,add,5,3,3,1,8,8
25,add,5,4,4,1,9,9
25,add,5,5,5,1,10,10
25,add,5,6,6,1,11,11
25,add,5,7,7,1,12,12
25,add,5,8,8,1,13,13
25,add,5,9,9,1,14,14
25,add,6,1,1,1,7,7
25,add,6,2,2,1,8,8
25,add,6,3,3,1,9,9
25,add,6,4,4,1,10,10
25,add,6,5,5,1,11,11
25,add,6,6,6,1,12,12
25,add,6,7,7,1,13,13
25,add,6,8,8,1,14,14
25,add,6,9,9,1,15,15
25,add,7,1,1,1,8,8
25,add,7,2,2,1,9,9
25,add,7,3,3,1,10,10
25,add,7,4,4,1,11,11
25,add,7,5,5,1,12,12
25,add,7,6,6,1,13,13
25,add,7,7,7,1,14,14
25,add,7,8,8,1,15,15
25,add,7,9,9,1,16,16
25,add,8,1,1,1,9,9
25,add,8,2,2,1,10,10
25,add,8,3,3,1,11,11
25,add,8,4,4,1,12,12
25,add,8,5,5,1,13,13
25,add,8,6,6,1,14,14
25,add,8,7,7,1,15,15
25,add,8,8,8,1,16,16
25,add,8,9,9,1,17,17
25,add,9,1,1,1,10,10
25,add,9,2,2,1,11,11
25,add,9,3,3,1,12,12
25,add,9,4,4,1,13,13
25,add,9,5,5,1,14,14
25,add,9,6,6,1,15,15
25,add,9,7,7,1,16,16
25,add,9,8,8,1,17,17
25,add,9,9,9,1,18,18
25,subtract,1,1,1,1,0,0
25,subtract,1,2,2,1,0,0
25,subtract,1,3,3,1,0,0
25,subtract,1,4,4,1,0,0
25,subtract,1,5,5,1,0,0
25,subtract,1,6,6,1,0,0
25,subtract,1,7,7,1,0,0
25,subtract,1,8,8,1,0,0
25,subtract,1,9,9,1,0,0
25,subtract,2,1,1,1,1,1
25,subtract,2,2,2,1,0,0
25,subtract,2,3,3,1,0,0
25,subtract,2,4,4,1,0,0
25,subtract,2,5,5,1,0,0
25,subtract,2,6,6,1,0,0
25,subtract,2,7,7,1,0,0
25,subtract,2,8,8,1,0,0
25,subtract,2,9,9,1,0,0
25,subtract,3,1,1,1,2,2
25,subtract,3,2,2,1,1,1
25,subtract,3,3,3,1,0,0
25,subtract,3,4,4,1,0,0
25,subtract,3,5,5,1,0,0
25,subtract,3,6,6,1,0,0
25,subtract,3,7,7,1,0,0
25,subtract,3,8,8,1,0,0
25,subtract,3,9,9,1,0,0
25,subtract,4,1,1,1,3,3
25,subtract,4,2,2,1,2,2
25,subtract,4,3,3,1,1,1
25,subtract,4,4,4,1,0,0
25,subtract,4,5,5,1,0,0
25,subtract,4,6,6,1,0,0
25,subtract,4,7,7,1,0,0
25,subtract,4,8,8,1,0,0
25,subtract,4,9,9,1,0,0
25,subtract,5,1,1,1,4,4
25,subtract,5,2,2,1,3,3
25,subtract,5,3,3,1,2,2
25,subtract,5,4,4,1,1,1
25,subtract,5,5,5,1,0,0
25,subtract,5,6,6,1,0,0
25,subtract,5,7,7,1,0,0
25,subtract,5,8,8,1,0,0
25,subtract,5,9,9,1,0,0
25,subtract,6,1,1,1,5,5
25,subtract,6,2,2,1,4,4
25,subtract,6,3,3,1,3,3
25,subtract,6,4,4,1,2,2
25,subtract,6,5,5,1,1,1
25,subtract,6,6,6,1,0,0
25,subtract,6,7,7,1,0,0
25,subtract,6,8,8,1,0,0
25,subtract,6,9,9,1,0,0
25,subtract,7,1,1,1,6,6
25,subtract,7,2,2,1,5,5
25,subtract,7,3,3,1,4,4
25,subtract,7,4,4,1,3,3
25,subtract,7,5,5,1,2,2
25,subtract,7,6,6,1,1,1
25,subtract,7,7,7,1,0,0
25,subtract,7,8,8,1,0,0
25,subtract,7,9,9,1,0,0
25,subtract,8,1,1,1,7,7
25,subtract,8,2,2,1,6,6
25,subtract,8,3,3,1,5,5
25,subtract,8,4,4,1,4,4
25,subtract,8,5,5,1,3,3
25,subtract,8,6,6,1,2,2
25,subtract,8,7,7,1,1,1
25,subtract,8,8,8,1,0,0
25,subtract,8,9,9,1,0,0
25,subtract,9,1,1,1,8,8
25,subtract,9,2,2,1,7,7
25,subtract,9,3,3,1,6,6
25,subtract,9,4,4,1,5,5
25,subtract,9,5,5,1,4,4
25,subtract,9,6,6,1,3,3
25,subtract,9,7,7,1,2,2
25,subtract,9,8,8,1,1,1
25,subtract,9,9,9,1,0,0
25,multiply,1,1,1,1,1,1
25,multiply,1,2,2,1,2,2
25,multiply,1,3,3,1,3,3
25,multiply,1,4,4,1,4,4
25,multiply,1,5,5,1,5,5
25,multiply,1,6,6,1,6,6
25,multiply,1,7,7,1,7,7
25,multiply,1,8,8,1,8,8
25,multiply,1,9,9,1,9,9
25,multiply,2,1,2,1,2,2
25,multiply,2,2,4,1,4,4
25,multiply,2,3,6,1,6,6
25,multiply,2,4,8,1,8,8
25,multiply,2,5,10,1,10,10
25,multiply,2,6,12,1,12,12
25,multiply,2,7,14,1,14,14
25,multiply,2,8,16,1,16,16
25,multiply,2,9,18,1,18,18
25,multiply,3,1,3,1,3,3
25,multiply,3,2,6,1,6,6
25,multiply,3,3,9,1,9,9
25,multiply,3,4,12,1,12,12
25,multiply,3,5,15,1,15,15
25,multiply,3,6,18,1,18,18
25,multiply,3,7,21,1,21,21
25,multiply,3,8,24,1,24,24
25,multiply,3,9,27,1,27,27
25,multiply,4,1,4,1,4,4
25,multiply,4,2,8,1,8,8
25,multiply,4,3,12,1,12,12
25,multiply,4,4,16,1,16,16
25,multiply,4,5,20,1,20,20
25,multiply,4,6,24,1,24,24
25,multiply,4,7,28,1,28,28
25,multiply,4,8,32,1,32,32
25,multiply,4,9,36,1,36,36
25,multiply,5,1,5,1,5,5
25,multiply,5,2,10,1,10,10
25,multiply,5,3,15,1,15,15
25,multiply,5,4,20,1,20,20
25,multiply,5,5,25,1,25,25
25,multiply,5,6,30,1,30,30
25,multiply,5,7,35,1,35,35
25,multiply,5,8,40,1,40,40
25,multiply,5,9,45,1,45,45
25,multiply,6,1,6,1,6,6
25,multiply,6,2,12,1,12,12
25,multiply,6,3,18,1,18,18
25,multiply,6,4,24,1,24,24
25,multiply,6,5,30,1,30,30
25,multiply,6,6,36,1,36,36
25,multiply,6,7,42,1,42,42
25,multiply,6,8,48,1,48,48
25,multiply,6,9,54,1,54,54
25,multiply,7,1,7,1,7,7
25,multiply,7,2,14,1,14,14
25,multiply,7,3,21,1,21,21
25,multiply,7,4,28,1,28,28
25,multiply,7,5,35,1,35,35
25,multiply,7,6,42,1,42,42
25,multiply,7,7,49,1,49,49
25,multiply,7,8,56,1,56,56
25,multiply,7,9,63,1,63,63
25,multiply,8,1,8,1,8,8
25,multiply,8,2,16,1,16,16
25,multiply,8,3,24,1,24,24
25,multiply,8,4,32,1,32,32
25,multiply,8,5,40,1,40,40
25,multiply,8,6,48,1,48,48
25,multiply,8,7,56,1,56,56
25,multiply,8,8,64,1,64,64
25,multiply,8,9,72,1,72,72
25,multiply,9,1,9,1,9,9
25,multiply,9,2,18,1,18,18
25,multiply,9,3,27,1,27,27
25,multiply,9,4,36,1,36,36
25,multiply,9,5,45,1,45,45
25,multiply,9,6,54,1,54,54
25,multiply,9,7,63,1,63,63
25,multiply,9,8,72,1,72,72
25,multiply,9,9,81,1,81,81
25,divide,1,1,1,1,1,1
25,divide,1,2,0,1,0,0
25,divide,1,3,0,1,0,0
25,divide,1,4,0,1,0,0
25,divide,1,5,0,1,0,0
25,divide,1,6,0,1,0,0
25,divide,1,7,0,1,0,0
25,divide,1,8,0,1,0,0
25,divide,1,9,0,1,0,0
25,divide,2,1,2,1,2,2
25,divide,2,2,2,1,1,1
25,divide,2,3,0,1,0,0
25,divide,2,4,0,1,0,0
25,divide,2,5,0,1,0,0
25,divide,2,6,0,1,0,0
25,divide,2,7,0,1,0,0
25,divide,2,8,0,1,0,0
25,divide,2,9,0,1,0,0
25,divide,3,1,3,1,3,3
25,divide,3,2,2,1,1,1
25,divide,3,3,3,1,1,1
25,divide,3,4,0,1,0,0
25,divide,3,5,0,1,0,0
25,divide,3,6,0,1,0,0
25,divide,3,7,0,1,0,0
25,divide,3,8,0,1,0,0
25,divide,3,9,0,1,0,0
25,divide,4,1,4,1,4,4
25,divide,4,2,4,1,2,2
25,divide,4,3,3,1,1,1
25,divide,4,4,4,1,1,1
25,divide,4,5,0,1,0,0
25,divide,4,6,0,1,0,0
25,divide,4,7,0,1,0,0
25,divide,4,8,0,1,0,0
25,divide,4,9,0,1,0,0
25,divide,5,1,5,1,5,5
25,divide,5,2,4,1,2,2
25,divide,5,3,3,1,1,1
25,divide,5,4,4,1,1,1
25,divide,5,5,5,1,1,1
25,divide,5,6,0,1,0,0
25,divide,5,7,0,1,0,0
25,divide,5,8,0,1,0,0
25,divide,5,9,0,1,0,0
25,divide,6,1,6,1,6,6
25,divide,6,2,6,1,3,3
25,divide,6,3,6,1,2,2
25,divide,6,4,4,1,1,1
25,divide,6,5,5,1,1,1
25,divide,6,6,6,1,1,1
25,divide,6,7,0,1,0,0
25,divide,6,8,0,1,0,0
25,divide,6,9,0,1,0,0
25,divide,7,1,7,1,7,7
25,divide,7,2,6,1,3,3
25,divide,7,3,6,1,2,2
25,divide,7,4,4,1,1,1
25,divide,7,5,5,1,1,1
25,divide,7,6,6,1,1,1
25,divide,7,7,7,1,1,1
25,divide,7,8,0,1,0,0
25,divide,7,9,0,1,0,0
25,divide,8,1,8,1,8,8
25,divide,8,2,8,1,4,4
25,divide,8,3,6,1,2,2
25,divide,8,4,8,1,2,2
25,divide,8,5,5,1,1,1
25,divide,8,6,6,1,1,1
25,divide,8,7,7,1,1,1
25,divide,8,8,8,1,1,1
25,divide,8,9,0,1,0,0
25,divide,9,1,9,1,9,9
25,divide,9,2,8,1,4,4
25,divide,9,3,9,1,3,3
25,divide,9,4,8,1,2,2
25,divide,9,5,5,1,1,1
25,divide,9,6,6,1,1,1
25,divide,9,7,7,1,1,1
25,divide,9,8,8,1,1,1
25,divide,9,9,9,1,1,1
34,add,1,1,1,1,2,2
34,add,1,2,2,1,3,3
34,add,1,3,3,1,4,4
34,add,1,4,4,1,5,5
34,add,1,5,5,1,6,6
34,add,1,6,6,1,7,7
34,add,1,7,7,1,8,8
34,add,1,8,8,1,9,9
34,add,1,9,9,1,10,10
34,add,2,1,1,1,3,3
34,add,2,2,2,1,4,4
34,add,2,3,3,1,5,5
34,add,2,4,4,1,6,6
34,add,2,5,5,1,7,7
34,add,2,6,6,1,8,8
34,add,2,7,7,1,9,9
34,add,2,8,8,1,10,10
34,add,2,9,9,1,11,11
34,add,3,1,1,1,4,4
34,add,3,2,2,1,5,5
34,add,3,3,3,1,6,6
34,add,3,4,4,1,7,7
34,add,3,5,5,1,8,8
34,add,3,6,6,1,9,9
34,add,3,7,7,1,10,10
34,add,3,8,8,1,11,11
34,add,3,9,9,1,12,12
34,add,4,1,1,1,5,5
34,add,4,2,2,1,6,6
34,add,4,3,3,1,7,7
34,add,4,4,4,1,8,8
34,add,4,5,5,1,9,9
34,add,4,6,6,1,10,10
34,add,4,7,7,1,11,11
34,add,4,8,8,1,12,12
34,add,4,9,9,1,13,13
34,add,5,1,1,1,6,6
34,add,5,2,2,1,7,7
34,add,5,3,3,1,8,8
34,add,5,4,4,1,9,9
34,add,5,5,5,1,10,10
34,add,5,6,6,1,11,11
34,add,5,7,7,1,12,12
34,add,5,8,8,1,13,13
34,add,5,9,9,1,14,14
34,add,6,1,1,1,7,7
34,add,6,2,2,1,8,8
34,add,6,3,3,1,9,9
34,add,6,4,4,1,10,10
34,add,6,5,5,1,11,11
34,add,6,6,6,1,12,12
34,add,6,7,7,1,13,13
34,add,6,8,8,1,14,14
34,add,6,9,9,1,15,15
34,add,7,1,1,1,8,8
34,add,7,2,2,1,9,9
34,add,7,3,3,1,10,10
34,add,7,4,4,1,11,11
34,add,7,5,5,1,12,12
34,add,7,6,6,1,13,13
34,add,7,7,7,1,14,14
34,add,7,8,8,1,15,15
34,add,7,9,9,1,16,16
34,add,8,1,1,1,9,9
34,add,8,2,2,1,10,10
34,add,8,3,3,1,11,11
34,add,8,4,4,1,12,12
34,add,8,5,5,1,13,13
34,add,8,6,6,1,14,14
34,add,8,7,7,1,15,15
34,add,8,8,8,1,16,16
34,add,8,9,9,1,17,17
34,add,9,1,1,1,10,10
34,add,9,2,2,1,11,11
34,add,9,3,3,1,12,12
34,add,9,4,4,1,13,13
34,add,9,5,5,1,14,14
34,add,9,6,6,1,15,15
34,add,9,7,7,1,16,16
34,add,9,8,8,1,17,17
34,add,9,9,9,1,18,18
34,subtract,1,1,1,1,0,0
34,subtract,1,2,2,1,0,0
34,subtract,1,3,3,1,0,0
34,subtract,1,4,4,1,0,0
34,subtract,1,5,5,1,0,0
34,subtract,1,6,6,1,0,0
34,subtract,1,7,7,1,0,0
34,subtract,1,8,8,1,0,0
34,subtract,1,9,9,1,0,0
34,subtract,2,1,1,1,1,1
34,subtract,2,2,2,1,0,0
34,subtract,2,3,3,1,0,0
34,subtract,2,4,4,1,0,0
34,subtract,2,5,5,1,0,0
34,subtract,2,6,6,1,0,0
34,subtract,2,7,7,1,0,0
34,subtract,2,8,8,1,0,0
34,subtract,2,9,9,1,0,0
34,subtract,3,1,1,1,2,2
34,subtract,3,2,2,1,1,1
34,subtract,3,3,3,1,0,0
34,subtract,3,4,4,1,0,0
34,subtract,3,5,5,1,0,0
34,subtract,3,6,6,1,0,0
34,subtract,3,7,7,1,0,0
34,subtract,3,8,8,1,0,0
34,subtract,3,9,9,1,0,0
34,subtract,4,1,1,1,3,3
34,subtract,4,2,2,1,2,2
34,subtract,4,3,3,1,1,1
34,subtract,4,4,4,1,0,0
34,subtract,4,5,5,1,0,0
34,subtract,4,6,6,1,0,0
34,subtract,4,7,7,1,0,0
34,subtract,4,8,8,1,0,0
34,subtract,4,9,9,1,0,0
34,subtract,5,1,1,1,4,4
34,subtract,5,2,2,1,3,3
34,subtract,5,3,3,1,2,2
34,subtract,5,4,4,1,1,1
34,subtract,5,5,5,1,0,0
34,subtract,5,6,6,1,0,0
34,subtract,5,7,7,1,0,0
34,subtract,5,8,8,1,0,0
34,subtract,5,9,9,1,0,0
34,subtract,6,1,1,1,5,5
34,subtract,6,2,2,1,4,4
34,subtract,6,3,3,1,3,3
34,subtract,6,4,4,1,2,2
34,subtract,6,5,5,1,1,1
34,subtract,6,6,6,1,0,0
34,subtract,6,7,7,1,0,0
34,subtract,6,8,8,1,0,0
34,subtract,6,9,9,1,0,0
34,subtract,7,1,1,1,6,6
34,subtract,7,2,2,1,5,5
34,subtract,7,3,3,1,4,4
34,subtract,7,4,4,1,3,3
34,subtract,7,5,5,1,2,2
34,subtract,7,6,6,1,1,1
34,subtract,7,7,7,1,0,0
34,subtract,7,8,8,1,0,0
34,subtract,7,9,9,1,0,0
34,subtract,8,1,1,1,7,7
34,subtract,8,2,2,1,6,6
34,subtract,8,3,3,1,5,5
34,subtract,8,4,4,1,4,4
34,subtract,8,5,5,1,3,3
34,subtract,8,6,6,1,2,2
34,subtract,8,7,7,1,1,1
34,subtract,8,8,8,1,0,0
34,subtract,8,9,9,1,0,0
34,subtract,9,1,1,1,8,8
34,subtract,9,2,2,1,7,7
34,subtract,9,3,3,1,6,6
34,subtract,9,4,4,1,5,5
34,subtract,9,5,5,1,4,4
34,subtract,9,6,6,1,3,3
34,subtract,9,7,7,1,2,2
34,subtract,9,8,8,1,1,1
34,subtract,9,9,9,1,0,0
34,multiply,1,1,1,1,1,1
34,multiply,1,2,2,1,2,2
34,multiply,1,3,3,1,3,3
34,multiply,1,4,4,1,4,4
34,multiply,1,5,5,1,5,5
34,multiply,1,6,6,1,6,6
34,multiply,1,7,7,1,7,7
34,multiply,1,8,8,1,8,8
34,multiply,1,9,9,1,9,9
34,multiply,2,1,2,1,2,2
34,multiply,2,2,4,1,4,4
34,multiply,2,3,6,1,6,6
34,multiply,2,4,8,1,8,8
34,multiply,2,5,10,1,10,10
34,multiply,2,6,12,1,12,12
34,multiply,2,7,14,1,14,14
34,multiply,2,8,16,1,16,16
34,multiply,2,9,18,1,18,18
34,multiply,3,1,3,1,3,3
34,multiply,3,2,6,1,6,6
34,multiply,3,3,9,1,9,9
34,multiply,3,4,12,1,12,12
34,multiply,3,5,15,1,15,15
34,multiply,3,6,18,1,18,18
34,multiply,3,7,21,1,21,21
34,multiply,3,8,24,1,24,24
34,multiply,3,9,27,1,27,27
34,multiply,4,1,4,1,4,4
34,multiply,4,2,8,1,8,8
34,multiply,4,3,12,1,12,12
34,multiply,4,4,16,1,16,16
34,multiply,4,5,20,1,20,20
34,multiply,4,6,24,1,24,24
34,multiply,4,7,28,1,28,28
34,multiply,4,8,32,1,32,32
34,multiply,4,9,36,1,36,36
34,multiply,5,1,5,1,5,5
34,multiply,5,2,10,1,10,10
34,multiply,5,3,15,1,15,15
34,multiply,5,4,20,1,20,20
34,multiply,5,5,25,1,25,25
34,multiply,5,6,30,1,30,30
34,multiply,5,7,35,1,35,35
34,multiply,5,8,40,1,40,40
34,multiply,5,9,45,1,45,45
34,multiply,6,1,6,1,6,6
34,multiply,6,2,12,1,12,12
34,multiply,6,3,18,1,18,18
34,multiply,6,4,24,1,24,24
34,multiply,6,5,30,1,30,30
34,multiply,6,6,36,1,36,36
34,multiply,6,7,42,1,42,42
34,multiply,6,8,48,1,48,48
34,multiply,6,9,54,1,54,54
34,multiply,7,1,7,1,7,7
34,multiply,7,2,14,1,14,14
34,multiply,7,3,21,1,21,21
34,multiply,7,4,28,1,28,28
34,multiply,7,5,35,1,35,35
34,multiply,7,6,42,1,42,42
34,multiply,7,7,49,1,49,49
34,multiply,7,8,56,1,56,56
34,multiply,7,9,63,1,63,63
34,multiply,8,1,8,1,8,8
34,multiply,8,2,16,1,16,16
34,multiply,8,3,24,1,24,24
34,multiply,8,4,32,1,32,32
34,multiply,8,5,40,1,40,40
34,multiply,8,6,48,1,48,48
34,multiply,8,7,56,1,56,56
34,multiply,8,8,64,1,64,64
34,multiply,8,9,72,1,72,72
34,multiply,9,1,9,1,9,9
34,multiply,9,2,18,1,18,18
34,multiply,9,3,27,1,27,27
34,multiply,9,4,36,1,36,36
34,multiply,9,5,45,1,45,45
34,multiply,9,6,54,1,54,54
34,multiply,9,7,63,1,63,63
34,multiply,9,8,72,1,72,72
34,multiply,9,9,81,1,81,81
34,divide,1,1,1,1,1,1
34,divide,1,2,0,1,0,0
34,divide,1,3,0,1,0,0
34,divide,1,4,0,1,0,0
34,divide,1,5,0,1,0,0
34,divide,1,6,0,1,0,0
34,divide,1,7,0,1,0,0
34,divide,1,8,0,1,0,0
34,divide,1,9,0,1,0,0
34,divide,2,1,2,1,2,2
34,divide,2,2,2,1,1,1
34,divide,2,3,0,1,0,0
34,divide,2,4,0,1,0,0
34,divide,2,5,0,1,0,0
34,divide,2,6,0,1,0,0
34,divide,2,7,0,1,0,0
34,divide,2,8,0,1,0,0
34,divide,2,9,0,1,0,0
34,divide,3,1,3,1,3,3
34,divide,3,2,2,1,1,1
34,divide,3,3,3,1,1,1
34,divide,3,4,0,1,0,0
34,divide,3,5,0,1,0,0
34,divide,3,6,0,1,0,0
34,divide,3,7,0,1,0,0
34,divide,3,8,0,1,0,0
34,divide,3,9,0,1,0,0
34,divide,4,1,4,1,4,4
34,divide,4,2,4,1,2,2
34,divide,4,3,3,1,1,1
34,divide,4,4,4,1,1,1
34,divide,4,5,0,1,0,0
34,divide,4,6,0,1,0,0
34,divide,4,7,0,1,0,0
34,divide,4,8,0,1,0,0
34,divide,4,9,0,1,0,0
34,divide,5,1,5,1,5,5
34,divide,5,2,4,1,2,2
34,divide,5,3,3,1,1,1
34,divide,5,4,4,1,1,1
34,divide,5,5,5,1,1,1
34,divide,5,6,0,1,0,0
34,divide,5,7,0,1,0,0
34,divide,5,8,0,1,0,0
34,divide,5,9,0,1,0,0
34,divide,6,1,6,1,6,6
34,divide,6,2,6,1,3,3
34,divide,6,3,6,1,2,2
34,divide,6,4,4,1,1,1
34,divide,6,5,5,1,1,1
34,divide,6,6,6,1,1,1
34,divide,6,7,0,1,0,0
34,divide,6,8,0,1,0,0
34,divide,6,9,0,1,0,0
34,divide,7,1,7,1,7,7
34,divide,7,2,6,1,3,3
34,divide,7,3,6,1,2,2
34,divide,7,4,4,1,1,1
34,divide,7,5,5,1,1,1
34,divide,7,6,6,1,1,1
34,divide,7,7,7,1,1,1
34,divide,7,8,0,1,0,0
34,divide,7,9,0,1,0,0
34,divide,8,1,8,1,8,8
34,divide,8,2,8,1,4,4
34,divide,8,3,6,1,2,2
34,divide,8,4,8,1,2,2
34,divide,8,5,5,1,1,1
34,divide,8,6,6,1,1,1
34,divide,8,7,7,1,1,1
34,divide,8,8,8,1,1,1
34,divide,8,9,0,1,0,0
34,divide,9,1,9,1,9,9
34,divide,9,2,8,1,4,4
34,divide,9,3,9,1,3,3
34,divide,9,4,8,1,2,2
34,divide,9,5,5,1,1,1
34,divide,9,6,6,1,1,1
34,divide,9,7,7,1,1,1
34,divide,9,8,8,1,1,1
34,divide,9,9,9,1,1,1
43,add,1,1,1,1,2,2
43,add,1,2,2,1,3,3
43,add,1,3,3,1,4,4
43,add,1,4,4,1,5,5
43,add,1,5,5,1,6,6
43,add,1,6,6,1,7,7
43,add,1,7,7,1,8,8
43,add,1,8,8,1,9,9
43,add,1,9,9,1,10,10
43,add,2,1,1,1,3,3
43,add,2,2,2,1,4,4
43,add,2,3,3,1,5,5
43,add,2,4,4,1,6,6
43,add,2,5,5,1,7,7
43,add,2,6,6,1,8,8
43,add,2,7,7,1,9,9
43,add,2,8,8,1,10,10
43,add,2,9,9,1,11,11
43,add,3,1,1,1,4,4
43,add,3,2,2,1,5,5
43,add,3,3,3,1,6,6
43,add,3,4,4,1,7,7
43,add,3,5,5,1,8,8
43,add,3,6,6,1,9,9
43,add,3,7,7,1,10,10
43,add,3,8,8,1,11,11
43,add,3,9,9,1,12,12
43,add,4,1,1,1,5,5
43,add,4,2,2,1,6,6
43,add,4,3,3,1,7,7
43,add,4,4,4,1,8,8
43,add,4,5,5,1,9,9
43,add,4,6,6,1,10,10
43,add,4,7,7,1,11,11
43,add,4,8,8,1,12,12
43,add,4,9,9,1,13,13
43,add,5,1,1,1,6,6
43,add,5,2,2,1,7,7
43,add,5,3,3,1,8,8
43,add,5,4,4,1,9,9
43,add,5,5,5,1,10,10
43,add,5,6,6,1,11,11
43,add,5,7,7,1,12,12
43,add,5,8,8,1,13,13
43,add,5,9,9,1,14,14
43,add,6,1,1,1,7,7
43,add,6,2,2,1,8,8
43,add,6,3,3,1,9,9
43,add,6,4,4,1,10,10
43,add,6,5,5,1,11,11
43,add,6,6,6,1,12,12
43,add,6,7,7,1,13,13
43,add,6,8,8,1,14,14
43,add,6,9,9,1,15,15
43,add,7,1,1,1,8,8
43,add,7,2,2,1,9,9
43,add,7,3,3,1,10,10
43,add,7,4,4,1,11,11
43,add,7,5,5,1,12,12
43,add,7,6,6,1,13,13
43,add,7,7,7,1,14,14
43,add,7,8,8,1,15,15
43,add,7,9,9,1,16,16
43,add,8,1,1,1,9,9
43,add,8,2,2,1,10,10
43,add,8,3,3,1,11,11
43,add,8,4,4,1,12,12
43,add,8,5,5,1,13,13
43,add,8,6,6,1,14,14
43,add,8,7,7,1,15,15
43,add,8,8,8,1,16,16
43,add,8,9,9,1,17,17
43,add,9,1,1,1,10,10
43,add,9,2,2,1,11,11
43,add,9,3,3,1,12,12
43,add,9,4,4,1,13,13
43,add,9,5,5,1,14,14
43,add,9,6,6,1,15,15
43,add,9,7,7,1,16,16
43,add,9,8,8,1,17,17
43,add,9,9,9,1,18,18
43,subtract,1,1,1,1,0,0
43,subtract,1,2,2,1,0,0
43,subtract,1,3,3,1,0,0
43,subtract,1,4,4,1,0,0
43,subtract,1,5,5,1,0,0
43,subtract,1,6,6,1,0,0
43,subtract,1,7,7,1,0,0
43,subtract,1,8,8,1,0,0
43,subtract,1,9,9,1,0,0
43,subtract,2,1,1,1,1,1
43,subtract,2,2,2,1,0,0
43,subtract,2,3,3,1,0,0
43,subtract,2,4,4,1,0,0
43,subtract,2,5,5,1,0,0
43,subtract,2,6,6,1,0,0
43,subtract,2,7,7,1,0,0
43,subtract,2,8,8,1,0,0
43,subtract,2,9,9,1,0,0
43,subtract,3,1,1,1,2,2
43,subtract,3,2,2,1,1,1
43,subtract,3,3,3,1,0,0
43,subtract,3,4,4,1,0,0
43,subtract,3,5,5,1,0,0
43,subtract,3,6,6,1,0,0
43,subtract,3,7,7,1,0,0
43,subtract,3,8,8,1,0,0
43,subtract,3,9,9,1,0,0
43,subtract,4,1,1,1,3,3
43,subtract,4,2,2,1,2,2
43,subtract,4,3,3,1,1,1
43,subtract,4,4,4,1,0,0
43,subtract,4,5,5,1,0,0
43,subtract,4,6,6,1,0,0
43,subtract,4,7,7,1,0,0
43,subtract,4,8,8,1,0,0
43,subtract,4,9,9,1,0,0
43,subtract,5,1,1,1,4,4
43,subtract,5,2,2,1,3,3
43,subtract,5,3,3,1,2,2
43,subtract,5,4,4,1,1,1
43,subtract,5,5,5,1,0,0
43,subtract,5,6,6,1,0,0
43,subtract,5,7,7,1,0,0
43,subtract,5,8,8,1,0,0
43,subtract,5,9,9,1,0,0
43,subtract,6,1,1,1,5,5
43,subtract,6,2,2,1,4,4
43,subtract,6,3,3,1,3,3
43,subtract,6,4,4,1,2,2
43,subtract,6,5,5,1,1,1
43,subtract,6,6,6,1,0,0
43,subtract,6,7,7,1,0,0
43,subtract,6,8,8,1,0,0
43,subtract,6,9,9,1,0,0
43,subtract,7,1,1,1,6,6
43,subtract,7,2,2,1,5,5
43,subtract,7,3,3,1,4,4
43,subtract,7,4,4,1,3,3
43,subtract,7,5,5,1,2,2
43,subtract,7,6,6,1,1,1
43,subtract,7,7,7,1,0,0
43,subtract,7,8,8,1,0,0
43,subtract,7,9,9,1,0,0
43,subtract,8,1,1,1,7,7
43,subtract,8,2,2,1,6,6
43,subtract,8,3,3,1,5,5
43,subtract,8,4,4,1,4,4
43,subtract,8,5,5,1,3,3
43,subtract,8,6,6,1,2,2
43,subtract,8,7,7,1,1,1
43,subtract,8,8,8,1,0,0
43,subtract,8,9,9,1,0,0
43,subtract,9,1,1,1,8,8
43,subtract,9,2,2,1,7,7
43,subtract,9,3,3,1,6,6
43,subtract,9,4,4,1,5,5
43,subtract,9,5,5,1,4,4
43,subtract,9,6,6,1,3,3
43,subtract,9,7,7,1,2,2
43,subtract,9,8,8,1,1,1
43,subtract,9,9,9,1,0,0
43,multiply,1,1,1,1,1,1
43,multiply,1,2,2,1,2,2
43,multiply,1,3,3,1,3,3
43,multiply,1,4,4,1,4,4
43,multiply,1,5,5,1,5,5
43,multiply,1,6,6,1,6,6
43,multiply,1,7,7,1,7,7
43,multiply,1,8,8,1,8,8
43,multiply,1,9,9,1,9,9
43,multiply,2,1,2,1,2,2
43,multiply,2,2,4,1,4,4
43,multiply,2,3,6,1,6,6
43,multiply,2,4,8,1,8,8
43,multiply,2,5,10,1,10,10
43,multiply,2,6,12,1,12,12
43,multiply,2,7,14,1,14,14
43,multiply,2,8,16,1,16,16
43,multiply,2,9,18,1,18,18
43,multiply,3,1,3,1,3,3
43,multiply,3,2,6,1,6,6
43,multiply,3,3,9,1,9,9
43,multiply,3,4,12,1,12,12
43,multiply,3,5,15,1,15,15
43,multiply,3,6,18,1,18,18
43,multiply,3,7,21,1,21,21
43,multiply,3,8,24,1,24,24
43,multiply,3,9,27,1,27,27
43,multiply,4,1,4,1,4,4
43,multiply,4,2,8,1,8,8
43,multiply,4,3,12,1,12,12
43,multiply,4,4,16,1,16,16
43,multiply,4,5,20,1,20,20
43,multiply,4,6,24,1,24,24
43,multiply,4,7,28,1,28,28
43,multiply,4,8,32,1,32,32
43,multiply,4,9,36,1,36,36
43,multiply,5,1,5,1,5,5
43,multiply,5,2,10,1,10,10
43,multiply,5,3,15,1,15,15
43,multiply,5,4,20,1,20,20
43,multiply,5,5,25,1,25,25
43,multiply,5,6,30,1,30,30
43,multiply,5,7,35,1,35,35
43,multiply,5,8,40,1,40,40
43,multiply,5,9,45,1,45,45
43,multiply,6,1,6,1,6,6
43,multiply,6,2,12,1,12,12
43,multiply,6,3,18,1,18,18
43,multiply,6,4,24,1,24,24
43,multiply,6,5,30,1,30,30
43,multiply,6,6,36,1,36,36
43,multiply,6,7,42,1,42,42
43,multiply,6,8,48,1,48,48
43,multiply,6,9,54,1,54,54
43,multiply,7,1,7,1,7,7
43,multiply,7,2,14,1,14,14
43,multiply,7,3,21,1,21,21
43,multiply,7,4,28,1,28,28
43,multiply,7,5,35,1,35,35
43,multiply,7,6,42,1,42,42
43,multiply,7,7,49,1,49,49
43,multiply,7,8,56,1,56,56
43,multiply,7,9,63,1,63,63
43,multiply,8,1,8,1,8,8
43,multiply,8,2,16,1,16,16
43,multiply,8,3,24,1,24,24
43,multiply,8,4,32,1,32,32
43,multiply,8,5,40,1,40,40
43,multiply,8,6,48,1,48,48
43,multiply,8,7,56,1,56,56
43,multiply,8,8,64,1,64,64
43,multiply,8,9,72,1,72,72
43,multiply,9,1,9,1,9,9
43,multiply,9,2,18,1,18,18
43,multiply,9,3,27,1,27,27
43,multiply,9,4,36,1,36,36
43,multiply,9,5,45,1,45,45
43,multiply,9,6,54,1,54,54
43,multiply,9,7,63,1,63,63
43,multiply,9,8,72,1,72,72
43,multiply,9,9,81,1,81,81
43,divide,1,1,1,1,1,1
43,divide,1,2,0,1,0,0
43,divide,1,3,0,1,0,0
43,divide,1,4,0,1,0,0
43,divide,1,5,0,1,0,0
43,divide,1,6,0,1,0,0
43,divide,1,7,0,1,0,0
43,divide,1,8,0,1,0,0
43,divide,1,9,0,1,0,0
43,divide,2,1,2,1,2,2
43,divide,2,2,2,1,1,1
43,divide,2,3,0,1,0,0
43,divide,2,4,0,1,0,0
43,divide,2,5,0,1,0,0
43,divide,2,6,0,1,0,0
43,divide,2,7,0,1,0,0
43,divide,2,8,0,1,0,0
43,divide,2,9,0,1,0,0
43,divide,3,1,3,1,3,3
43,divide,3,2,2,1,1,1
43,divide,3,3,3,1,1,1
43,divide,3,4,0,1,0,0
43,divide,3,5,0,1,0,0
43,divide,3,6,0,1,0,0
43,divide,3,7,0,1,0,0
43,divide,3,8,0,1,0,0
43,divide,3,9,0,1,0,0
43,divide,4,1,4,1,4,4
43,divide,4,2,4,1,2,2
43,divide,4,3,3,1,1,1
43,divide,4,4,4,1,1,1
43,divide,4,5,0,1,0,0
43,divide,4,6,0,1,0,0
43,divide,4,7,0,1,0,0
43,divide,4,8,0,1,0,0
43,divide,4,9,0,1,0,0
43,divide,5,1,5,1,5,5
43,divide,5,2,4,1,2,2
43,divide,5,3,3,1,1,1
43,divide,5,4,4,1,1,1
43,divide,5,5,5,1,1,1
43,divide,5,6,0,1,0,0
43,divide,5,7,0,1,0,0
43,divide,5,8,0,1,0,0
43,divide,5,9,0,1,0,0
43,divide,6,1,6,1,6,6
43,divide,6,2,6,1,3,3
43,divide,6,3,6,1,2,2
43,divide,6,4,4,1,1,1
43,divide,6,5,5,1,1,1
43,divide,6,6,6,1,1,1
43,divide,6,7,0,1,0,0
43,divide,6,8,0,1,0,0
43,divide,6,9,0,1,0,0
43,divide,7,1,7,1,7,7
43,divide,7,2,6,1,3,3
43,divide,7,3,6,1,2,2
43,divide,7,4,4,1,1,1
43,divide,7,5,5,1,1,1
43,divide,7,6,6,1,1,1
43,divide,7,7,7,1,1,1
43,divide,7,8,0,1,0,0
43,divide,7,9,0,1,0,0
43,divide,8,1,8,1,8,8
43,divide,8,2,8,1,4,4
43,divide,8,3,6,1,2,2
43,divide,8,4,8,1,2,2
43,divide,8,5,5,1,1,1
43,divide,8,6,6,1,1,1
43,divide,8,7,7,1,1,1
43,divide,8,8,8,1,1,1
43,divide,8,9,0,1,0,0
43,divide,9,1,9,1,9,9
43,divide,9,2,8,1,4,4
43,divide,9,3,9,1,3,3
43,divide,9,4,8,1,2,2
43,divide,9,5,5,1,1,1
43,divide,9,6,6,1,1,1
43,divide,9,7,7,1,1,1
43,divide,9,8,8,1,1,1
43,divide,9,9,9,1,1,1
54,add,1,1,1,1,2,2
54,add,1,2,2,1,3,3
54,add,1,3,3,1,4,4
54,add,1,4,4,1,5,5
54,add,1,5,5,1,6,6
54,add,1,6,6,1,7,7
54,add,1,7,7,1,8,8
54,add,1,8,8,1,9,9
54,add,1,9,9,1,10,10
54,add,2,1,1,1,3,3
54,add,2,2,2,1,4,4
54,add,2,3,3,1,5,5
54,add,2,4,4,1,6,6
54,add,2,5,5,1,7,7
54,add,2,6,6,1,8,8
54,add,2,7,7,1,9,9
54,add,2,8,8,1,10,10
54,add,2,9,9,1,11,11
54,add,3,1,1,1,4,4
54,add,3,2,2,1,5,5
54,add,3,3,3,1,6,6
54,add,3,4,4,1,7,7
54,add,3,5,5,1,8,8
54,add,3,6,6,1,9,9
54,add,3,7,7,1,10,10
54,add,3,8,8,1,11,11
54,add,3,9,9,1,12,12
54,add,4,1,1,1,5,5
54,add,4,2,2,1,6,6
54,add,4,3,3,1,7,7
54,add,4,4,4,1,8,8
54,add,4,5,5,1,9,9
54,add,4,6,6,1,10,10
54,add,4,7,7,1,11,11
54,add,4,8,8,1,12,12
54,add,4,9,9,1,13,13
54,add,5,1,1,1,6,6
54,add,5,2,2,1,7,7
54,add,5,3,3,1,8,8
54,add,5,4,4,1,9,9
54,add,5,5,5,1,10,10
54,add,5,6,6,1,11,11
54,add,5,7,7,1,12,12
54,add,5,8,8,1,13,13
54,add,5,9,9,1,14,14
54,add,6,1,1,1,7,7
54,add,6,2,2,1,8,8
54,add,6,3,3,1,9,9
54,add,6,4,4,1,10,10
54,add,6,5,5,1,11,11
54,add,6,6,6,1,12,12
54,add,6,7,7,1,13,13
54,add,6,8,8,1,14,14
54,add,6,9,9,1,15,15
54,add,7,1,1,1,8,8
54,add,7,2,2,1,9,9
54,add,7,3,3,1,10,10
54,add,7,4,4,1,11,11
54,add,7,5,5,1,12,12
54,add,7,6,6,1,13,13
54,add,7,7,7,1,14,14
54,add,7,8,8,1,15,15
54,add,7,9,9,1,16,16
54,add,8,1,1,1,9,9
54,add,8,2,2,1,10,10
54,add,8,3,3,1,11,11
54,add,8,4,4,1,12,12
54,add,8,5,5,1,13,13
54,add,8,6,6,1,14,14
54,add,8,7,7,1,15,15
54,add,8,8,8,1,16,16
54,add,8,9,9,1,17,17
54,add,9,1,1,1,10,10
54,add,9,2,2,1,11,11
54,add,9,3,3,1,12,12
54,add,9,4,4,1,13,13
54,add,9,5,5,1,14,14
54,add,9,6,6,1,15,15
54,add,9,7,7,1,16,16
54,add,9,8,8,1,17,17
54,add,9,9,9,1,18,18
54,subtract,1,1,1,1,0,0
54,subtract,1,2,2,1,0,0
54,subtract,1,3,3,1,0,0
54,subtract,1,4,4,1,0,0
54,subtract,1,5,5,1,0,0
54,subtract,1,6,6,1,0,0
54,subtract,1,7,7,1,0,0
54,subtract,1,8,8,1,0,0
54,subtract,1,9,9,1,0,0
54,subtract,2,1,1,1,1,1
54,subtract,2,2,2,1,0,0
54,subtract,2,3,3,1,0,0
54,subtract,2,4,4,1,0,0
54,subtract,2,5,5,1,0,0
54,subtract,2,6,6,1,0,0
54,subtract,2,7,7,1,0,0
54,subtract,2,8,8,1,0,0
54,subtract,2,9,9,1,0,0
54,subtract,3,1,1,1,2,2
54,subtract,3,2,2,1,1,1
54,subtract,3,3,3,1,0,0
54,subtract,3,4,4,1,0,0
54,subtract,3,5,5,1,0,0
54,subtract,3,6,6,1,0,0
54,subtract,3,7,7,1,0,0
54,subtract,3,8,8,1,0,0
54,subtract,3,9,9,1,0,0
54,subtract,4,1,1,1,3,3
54,subtract,4,2,2,1,2,2
54,subtract,4,3,3,1,1,1
54,subtract,4,4,4,1,0,0
54,subtract,4,5,5,1,0,0
54,subtract,4,6,6,1,0,0
54,subtract,4,7,7,1,0,0
54,subtract,4,8,8,1,0,0
54,subtract,4,9,9,1,0,0
54,subtract,5,1,1,1,4,4
54,subtract,5,2,2,1,3,3
54,subtract,5,3,3,1,2,2
54,subtract,5,4,4,1,1,1
54,subtract,5,5,5,1,0,0
54,subtract,5,6,6,1,0,0
54,subtract,5,7,7,1,0,0
54,subtract,5,8,8,1,0,0
54,subtract,5,9,9,1,0,0
54,subtract,6,1,1,1,5,5
54,subtract,6,2,2,1,4,4
54,subtract,6,3,3,1,3,3
54,subtract,6,4,4,1,2,2
54,subtract,6,5,5,1,1,1
54,subtract,6,6,6,1,0,0
54,subtract,6,7,7,1,0,0
54,subtract,6,8,8,1,0,0
54,subtract,6,9,9,1,0,0
54,subtract,7,1,1,1,6,6
54,subtract,7,2,2,1,5,5
54,subtract,7,3,3,1,4,4
54,subtract,7,4,4,1,3,3
54,subtract,7,5,5,1,2,2
54,subtract,7,6,6,1,1,1
54,subtract,7,7,7,1,0,0
54,subtract,7,8,8,1,0,0
54,subtract,7,9,9,1,0,0
54,subtract,8,1,1,1,7,7
54,subtract,8,2,2,1,6,6
54,subtract,8,3,3,1,5,5
54,subtract,8,4,4,1,4,4
54,subtract,8,5,5,1,3,3
54,subtract,8,6,6,1,2,2
54,subtract,8,7,7,1,1,1
54,subtract,8,8,8,1,0,0
54,subtract,8,9,9,1,0,0
54,subtract,9,1,1,1,8,8
54,subtract,9,2,2,1,7,7
54,subtract,9,3,3,1,6,6
54,subtract,9,4,4,1,5,5
54,subtract,9,5,5,1,4,4
54,subtract,9,6,6,1,3,3
54,subtract,9,7,7,1,2,2
54,subtract,9,8,8,1,1,1
54,subtract,9,9,9,1,0,0
54,multiply,1,1,1,1,1,1
54,multiply,1,2,2,1,2,2
54,multiply,1,3,3,1,3,3
54,multiply,1,4,4,1,4,4
54,multiply,1,5,5,1,5,5
54,multiply,1,6,6,1,6,6
54,multiply,1,7,7,1,7,7
54,multiply,1,8,8,1,8,8
54,multiply,1,9,9,1,9,9
54,multiply,2,1,2,1,2,2
54,multiply,2,2,4,1,4,4
54,multiply,2,3,6,1,6,6
54,multiply,2,4,8,1,8,8
54,multiply,2,5,10,1,10,10
54,multiply,2,6,12,1,12,12
54,multiply,2,7,14,1,14,14
54,multiply,2,8,16,1,16,16
54,multiply,2,9,18,1,18,18
54,multiply,3,1,3,1,3,3
54,multiply,3,2,6,1,6,6
54,multiply,3,3,9,1,9,9
54,multiply,3,4,12,1,12,12
54,multiply,3,5,15,1,15,15
54,multiply,3,6,18,1,18,18
54,multiply,3,7,21,1,21,21
54,multiply,3,8,24,1,24,24
54,multiply,3,9,27,1,27,27
54,multiply,4,1,4,1,4,4
54,multiply,4,2,8,1,8,8
54,multiply,4,3,12,1,12,12
54,multiply,4,4,16,1,16,16
54,multiply,4,5,20,1,20,20
54,multiply,4,6,24,1,24,24
54,multiply,4,7,28,1,28,28
54,multiply,4,8,32,1,32,32
54,multiply,4,9,36,1,36,36
54,multiply,5,1,5,1,5,5
54,multiply,5,2,10,1,10,10
54,multiply,5,3,15,1,15,15
54,multiply,5,4,20,1,20,20
54,multiply,5,5,25,1,25,25
54,multiply,5,6,30,1,30,30
54,multiply,5,7,35,1,35,35
54,multiply,5,8,40,1,40,40
54,multiply,5,9,45,1,45,45
54,multiply,6,1,6,1,6,6
54,multiply,6,2,12,1,12,12
54,multiply,6,3,18,1,18,18
54,multiply,6,4,24,1,24,24
54,multiply,6,5,30,1,30,30
54,multiply,6,6,36,1,36,36
54,multiply,6,7,42,1,42,42
54,multiply,6,8,48,1,48,48
54,multiply,6,9,54,1,54,54
54,multiply,7,1,7,1,7,7
54,multiply,7,2,14,1,14,14
54,multiply,7,3,21,1,21,21
54,multiply,7,4,28,1,28,28
54,multiply,7,5,35,1,35,35
54,multiply,7,6,42,1,42,42
54,multiply,7,7,49,1,49,49
54,multiply,7,8,56,1,56,56
54,multiply,7,9,63,1,63,63
54,multiply,8,1,8,1,8,8
54,multiply,8,2,16,1,16,16
54,multiply,8,3,24,1,24,24
54,multiply,8,4,32,1,32,32
54,multiply,8,5,40,1,40,40
54,multiply,8,6,48,1,48,48
54,multiply,8,7,56,1,56,56
54,multiply,8,8,64,1,64,64
54,multiply,8,9,72,1,72,72
54,multiply,9,1,9,1,9,9
54,multiply,9,2,18,1,18,18
54,multiply,9,3,27,1,27,27
54,multiply,9,4,36,1,36,36
54,multiply,9,5,45,1,45,45
54,multiply,9,6,54,1,54,54
54,multiply,9,7,63,1,63,63
54,multiply,9,8,72,1,72,72
54,multiply,9,9,81,1,81,81
54,divide,1,1,1,1,1,1
54,divide,1,2,0,1,0,0
54,divide,1,3,0,1,0,0
54,divide,1,4,0,1,0,0
54,divide,1,5,0,1,0,0
54,divide,1,6,0,1,0,0
54,divide,1,7,0,1,0,0
54,divide,1,8,0,1,0,0
54,divide,1,9,0,1,0,0
54,divide,2,1,2,1,2,2
54,divide,2,2,2,1,1,1
54,divide,2,3,0,1,0,0
54,divide,2,4,0,1,0,0
54,divide,2,5,0,1,0,0
54,divide,2,6,0,1,0,0
54,divide,2,7,0,1,0,0
54,divide,2,8,0,1,0,0
54,divide,2,9,0,1,0,0
54,divide,3,1,3,1,3,3
54,divide,3,2,2,1,1,1
54,divide,3,3,3,1,1,1
54,divide,3,4,0,1,0,0
54,divide,3,5,0,1,0,0
54,divide,3,6,0,1,0,0
54,divide,3,7,0,1,0,0
54,divide,3,8,0,1,0,0
54,divide,3,9,0,1,0,0
54,divide,4,1,4,1,4,4
54,divide,4,2,4,1,2,2
54,divide,4,3,3,1,1,1
54,divide,4,4,4,1,1,1
54,divide,4,5,0,1,0,0
54,divide,4,6,0,1,0,0
54,divide,4,7,0,1,0,0
54,divide,4,8,0,1,0,0
54,divide,4,9,0,1,0,0
54,divide,5,1,5,1,5,5
54,divide,5,2,4,1,2,2
54,divide,5,3,3,1,1,1
54,divide,5,4,4,1,1,1
54,divide,5,5,5,1,1,1
54,divide,5,6,0,1,0,0
54,divide,5,7,0,1,0,0
54,divide,5,8,0,1,0,0
54,divide,5,9,0,1,0,0
54,divide,6,1,6,1,6,6
54,divide,6,2,6,1,3,3
54,divide,6,3,6,1,2,2
54,divide,6,4,4,1,1,1
54,divide,6,5,5,1,1,1
54,divide,6,6,6,1,1,1
54,divide,6,7,0,1,0,0
54,divide,6,8,0,1,0,0
54,divide,6,9,0,1,0,0
54,divide,7,1,7,1,7,7
54,divide,7,2,6,1,3,3
54,divide,7,3,6,1,2,2
54,divide,7,4,4,1,1,1
54,divide,7,5,5,1,1,1
54,divide,7,6,6,1,1,1
54,divide,7,7,7,1,1,1
54,divide,7,8,0,1,0,0
54,divide,7,9,0,1,0,0
54,divide,8,1,8,1,8,8
54,divide,8,2,8,1,4,4
54,divide,8,3,6,1,2,2
54,divide,8,4,8,1,2,2
54,divide,8,5,5,1,1,1
54,divide,8,6,6,1,1,1
54,divide,8,7,7,1,1,1
54,divide,8,8,8,1,1,1
54,divide,8,9,0,1,0,0
54,divide,9,1,9,1,9,9
54,divide,9,2,8,1,4,4
54,divide,9,3,9,1,3,3
54,divide,9,4,8,1,2,2
54,divide,9,5,5,1,1,1
54,divide,9,6,6,1,1,1
54,divide,9,7,7,1,1,1
54,divide,9,8,8,1,1,1
54,divide,9,9,9,1,1,1
61,add,1,1,1,1,2,2
61,add,1,2,2,1,3,3
61,add,1,3,3,1,4,4
61,add,1,4,4,1,5,5
61,add,1,5,5,1,6,6
61,add,1,6,6,1,7,7
61,add,1,7,7,1,8,8
61,add,1,8,8,1,9,9
61,add,1,9,9,1,10,10
61,add,2,1,1,1,3,3
61,add,2,2,2,1,4,4
61,add,2,3,3,1,5,5
61,add,2,4,4,1,6,6
61,add,2,5,5,1,7,7
61,add,2,6,6,1,8,8
61,add,2,7,7,1,9,9
61,add,2,8,8,1,10,10
61,add,2,9,9,1,11,11
61,add,3,1,1,1,4,4
61,add,3,2,2,1,5,5
61,add,3,3,3,1,6,6
61,add,3,4,4,1,7,7
61,add,3,5,5,1,8,8
61,add,3,6,6,1,9,9
61,add,3,7,7,1,10,10
61,add,3,8,8,1,11,11
61,add,3,9,9,1,12,12
61,add,4,1,1,1,5,5
61,add,4,2,2,1,6,6
61,add,4,3,3,1,7,7
61,add,4,4,4,1,8,8
61,add,4,5,5,1,9,9
61,add,4,6,6,1,10,10
61,add,4,7,7,1,11,11
61,add,4,8,8,1,12,12
61,add,4,9,9,1,13,13
61,add,5,1,1,1,6,6
61,add,5,2,2,1,7,7
61,add,5,3,3,1,8,8
61,add,5,4,4,1,9,9
61,add,5,5,5,1,10,10
61,add,5,6,6,1,11,11
61,add,5,7,7,1,12,12
61,add,5,8,8,1,13,13
61,add,5,9,9,1,14,14
61,add,6,1,1,1,7,7
61,add,6,2,2,1,8,8
61,add,6,3,3,1,9,9
61,add,6,4,4,1,10,10
61,add,6,5,5,1,11,11
61,add,6,6,6,1,12,12
61,add,6,7,7,1,13,13
61,add,6,8,8,1,14,14
61,add,6,9,9,1,15,15
61,add,7,1,1,1,8,8
61,add,7,2,2,1,9,9
61,add,7,3,3,1,10,10
61,add,7,4,4,1,11,11
61,add,7,5,5,1,12,12
61,add,7,6,6,1,13,13
61,add,7,7,7,1,14,14
61,add,7,8,8,1,15,15
61,add,7,9,9,1,16,16
61,add,8,1,1,1,9,9
61,add,8,2,2,1,10,10
61,add,8,3,3,1,11,11
61,add,8,4,4,1,12,12
61,add,8,5,5,1,13,13
61,add,8,6,6,1,14,14
61,add,8,7,7,1,15,15
61,add,8,8,8,1,16,16
61,add,8,9,9,1,17,17
61,add,9,1,1,1,10,10
61,add,9,2,2,1,11,11
61,add,9,3,3,1,12,12
61,add,9,4,4,1,13,13
61,add,9,5,5,1,14,14
61,add,9,6,6,1,15,15
61,add,9,7,7,1,16,16
61,add,9,8,8,1,17,17
61,add,9,9,9,1,18,18
61,subtract,1,1,1,1,0,0
61,subtract,1,2,2,1,0,0
61,subtract,1,3,3,1,0,0
61,subtract,1,4,4,1,0,0
61,subtract,1,5,5,1,0,0
61,subtract,1,6,6,1,0,0
61,subtract,1,7,7,1,0,0
61,subtract,1,8,8,1,0,0
61,subtract,1,9,9,1,0,0
61,subtract,2,1,1,1,1,1
61,subtract,2,2,2,1,0,0
61,subtract,2,3,3,1,0,0
61,subtract,2,4,4,1,0,0
61,subtract,2,5,5,1,0,0
61,subtract,2,6,6,1,0,0
61,subtract,2,7,7,1,0,0
61,subtract,2,8,8,1,0,0
61,subtract,2,9,9,1,0,0
61,subtract,3,1,1,1,2,2
61,subtract,3,2,2,1,1,1
61,subtract,3,3,3,1,0,0
61,subtract,3,4,4,1,0,0
61,subtract,3,5,5,1,0,0
61,subtract,3,6,6,1,0,0
61,subtract,3,7,7,1,0,0
61,subtract,3,8,8,1,0,0
61,subtract,3,9,9,1,0,0
61,subtract,4,1,1,1,3,3
61,subtract,4,2,2,1,2,2
61,subtract,4,3,3,1,1,1
61,subtract,4,4,4,1,0,0
61,subtract,4,5,5,1,0,0
61,subtract,4,6,6,1,0,0
61,subtract,4,7,7,1,0,0
61,subtract,4,8,8,1,0,0
61,subtract,4,9,9,1,0,0
61,subtract,5,1,1,1,4,4
61,subtract,5,2,2,1,3,3
61,subtract,5,3,3,1,2,2
61,subtract,5,4,4,1,1,1
61,subtract,5,5,5,1,0,0
61,subtract,5,6,6,1,0,0
61,subtract,5,7,7,1,0,0
61,subtract,5,8,8,1,0,0
61,subtract,5,9,9,1,0,0
61,subtract,6,1,1,1,5,5
61,subtract,6,2,2,1,4,4
61,subtract,6,3,3,1,3,3
61,subtract,6,4,4,1,2,2
61,subtract,6,5,5,1,1,1
61,subtract,6,6,6,1,0,0
61,subtract,6,7,7,1,0,0
61,subtract,6,8,8,1,0,0
61,subtract,6,9,9,1,0,0
61,subtract,7,1,1,1,6,6
61,subtract,7,2,2,1,5,5
61,subtract,7,3,3,1,4,4
61,subtract,7,4,4,1,3,3
61,subtract,7,5,5,1,2,2
61,subtract,7,6,6,1,1,1
61,subtract,7,7,7,1,0,0
61,subtract,7,8,8,1,0,0
61,subtract,7,9,9,1,0,0
61,subtract,8,1,1,1,7,7
61,subtract,8,2,2,1,6,6
61,subtract,8,3,3,1,5,5
61,subtract,8,4,4,1,4,4
61,subtract,8,5,5,1,3,3
61,subtract,8,6,6,1,2,2
61,subtract,8,7,7,1,1,1
61,subtract,8,8,8,1,0,0
61,subtract,8,9,9,1,0,0
61,subtract,9,1,1,1,8,8
61,subtract,9,2,2,1,7,7
61,subtract,9,3,3,1,6,6
61,subtract,9,4,4,1,5,5
61,subtract,9,5,5,1,4,4
61,subtract,9,6,6,1,3,3
61,subtract,9,7,7,1,2,2
61,subtract,9,8,8,1,1,1
61,subtract,9,9,9,1,0,0
61,multiply,1,1,1,1,1,1
61,multiply,1,2,2,1,2,2
61,multiply,1,3,3,1,3,3
61,multiply,1,4,4,1,4,4
61,multiply,1,5,5,1,5,5
61,multiply,1,6,6,1,6,6
61,multiply,1,7,7,1,7,7
61,multiply,1,8,8,1,8,8
61,multiply,1,9,9,1,9,9
61,multiply,2,1,2,1,2,2
61,multiply,2,2,4,1,4,4
61,multiply,2,3,6,1,6,6
61,multiply,2,4,8,1,8,8
61,multiply,2,5,10,1,10,10
61,multiply,2,6,12,1,12,12
61,multiply,2,7,14,1,14,14
61,multiply,2,8,16,1,16,16
61,multiply,2,9,18,1,18,18
61,multiply,3,1,3,1,3,3
61,multiply,3,2,6,1,6,6
61,multiply,3,3,9,1,9,9
61,multiply,3,4,12,1,12,12
61,multiply,3,5,15,1,15,15
61,multiply,3,6,18,1,18,18
61,multiply,3,7,21,1,21,21
61,multiply,3,8,24,1,24,24
61,multiply,3,9,27,1,27,27
61,multiply,4,1,4,1,4,4
61,multiply,4,2,8,1,8,8
61,multiply,4,3,12,1,12,12
61,multiply,4,4,16,1,16,16
61,multiply,4,5,20,1,20,20
61,multiply,4,6,24,1,24,24
61,multiply,4,7,28,1,28,28
61,multiply,4,8,32,1,32,32
61,multiply,4,9,36,1,36,36
61,multiply,5,1,5,1,5,5
61,multiply,5,2,10,1,10,10
61,multiply,5,3,15,1,15,15
61,multiply,5,4,20,1,20,20
61,multiply,5,5,25,1,25,25
61,multiply,5,6,30,1,30,30
61,multiply,5,7,35,1,35,35
61,multiply,5,8,40,1,40,40
61,multiply,5,9,45,1,45,45
61,multiply,6,1,6,1,6,6
61,multiply,6,2,12,1,12,12
61,multiply,6,3,18,1,18,18
61,multiply,6,4,24,1,24,24
61,multiply,6,5,30,1,30,30
61,multiply,6,6,36,1,36,36
61,multiply,6,7,42,1,42,42
61,multiply,6,8,48,1,48,48
61,multiply,6,9,54,1,54,54
61,multiply,7,1,7,1,7,7
61,multiply,7,2,14,1,14,14
61,multiply,7,3,21,1,21,21
61,multiply,7,4,28,1,28,28
61,multiply,7,5,35,1,35,35
61,multiply,7,6,42,1,42,42
61,multiply,7,7,49,1,49,49
61,multiply,7,8,56,1,56,56
61,multiply,7,9,63,1,63,63
61,multiply,8,1,8,1,8,8
61,multiply,8,2,16,1,16,16
61,multiply,8,3,24,1,24,24
61,multiply,8,4,32,1,32,32
61,multiply,8,5,40,1,40,40
61,multiply,8,6,48,1,48,48
61,multiply,8,7,56,1,56,56
61,multiply,8,8,64,1,64,64
61,multiply,8,9,72,1,72,72
61,multiply,9,1,9,1,9,9
61,multiply,9,2,18,1,18,18
61,multiply,9,3,27,1,27,27
61,multiply,9,4,36,1,36,36
61,multiply,9,5,45,1,45,45
61,multiply,9,6,54,1,54,54
61,multiply,9,7,63,1,63,63
61,multiply,9,8,72,1,72,72
61,multiply,9,9,81,1,81,81
61,divide,1,1,1,1,1,1
61,divide,1,2,0,1,0,0
61,divide,1,3,0,1,0,0
61,divide,1,4,0,1,0,0
61,divide,1,5,0,1,0,0
61,divide,1,6,0,1,0,0
61,divide,1,7,0,1,0,0
61,divide,1,8,0,1,0,0
61,divide,1,9,0,1,0,0
61,divide,2,1,2,1,2,2
61,divide,2,2,2,1,1,1
61,divide,2,3,0,1,0,0
61,divide,2,4,0,1,0,0
61,divide,2,5,0,1,0,0
61,divide,2,6,0,1,0,0
61,divide,2,7,0,1,0,0
61,divide,2,8,0,1,0,0
61,divide,2,9,0,1,0,0
61,divide,3,1,3,1,3,3
61,divide,3,2,2,1,1,1
61,divide,3,3,3,1,1,1
61,divide,3,4,0,1,0,0
61,divide,3,5,0,1,0,0
61,divide,3,6,0,1,0,0
61,divide,3,7,0,1,0,0
61,divide,3,8,0,1,0,0
61,divide,3,9,0,1,0,0
61,divide,4,1,4,1,4,4
61,divide,4,2,4,1,2,2
61,divide,4,3,3,1,1,1
61,divide,4,4,4,1,1,1
61,divide,4,5,0,1,0,0
61,divide,4,6,0,1,0,0
61,divide,4,7,0,1,0,0
61,divide,4,8,0,1,0,0
61,divide,4,9,0,1,0,0
61,divide,5,1,5,1,5,5
61,divide,5,2,4,1,2,2
61,divide,5,3,3,1,1,1
61,divide,5,4,4,1,1,1
61,divide,5,5,5,1,1,1
61,divide,5,6,0,1,0,0
61,divide,5,7,0,1,0,0
61,divide,5,8,0,1,0,0
61,divide,5,9,0,1,0,0
61,divide,6,1,6,1,6,6
61,divide,6,2,6,1,3,3
61,divide,6,3,6,1,2,2
61,divide,6,4,4,1,1,1
61,divide,6,5,5,1,1,1
61,divide,6,6,6,1,1,1
61,divide,6,7,0,1,0,0
61,divide,6,8,0,1,0,0
61,divide,6,9,0,1,0,0
61,divide,7,1,7,1,7,7
61,divide,7,2,6,1,3,3
61,divide,7,3,6,1,2,2
61,divide,7,4,4,1,1,1
61,divide,7,5,5,1,1,1
61,divide,7,6,6,1,1,1
61,divide,7,7,7,1,1,1
61,divide,7,8,0,1,0,0
61,divide,7,9,0,1,0,0
61,divide,8,1,8,1,8,8
61,divide,8,2,8,1,4,4
61,divide,8,3,6,1,2,2
61,divide,8,4,8,1,2,2
61,divide,8,5,5,1,1,1
61,divide,8,6,6,1,1,1
61,divide,8,7,7,1,1,1
61,divide,8,8,8,1,1,1
61,divide,8,9,0,1,0,0
61,divide,9,1,9,1,9,9
61,divide,9,2,8,1,4,4
61,divide,9,3,9,1,3,3
61,divide,9,4,8,1,2,2
61,divide,9,5,5,1,1,1
61,divide,9,6,6,1,1,1
61,divide,9,7,7,1,1,1
61,divide,9,8,8,1,1,1
61,divide,9,9,9,1,1,1
69,add,1,1,1,1,2,2
69,add,1,2,2,1,3,3
69,add,1,3,3,1,4,4
69,add,1,4,4,1,5,5
69,add,1,5,5,1,6,6
69,add,1,6,6,1,7,7
69,add,1,7,7,1,8,8
69,add,1,8,8,1,9,9
69,add,1,9,9,1,10,10
69,add,2,1,1,1,3,3
69,add,2,2,2,1,4,4
69,add,2,3,3,1,5,5
69,add,2,4,4,1,6,6
69,add,2,5,5,1,7,7
69,add,2,6,6,1,8,8
69,add,2,7,7,1,9,9
69,add,2,8,8,1,10,10
69,add,2,9,9,1,11,11
69,add,3,1,1,1,4,4
69,add,3,2,2,1,5,5
69,add,3,3,3,1,6,6
69,add,3,4,4,1,7,7
69,add,3,5,5,1,8,8
69,add,3,6,6,1,9,9
69,add,3,7,7,1,10,10
69,add,3,8,8,1,11,11
69,add,3,9,9,1,12,12
69,add,4,1,1,1,5,5
69,add,4,2,2,1,6,6
69,add,4,3,3,1,7,7
69,add,4,4,4,1,8,8
69,add,4,5,5,1,9,9
69,add,4,6,6,1,10,10
69,add,4,7,7,1,11,11
69,add,4,8,8,1,12,12
69,add,4,9,9,1,13,13
69,add,5,1,1,1,6,6
69,add,5,2,2,1,7,7
69,add,5,3,3,1,8,8
69,add,5,4,4,1,9,9
69,add,5,5,5,1,10,10
69,add,5,6,6,1,11,11
69,add,5,7,7,1,12,12
69,add,5,8,8,1,13,13
69,add,5,9,9,1,14,14
69,add,6,1,1,1,7,7
69,add,6,2,2,1,8,8
69,add,6,3,3,1,9,9
69,add,6,4,4,1,10,10
69,add,6,5,5,1,11,11
69,add,6,6,6,1,12,12
69,add,6,7,7,1,13,13
69,add,6,8,8,1,14,14
69,add,6,9,9,1,15,15
69,add,7,1,1,1,8,8
69,add,7,2,2,1,9,9
69,add,7,3,3,1,10,10
69,add,7,4,4,1,11,11
69,add,7,5,5,1,12,12
69,add,7,6,6,1,13,13
69,add,7,7,7,1,14,14
69,add,7,8,8,1,15,15
69,add,7,9,9,1,16,16
69,add,8,1,1,1,9,9
69,add,8,2,2,1,10,10
69,add,8,3,3,1,11,11
69,add,8,4,4,1,12,12
69,add,8,5,5,1,13,13
69,add,8,6,6,1,14,14
69,add,8,7,7,1,15,15
69,add,8,8,8,1,16,16
69,add,8,9,9,1,17,17
69,add,9,1,1,1,10,10
69,add,9,2,2,1,11,11
69,add,9,3,3,1,12,12
69,add,9,4,4,1,13,13
69,add,9,5,5,1,14,14
69,add,9,6,6,1,15,15
69,add,9,7,7,1,16,16
69,add,9,8,8,1,17,17
69,add,9,9,9,1,18,18
69,subtract,1,1,1,1,0,0
69,subtract,1,2,2,1,0,0
69,subtract,1,3,3,1,0,0
69,subtract,1,4,4,1,0,0
69,subtract,1,5,5,1,0,0
69,subtract,1,6,6,1,0,0
69,subtract,1,7,7,1,0,0
69,subtract,1,8,8,1,0,0
69,subtract,1,9,9,1,0,0
69,subtract,2,1,1,1,1,1
69,subtract,2,2,2,1,0,0
69,subtract,2,3,3,1,0,0
69,subtract,2,4,4,1,0,0
69,subtract,2,5,5,1,0,0
69,subtract,2,6,6,1,0,0
69,subtract,2,7,7,1,0,0
69,subtract,2,8,8,1,0,0
69,subtract,2,9,9,1,0,0
69,subtract,3,1,1,1,2,2
69,subtract,3,2,2,1,1,1
69,subtract,3,3,3,1,0,0
69,subtract,3,4,4,1,0,0
69,subtract,3,5,5,1,0,0
69,subtract,3,6,6,1,0,0
69,subtract,3,7,7,1,0,0
69,subtract,3,8,8,1,0,0
69,subtract,3,9,9,1,0,0
69,subtract,4,1,1,1,3,3
69,subtract,4,2,2,1,2,2
69,subtract,4,3,3,1,1,1
69,subtract,4,4,4,1,0,0
69,subtract,4,5,5,1,0,0
69,subtract,4,6,6,1,0,0
69,subtract,4,7,7,1,0,0
69,subtract,4,8,8,1,0,0
69,subtract,4,9,9,1,0,0
69,subtract,5,1,1,1,4,4
69,subtract,5,2,2,1,3,3
69,subtract,5,3,3,1,2,2
69,subtract,5,4,4,1,1,1
69,subtract,5,5,5,1,0,0
69,subtract,5,6,6,1,0,0
69,subtract,5,7,7,1,0,0
69,subtract,5,8,8,1,0,0
69,subtract,5,9,9,1,0,0
69,subtract,6,1,1,1,5,5
69,subtract,6,2,2,1,4,4
69,subtract,6,3,3,1,3,3
69,subtract,6,4,4,1,2,2
69,subtract,6,5,5,1,1,1
69,subtract,6,6,6,1,0,0
69,subtract,6,7,7,1,0,0
69,subtract,6,8,8,1,0,0
69,subtract,6,9,9,1,0,0
69,subtract,7,1,1,1,6,6
69,subtract,7,2,2,1,5,5
69,subtract,7,3,3,1,4,4
69,subtract,7,4,4,1,3,3
69,subtract,7,5,5,1,2,2
69,subtract,7,6,6,1,1,1
69,subtract,7,7,7,1,0,0
69,subtract,7,8,8,1,0,0
69,subtract,7,9,9,1,0,0
69,subtract,8,1,1,1,7,7
69,subtract,8,2,2,1,6,6
69,subtract,8,3,3,1,5,5
69,subtract,8,4,4,1,4,4
69,subtract,8,5,5,1,3,3
69,subtract,8,6,6,1,2,2
69,subtract,8,7,7,1,1,1
69,subtract,8,8,8,1,0,0
69,subtract,8,9,9,1,0,0
69,subtract,9,1,1,1,8,8
69,subtract,9,2,2,1,7,7
69,subtract,9,3,3,1,6,6
69,subtract,9,4,4,1,5,5
69,subtract,9,5,5,1,4,4
69,subtract,9,6,6,1,3,3
69,subtract,9,7,7,1,2,2
69,subtract,9,8,8,1,1,1
69,subtract,9,9,9,1,0,0
69,multiply,1,1,1,1,1,1
69,multiply,1,2,2,1,2,2
69,multiply,1,3,3,1,3,3
69,multiply,1,4,4,1,4,4
69,multiply,1,5,5,1,5,5
69,multiply,1,6,6,1,6,6
69,multiply,1,7,7,1,7,7
69,multiply,1,8,8,1,8,8
69,multiply,1,9,9,1,9,9
69,multiply,2,1,2,1,2,2
69,multiply,2,2,4,1,4,4
69,multiply,2,3,6,1,6,6
69,multiply,2,4,8,1,8,8
69,multiply,2,5,10,1,10,10
69,multiply,2,6,12,1,12,12
69,multiply,2,7,14,1,14,14
69,multiply,2,8,16,1,16,16
69,multiply,2,9,18,1,18,18
69,multiply,3,1,3,1,3,3
69,multiply,3,2,6,1,6,6
69,multiply,3,3,9,1,9,9
69,multiply,3,4,12,1,12,12
69,multiply,3,5,15,1,15,15
69,multiply,3,6,18,1,18,18
69,multiply,3,7,21,1,21,21
69,multiply,3,8,24,1,24,24
69,multiply,3,9,27,1,27,27
69,multiply,4,1,4,1,4,4
69,multiply,4,2,8,1,8,8
69,multiply,4,3,12,1,12,12
69,multiply,4,4,16,1,16,16
69,multiply,4,5,20,1,20,20
69,multiply,4,6,24,1,24,24
69,multiply,4,7,28,1,28,28
69,multiply,4,8,32,1,32,32
69,multiply,4,9,36,1,36,36
69,multiply,5,1,5,1,5,5
69,multiply,5,2,10,1,10,10
69,multiply,5,3,15,1,15,15
69,multiply,5,4,20,1,20,20
69,multiply,5,5,25,1,25,25
69,multiply,5,6,30,1,30,30
69,multiply,5,7,35,1,35,35
69,multiply,5,8,40,1,40,40
69,multiply,5,9,45,1,45,45
69,multiply,6,1,6,1,6,6
69,multiply,6,2,12,1,12,12
69,multiply,6,3,18,1,18,18
69,multiply,6,4,24,1,24,24
69,multiply,6,5,30,1,30,30
69,multiply,6,6,36,1,36,36
69,multiply,6,7,42,1,42,42
69,multiply,6,8,48,1,48,48
69,multiply,6,9,54,1,54,54
69,multiply,7,1,7,1,7,7
69,multiply,7,2,14,1,14,14
69,multiply,7,3,21,1,21,21
69,multiply,7,4,28,1,28,28
69,multiply,7,5,35,1,35,35
69,multiply,7,6,42,1,42,42
69,multiply,7,7,49,1,49,49
69,multiply,7,8,56,1,56,56
69,multiply,7,9,63,1,63,63
69,multiply,8,1,8,1,8,8
69,multiply,8,2,16,1,16,16
69,multiply,8,3,24,1,24,24
69,multiply,8,4,32,1,32,32
69,multiply,8,5,40,1,40,40
69,multiply,8,6,48,1,48,48
69,multiply,8,7,56,1,56,56
69,multiply,8,8,64,1,64,64
69,multiply,8,9,72,1,72,72
69,multiply,9,1,9,1,9,9
69,multiply,9,2,18,1,18,18
69,multiply,9,3,27,1,27,27
69,multiply,9,4,36,1,36,36
69,multiply,9,5,45,1,45,45
69,multiply,9,6,54,1,54,54
69,multiply,9,7,63,1,63,63
69,multiply,9,8,72,1,72,72
69,multiply,9,9,81,1,81,81
69,divide,1,1,1,1,1,1
69,divide,1,2,0,1,0,0
69,divide,1,3,0,1,0,0
69,divide,1,4,0,1,0,0
69,divide,1,5,0,1,0,0
69,divide,1,6,0,1,0,0
69,divide,1,7,0,1,0,0
69,divide,1,8,0,1,0,0
69,divide,1,9,0,1,0,0
69,divide,2,1,2,1,2,2
69,divide,2,2,2,1,1,1
69,divide,2,3,0,1,0,0
69,divide,2,4,0,1,0,0
69,divide,2,5,0,1,0,0
69,divide,2,6,0,1,0,0
69,divide,2,7,0,1,0,0
69,divide,2,8,0,1,0,0
69,divide,2,9,0,1,0,0
69,divide,3,1,3,1,3,3
69,divide,3,2,2,1,1,1
69,divide,3,3,3,1,1,1
69,divide,3,4,0,1,0,0
69,divide,3,5,0,1,0,0
69,divide,3,6,0,1,0,0
69,divide,3,7,0,1,0,0
69,divide,3,8,0,1,0,0
69,divide,3,9,0,1,0,0
69,divide,4,1,4,1,4,4
69,divide,4,2,4,1,2,2
69,divide,4,3,3,1,1,1
69,divide,4,4,4,1,1,1
69,divide,4,5,0,1,0,0
69,divide,4,6,0,1,0,0
69,divide,4,7,0,1,0,0
69,divide,4,8,0,1,0,0
69,divide,4,9,0,1,0,0
69,divide,5,1,5,1,5,5
69,divide,5,2,4,1,2,2
69,divide,5,3,3,1,1,1
69,divide,5,4,4,1,1,1
69,divide,5,5,5,1,1,1
69,divide,5,6,0,1,0,0
69,divide,5,7,0,1,0,0
69,divide,5,8,0,1,0,0
69,divide,5,9,0,1,0,0
69,divide,6,1,6,1,6,6
69,divide,6,2,6,1,3,3
69,divide,6,3,6,1,2,2
69,divide,6,4,4,1,1,1
69,divide,6,5,5,1,1,1
69,divide,6,6,6,1,1,1
69,divide,6,7,0,1,0,0
69,divide,6,8,0,1,0,0
69,divide,6,9,0,1,0,0
69,divide,7,1,7,1,7,7
69,divide,7,2,6,1,3,3
69,divide,7,3,6,1,2,2
69,divide,7,4,4,1,1,1
69,divide,7,5,5,1,1,1
69,divide,7,6,6,1,1,1
69,divide,7,7,7,1,1,1
69,divide,7,8,0,1,0,0
69,divide,7,9,0,1,0,0
69,divide,8,1,8,1,8,8
69,divide,8,2,8,1,4,4
69,divide,8,3,6,1,2,2
69,divide,8,4,8,1,2,2
69,divide,8,5,5,1,1,1
69,divide,8,6,6,1,1,1
69,divide,8,7,7,1,1,1
69,divide,8,8,8,1,1,1
69,divide,8,9,0,1,0,0
69,divide,9,1,9,1,9,9
69,divide,9,2,8,1,4,4
69,divide,9,3,9,1,3,3
69,divide,9,4,8,1,2,2
69,divide,9,5,5,1,1,1
69,divide,9,6,6,1,1,1
69,divide,9,7,7,1,1,1
69,divide,9,8,8,1,1,1
69,divide,9,9,9,1,1,1
74,add,1,1,1,1,2,2
74,add,1,2,2,1,3,3
74,add,1,3,3,1,4,4
74,add,1,4,4,1,5,5
74,add,1,5,5,1,6,6
74,add,1,6,6,1,7,7
74,add,1,7,7,1,8,8
74,add,1,8,8,1,9,9
74,add,1,9,9,1,10,10
74,add,2,1,1,1,3,3
74,add,2,2,2,1,4,4
74,add,2,3,3,1,5,5
74,add,2,4,4,1,6,6
74,add,2,5,5,1,7,7
74,add,2,6,6,1,8,8
74,add,2,7,7,1,9,9
74,add,2,8,8,1,10,10
74,add,2,9,9,1,11,11
74,add,3,1,1,1,4,4
74,add,3,2,2,1,5,5
74,add,3,3,3,1,6,6
74,add,3,4,4,1,7,7
74,add,3,5,5,1,8,8
74,add,3,6,6,1,9,9
74,add,3,7,7,1,10,10
74,add,3,8,8,1,11,11
74,add,3,9,9,1,12,12
74,add,4,1,1,1,5,5
74,add,4,2,2,1,6,6
74,add,4,3,3,1,7,7
74,add,4,4,4,1,8,8
74,add,4,5,5,1,9,9
74,add,4,6,6,1,10,10
74,add,4,7,7,1,11,11
74,add,4,8,8,1,12,12
74,add,4,9,9,1,13,13
74,add,5,1,1,1,6,6
74,add,5,2,2,1,7,7
74,add,5,3,3,1,8,8
74,add,5,4,4,1,9,9
74,add,5,5,5,1,10,10
74,add,5,6,6,1,11,11
74,add,5,7,7,1,12,12
74,add,5,8,8,1,13,13
74,add,5,9,9,1,14,14
74,add,6,1,1,1,7,7
74,add,6,2,2,1,8,8
74,add,6,3,3,1,9,9
74,add,6,4,4,1,10,10
74,add,6,5,5,1,11,11
74,add,6,6,6,1,12,12
74,add,6,7,7,1,13,13
74,add,6,8,8,1,14,14
74,add,6,9,9,1,15,15
74,add,7,1,1,1,8,8
74,add,7,2,2,1,9,9
74,add,7,3,3,1,10,10
74,add,7,4,4,1,11,11
74,add,7,5,5,1,12,12
74,add,7,6,6,1,13,13
74,add,7,7,7,1,14,14
74,add,7,8,8,1,15,15
74,add,7,9,9,1,16,16
74,add,8,1,1,1,9,9
74,add,8,2,2,1,10,10
74,add,8,3,3,1,11,11
74,add,8,4,4,1,12,12
74,add,8,5,5,1,13,13
74,add,8,6,6,1,14,14
74,add,8,7,7,1,15,15
74,add,8,8,8,1,16,16
74,add,8,9,9,1,17,17
74,add,9,1,1,1,10,10
74,add,9,2,2,1,11,11
74,add,9,3,3,1,12,12
74,add,9,4,4,1,13,13
74,add,9,5,5,1,14,14
74,add,9,6,6,1,15,15
74,add,9,7,7,1,16,16
74,add,9,8,8,1,17,17
74,add,9,9,9,1,18,18
74,subtract,1,1,1,1,0,0
74,subtract,1,2,2,1,0,0
74,subtract,1,3,3,1,0,0
74,subtract,1,4,4,1,0,0
74,subtract,1,5,5,1,0,0
74,subtract,1,6,6,1,0,0
74,subtract,1,7,7,1,0,0
74,subtract,1,8,8,1,0,0
74,subtract,1,9,9,1,0,0
74,subtract,2,1,1,1,1,1
74,subtract,2,2,2,1,0,0
74,subtract,2,3,3,1,0,0
74,subtract,2,4,4,1,0,0
74,subtract,2,5,5,1,0,0
74,subtract,2,6,6,1,0,0
74,subtract,2,7,7,1,0,0
74,subtract,2,8,8,1,0,0
74,subtract,2,9,9,1,0,0
74,subtract,3,1,1,1,2,2
74,subtract,3,2,2,1,1,1
74,subtract,3,3,3,1,0,0
74,subtract,3,4,4,1,0,0
74,subtract,3,5,5,1,0,0
74,subtract,3,6,6,1,0,0
74,subtract,3,7,7,1,0,0
74,subtract,3,8,8,1,0,0
74,subtract,3,9,9,1,0,0
74,subtract,4,1,1,1,3,3
74,subtract,4,2,2,1,2,2
74,subtract,4,3,3,1,1,1
74,subtract,4,4,4,1,0,0
74,subtract,4,5,5,1,0,0
74,subtract,4,6,6,1,0,0
74,subtract,4,7,7,1,0,0
74,subtract,4,8,8,1,0,0
74,subtract,4,9,9,1,0,0
74,subtract,5,1,1,1,4,4
74,subtract,5,2,2,1,3,3
74,subtract,5,3,3,1,2,2
74,subtract,5,4,4,1,1,1
74,subtract,5,5,5,1,0,0
74,subtract,5,6,6,1,0,0
74,subtract,5,7,7,1,0,0
74,subtract,5,8,8,1,0,0
74,subtract,5,9,9,1,0,0
74,subtract,6,1,1,1,5,5
74,subtract,6,2,2,1,4,4
74,subtract,6,3,3,1,3,3
74,subtract,6,4,4,1,2,2
74,subtract,6,5,5,1,1,1
74,subtract,6,6,6,1,0,0
74,subtract,6,7,7,1,0,0
74,subtract,6,8,8,1,0,0
74,subtract,6,9,9,1,0,0
74,subtract,7,1,1,1,6,6
74,subtract,7,2,2,1,5,5
74,subtract,7,3,3,1,4,4
74,subtract,7,4,4,1,3,3
74,subtract,7,5,5,1,2,2
74,subtract,7,6,6,1,1,1
74,subtract,7,7,7,1,0,0
74,subtract,7,8,8,1,0,0
74,subtract,7,9,9,1,0,0
74,subtract,8,1,1,1,7,7
74,subtract,8,2,2,1,6,6
74,subtract,8,3,3,1,5,5
74,subtract,8,4,4,1,4,4
74,subtract,8,5,5,1,3,3
74,subtract,8,6,6,1,2,2
74,subtract,8,7,7,1,1,1
74,subtract,8,8,8,1,0,0
74,subtract,8,9,9,1,0,0
74,subtract,9,1,1,1,8,8
74,subtract,9,2,2,1,7,7
74,subtract,9,3,3,1,6,6
74,subtract,9,4,4,1,5,5
74,subtract,9,5,5,1,4,4
74,subtract,9,6,6,1,3,3
74,subtract,9,7,7,1,2,2
74,subtract,9,8,8,1,1,1
74,subtract,9,9,9,1,0,0
74,multiply,1,1,1,1,1,1
74,multiply,1,2,2,1,2,2
74,multiply,1,3,3,1,3,3
74,multiply,1,4,4,1,4,4
74,multiply,1,5,5,1,5,5
74,multiply,1,6,6,1,6,6
74,multiply,1,7,7,1,7,7
74,multiply,1,8,8,1,8,8
74,multiply,1,9,9,1,9,9
74,multiply,2,1,2,1,2,2
74,multiply,2,2,4,1,4,4
74,multiply,2,3,6,1,6,6
74,multiply,2,4,8,1,8,8
74,multiply,2,5,10,1,10,10
74,multiply,2,6,12,1,12,12
74,multiply,2,7,14,1,14,14
74,multiply,2,8,16,1,16,16
74,multiply,2,9,18,1,18,18
74,multiply,3,1,3,1,3,3
74,multiply,3,2,6,1,6,6
74,multiply,3,3,9,1,9,9
74,multiply,3,4,12,1,12,12
74,multiply,3,5,15,1,15,15
74,multiply,3,6,18,1,18,18
74,multiply,3,7,21,1,21,21
74,multiply,3,8,24,1,24,24
74,multiply,3,9,27,1,27,27
74,multiply,4,1,4,1,4,4
74,multiply,4,2,8,1,8,8
74,multiply,4,3,12,1,12,12
74,multiply,4,4,16,1,16,16
74,multiply,4,5,20,1,20,20
74,multiply,4,6,24,1,24,24
74,multiply,4,7,28,1,28,28
74,multiply,4,8,32,1,32,32
74,multiply,4,9,36,1,36,36
74,multiply,5,1,5,1,5,5
74,multiply,5,2,10,1,10,10
74,multiply,5,3,15,1,15,15
74,multiply,5,4,20,1,20,20
74,multiply,5,5,25,1,25,25
74,multiply,5,6,30,1,30,30
74,multiply,5,7,35,1,35,35
74,multiply,5,8,40,1,40,40
74,multiply,5,9,45,1,45,45
74,multiply,6,1,6,1,6,6
74,multiply,6,2,12,1,12,12
74,multiply,6,3,18,1,18,18
74,multiply,6,4,24,1,24,24
74,multiply,6,5,30,1,30,30
74,multiply,6,6,36,1,36,36
74,multiply,6,7,42,1,42,42
74,multiply,6,8,48,1,48,48
74,multiply,6,9,54,1,54,54
74,multiply,7,1,7,1,7,7
74,multiply,7,2,14,1,14,14
74,multiply,7,3,21,1,21,21
74,multiply,7,4,28,1,28,28
74,multiply,7,5,35,1,35,35
74,multiply,7,6,42,1,42,42
74,multiply,7,7,49,1,49,49
74,multiply,7,8,56,1,56,56
74,multiply,7,9,63,1,63,63
74,multiply,8,1,8,1,8,8
74,multiply,8,2,16,1,16,16
74,multiply,8,3,24,1,24,24
74,multiply,8,4,32,1,32,32
74,multiply,8,5,40,1,40,40
74,multiply,8,6,48,1,48,48
74,multiply,8,7,56,1,56,56
74,multiply,8,8,64,1,64,64
74,multiply,8,9,72,1,72,72
74,multiply,9,1,9,1,9,9
74,multiply,9,2,18,1,18,18
74,multiply,9,3,27,1,27,27
74,multiply,9,4,36,1,36,36
74,multiply,9,5,45,1,45,45
74,multiply,9,6,54,1,54,54
74,multiply,9,7,63,1,63,63
74,multiply,9,8,72,1,72,72
74,multiply,9,9,81,1,81,81
74,divide,1,1,1,1,1,1
74,divide,1,2,0,1,0,0
74,divide,1,3,0,1,0,0
74,divide,1,4,0,1,0,0
74,divide,1,5,0,1,0,0
74,divide,1,6,0,1,0,0
74,divide,1,7,0,1,0,0
74,divide,1,8,0,1,0,0
74,divide,1,9,0,1,0,0
74,divide,2,1,2,1,2,2
74,divide,2,2,2,1,1,1
74,divide,2,3,0,1,0,0
74,divide,2,4,0,1,0,0
74,divide,2,5,0,1,0,0
74,divide,2,6,0,1,0,0
74,divide,2,7,0,1,0,0
74,divide,2,8,0,1,0,0
74,divide,2,9,0,1,0,0
74,divide,3,1,3,1,3,3
74,divide,3,2,2,1,1,1
74,divide,3,3,3,1,1,1
74,divide,3,4,0,1,0,0
74,divide,3,5,0,1,0,0
74,divide,3,6,0,1,0,0
74,divide,3,7,0,1,0,0
74,divide,3,8,0,1,0,0
74,divide,3,9,0,1,0,0
74,divide,4,1,4,1,4,4
74,divide,4,2,4,1,2,2
74,divide,4,3,3,1,1,1
74,divide,4,4,4,1,1,1
74,divide,4,5,0,1,0,0
74,divide,4,6,0,1,0,0
74,divide,4,7,0,1,0,0
74,divide,4,8,0,1,0,0
74,divide,4,9,0,1,0,0
74,divide,5,1,5,1,5,5
74,divide,5,2,4,1,2,2
74,divide,5,3,3,1,1,1
74,divide,5,4,4,1,1,1
74,divide,5,5,5,1,1,1
74,divide,5,6,0,1,0,0
74,divide,5,7,0,1,0,0
74,divide,5,8,0,1,0,0
74,divide,5,9,0,1,0,0
74,divide,6,1,6,1,6,6
74,divide,6,2,6,1,3,3
74,divide,6,3,6,1,2,2
74,divide,6,4,4,1,1,1
74,divide,6,5,5,1,1,1
74,divide,6,6,6,1,1,1
74,divide,6,7,0,1,0,0
74,divide,6,8,0,1,0,0
74,divide,6,9,0,1,0,0
74,divide,7,1,7,1,7,7
74,divide,7,2,6,1,3,3
74,divide,7,3,6,1,2,2
74,divide,7,4,4,1,1,1
74,divide,7,5,5,1,1,1
74,divide,7,6,6,1,1,1
74,divide,7,7,7,1,1,1
74,divide,7,8,0,1,0,0
74,divide,7,9,0,1,0,0
74,divide,8,1,8,1,8,8
74,divide,8,2,8,1,4,4
74,divide,8,3,6,1,2,2
74,divide,8,4,8,1,2,2
74,divide,8,5,5,1,1,1
74,divide,8,6,6,1,1,1
74,divide,8,7,7,1,1,1
74,divide,8,8,8,1,1,1
74,divide,8,9,0,1,0,0
74,divide,9,1,9,1,9,9
74,divide,9,2,8,1,4,4
74,divide,9,3,9,1,3,3
74,divide,9,4,8,1,2,2
74,divide,9,5,5,1,1,1
74,divide,9,6,6,1,1,1
74,divide,9,7,7,1,1,1
74,divide,9,8,8,1,1,1
74,divide,9,9,9,1,1,1
79,add,1,1,1,1,2,2
79,add,1,2,2,1,3,3
79,add,1,3,3,1,4,4
79,add,1,4,4,1,5,5
79,add,1,5,5,1,6,6
79,add,1,6,6,1,7,7
79,add,1,7,7,1,8,8
79,add,1,8,8,1,9,9
79,add,1,9,9,1,10,10
79,add,2,1,1,1,3,3
79,add,2,2,2,1,4,4
79,add,2,3,3,1,5,5
79,add,2,4,4,1,6,6
79,add,2,5,5,1,7,7
79,add,2,6,6,1,8,8
79,add,2,7,7,1,9,9
79,add,2,8,8,1,10,10
79,add,2,9,9,1,11,11
79,add,3,1,1,1,4,4
79,add,3,2,2,1,5,5
79,add,3,3,3,1,6,6
79,add,3,4,4,1,7,7
79,add,3,5,5,1,8,8
79,add,3,6,6,1,9,9
79,add,3,7,7,1,10,10
79,add,3,8,8,1,11,11
79,add,3,9,9,1,12,12
79,add,4,1,1,1,5,5
79,add,4,2,2,1,6,6
79,add,4,3,3,1,7,7
79,add,4,4,4,1,8,8
79,add,4,5,5,1,9,9
79,add,4,6,6,1,10,10
79,add,4,7,7,1,11,11
79,add,4,8,8,1,12,12
79,add,4,9,9,1,13,13
79,add,5,1,1,1,6,6
79,add,5,2,2,1,7,7
79,add,5,3,3,1,8,8
79,add,5,4,4,1,9,9
79,add,5,5,5,1,10,10
79,add,5,6,6,1,11,11
79,add,5,7,7,1,12,12
79,add,5,8,8,1,13,13
79,add,5,9,9,1,14,14
79,add,6,1,1,1,7,7
79,add,6,2,2,1,8,8
79,add,6,3,3,1,9,9
79,add,6,4,4,1,10,10
79,add,6,5,5,1,11,11
79,add,6,6,6,1,12,12
79,add,6,7,7,1,13,13
79,add,6,8,8,1,14,14
79,add,6,9,9,1,15,15
79,add,7,1,1,1,8,8
79,add,7,2,2,1,9,9
79,add,7,3,3,1,10,10
79,add,7,4,4,1,11,11
79,add,7,5,5,1,12,12
79,add,7,6,6,1,13,13
79,add,7,7,7,1,14,14
79,add,7,8,8,1,15,15
79,add,7,9,9,1,16,16
79,add,8,1,1,1,9,9
79,add,8,2,2,1,10,10
79,add,8,3,3,1,11,11
79,add,8,4,4,1,12,12
79,add,8,5,5,1,13,13
79,add,8,6,6,1,14,14
79,add,8,7,7,1,15,15
79,add,8,8,8,1,16,16
79,add,8,9,9,1,17,17
79,add,9,1,1,1,10,10
79,add,9,2,2,1,11,11
79,add,9,3,3,1,12,12
79,add,9,4,4,1,13,13
79,add,9,5,5,1,14,14
79,add,9,6,6,1,15,15
79,add,9,7,7,1,16,16
79,add,9,8,8,1,17,17
79,add,9,9,9,1,18,18
79,subtract,1,1,1,1,0,0
79,subtract,1,2,2,1,0,0
79,subtract,1,3,3,1,0,0
79,subtract,1,4,4,1,0,0
79,subtract,1,5,5,1,0,0
79,subtract,1,6,6,1,0,0
79,subtract,1,7,7,1,0,0
79,subtract,1,8,8,1,0,0
79,subtract,1,9,9,1,0,0
79,subtract,2,1,1,1,1,1
79,subtract,2,2,2,1,0,0
79,subtract,2,3,3,1,0,0
79,subtract,2,4,4,1,0,0
79,subtract,2,5,5,1,0,0
79,subtract,2,6,6,1,0,0
79,subtract,2,7,7,1,0,0
79,subtract,2,8,8,1,0,0
79,subtract,2,9,9,1,0,0
79,subtract,3,1,1,1,2,2
79,subtract,3,2,2,1,1,1
79,subtract,3,3,3,1,0,0
79,subtract,3,4,4,1,0,0
79,subtract,3,5,5,1,0,0
79,subtract,3,6,6,1,0,0
79,subtract,3,7,7,1,0,0
79,subtract,3,8,8,1,0,0
79,subtract,3,9,9,1,0,0
79,subtract,4,1,1,1,3,3
79,subtract,4,2,2,1,2,2
79,subtract,4,3,3,1,1,1
79,subtract,4,4,4,1,0,0
79,subtract,4,5,5,1,0,0
79,subtract,4,6,6,1,0,0
79,subtract,4,7,7,1,0,0
79,subtract,4,8,8,1,0,0
79,subtract,4,9,9,1,0,0
79,subtract,5,1,1,1,4,4
79,subtract,5,2,2,1,3,3
79,subtract,5,3,3,1,2,2
79,subtract,5,4,4,1,1,1
79,subtract,5,5,5,1,0,0
79,subtract,5,6,6,1,0,0
79,subtract,5,7,7,1,0,0
79,subtract,5,8,8,1,0,0
79,subtract,5,9,9,1,0,0
79,subtract,6,1,1,1,5,5
79,subtract,6,2,2,1,4,4
79,subtract,6,3,3,1,3,3
79,subtract,6,4,4,1,2,2
79,subtract,6,5,5,1,1,1
79,subtract,6,6,6,1,0,0
79,subtract,6,7,7,1,0,0
79,subtract,6,8,8,1,0,0
79,subtract,6,9,9,1,0,0
79,subtract,7,1,1,1,6,6
79,subtract,7,2,2,1,5,5
79,subtract,7,3,3,1,4,4
79,subtract,7,4,4,1,3,3
79,subtract,7,5,5,1,2,2
79,subtract,7,6,6,1,1,1
79,subtract,7,7,7,1,0,0
79,subtract,7,8,8,1,0,0
79,subtract,7,9,9,1,0,0
79,subtract,8,1,1,1,7,7
79,subtract,8,2,2,1,6,6
79,subtract,8,3,3,1,5,5
79,subtract,8,4,4,1,4,4
79,subtract,8,5,5,1,3,3
79,subtract,8,6,6,1,2,2
79,subtract,8,7,7,1,1,1
79,subtract,8,8,8,1,0,0
79,subtract,8,9,9,1,0,0
79,subtract,9,1,1,1,8,8
79,subtract,9,2,2,1,7,7
79,subtract,9,3,3,1,6,6
79,subtract,9,4,4,1,5,5
79,subtract,9,5,5,1,4,4
79,subtract,9,6,6,1,3,3
79,subtract,9,7,7,1,2,2
79,subtract,9,8,8,1,1,1
79,subtract,9,9,9,1,0,0
79,multiply,1,1,1,1,1,1
79,multiply,1,2,2,1,2,2
79,multiply,1,3,3,1,3,3
79,multiply,1,4,4,1,4,4
79,multiply,1,5,5,1,5,5
79,multiply,1,6,6,1,6,6
79,multiply,1,7,7,1,7,7
79,multiply,1,8,8,1,8,8
79,multiply,1,9,9,1,9,9
79,multiply,2,1,2,1,2,2
79,multiply,2,2,4,1,4,4
79,multiply,2,3,6,1,6,6
79,multiply,2,4,8,1,8,8
79,multiply,2,5,10,1,10,10
79,multiply,2,6,12,1,12,12
79,multiply,2,7,14,1,14,14
79,multiply,2,8,16,1,16,16
79,multiply,2,9,18,1,18,18
79,multiply,3,1,3,1,3,3
79,multiply,3,2,6,1,6,6
79,multiply,3,3,9,1,9,9
79,multiply,3,4,12,1,12,12
79,multiply,3,5,15,1,15,15
79,multiply,3,6,18,1,18,18
79,multiply,3,7,21,1,21,21
79,multiply,3,8,24,1,24,24
79,multiply,3,9,27,1,27,27
79,multiply,4,1,4,1,4,4
79,multiply,4,2,8,1,8,8
79,multiply,4,3,12,1,12,12
79,multiply,4,4,16,1,16,16
79,multiply,4,5,20,1,20,20
79,multiply,4,6,24,1,24,24
79,multiply,4,7,28,1,28,28
79,multiply,4,8,32,1,32,32
79,multiply,4,9,36,1,36,36
79,multiply,5,1,5,1,5,5
79,multiply,5,2,10,1,10,10
79,multiply,5,3,15,1,15,15
79,multiply,5,4,20,1,20,20
79,multiply,5,5,25,1,25,25
79,multiply,5,6,30,1,30,30
79,multiply,5,7,35,1,35,35
79,multiply,5,8,40,1,40,40
79,multiply,5,9,45,1,45,45
79,multiply,6,1,6,1,6,6
79,multiply,6,2,12,1,12,12
79,multiply,6,3,18,1,18,18
79,multiply,6,4,24,1,24,24
79,multiply,6,5,30,1,30,30
79,multiply,6,6,36,1,36,36
79,multiply,6,7,42,1,42,42
79,multiply,6,8,48,1,48,48
79,multiply,6,9,54,1,54,54
79,multiply,7,1,7,1,7,7
79,multiply,7,2,14,1,14,14
79,multiply,7,3,21,1,21,21
79,multiply,7,4,28,1,28,28
79,multiply,7,5,35,1,35,35
79,multiply,7,6,42,1,42,42
79,multiply,7,7,49,1,49,49
79,multiply,7,8,56,1,56,56
79,multiply,7,9,63,1,63,63
79,multiply,8,1,8,1,8,8
79,multiply,8,2,16,1,16,16
79,multiply,8,3,24,1,24,24
79,multiply,8,4,32,1,32,32
79,multiply,8,5,40,1,40,40
79,multiply,8,6,48,1,48,48
79,multiply,8,7,56,1,56,56
79,multiply,8,8,64,1,64,64
79,multiply,8,9,72,1,72,72
79,multiply,9,1,9,1,9,9
79,multiply,9,2,18,1,18,18
79,multiply,9,3,27,1,27,27
79,multiply,9,4,36,1,36,36
79,multiply,9,5,45,1,45,45
79,multiply,9,6,54,1,54,54
79,multiply,9,7,63,1,63,63
79,multiply,9,8,72,1,72,72
79,multiply,9,9,81,1,81,81
79,divide,1,1,1,1,1,1
79,divide,1,2,0,1,0,0
79,divide,1,3,0,1,0,0
79,divide,1,4,0,1,0,0
79,divide,1,5,0,1,0,0
79,divide,1,6,0,1,0,0
79,divide,1,7,0,1,0,0
79,divide,1,8,0,1,0,0
79,divide,1,9,0,1,0,0
79,divide,2,1,2,1,2,2
79,divide,2,2,2,1,1,1
79,divide,2,3,0,1,0,0
79,divide,2,4,0,1,0,0
79,divide,2,5,0,1,0,0
79,divide,2,6,0,1,0,0
79,divide,2,7,0,1,0,0
79,divide,2,8,0,1,0,0
79,divide,2,9,0,1,0,0
79,divide,3,1,3,1,3,3
79,divide,3,2,2,1,1,1
79,divide,3,3,3,1,1,1
79,divide,3,4,0,1,0,0
79,divide,3,5,0,1,0,0
79,divide,3,6,0,1,0,0
79,divide,3,7,0,1,0,0
79,divide,3,8,0,1,0,0
79,divide,3,9,0,1,0,0
79,divide,4,1,4,1,4,4
79,divide,4,2,4,1,2,2
79,divide,4,3,3,1,1,1
79,divide,4,4,4,1,1,1
79,divide,4,5,0,1,0,0
79,divide,4,6,0,1,0,0
79,divide,4,7,0,1,0,0
79,divide,4,8,0,1,0,0
79,divide,4,9,0,1,0,0
79,divide,5,1,5,1,5,5
79,divide,5,2,4,1,2,2
79,divide,5,3,3,1,1,1
79,divide,5,4,4,1,1,1
79,divide,5,5,5,1,1,1
79,divide,5,6,0,1,0,0
79,divide,5,7,0,1,0,0
79,divide,5,8,0,1,0,0
79,divide,5,9,0,1,0,0
79,divide,6,1,6,1,6,6
79,divide,6,2,6,1,3,3
79,divide,6,3,6,1,2,2
79,divide,6,4,4,1,1,1
79,divide,6,5,5,1,1,1
79,divide,6,6,6,1,1,1
79,divide,6,7,0,1,0,0
79,divide,6,8,0,1,0,0
79,divide,6,9,0,1,0,0
79,divide,7,1,7,1,7,7
79,divide,7,2,6,1,3,3
79,divide,7,3,6,1,2,2
79,divide,7,4,4,1,1,1
79,divide,7,5,5,1,1,1
79,divide,7,6,6,1,1,1
79,divide,7,7,7,1,1,1
79,divide,7,8,0,1,0,0
79,divide,7,9,0,1,0,0
79,divide,8,1,8,1,8,8
79,divide,8,2,8,1,4,4
79,divide,8,3,6,1,2,2
79,divide,8,4,8,1,2,2
79,divide,8,5,5,1,1,1
79,divide,8,6,6,1,1,1
79,divide,8,7,7,1,1,1
79,divide,8,8,8,1,1,1
79,divide,8,9,0,1,0,0
79,divide,9,1,9,1,9,9
79,divide,9,2,8,1,4,4
79,divide,9,3,9,1,3,3
79,divide,9,4,8,1,2,2
79,divide,9,5,5,1,1,1
79,divide,9,6,6,1,1,1
79,divide,9,7,7,1,1,1
79,divide,9,8,8,1,1,1
79,divide,9,9,9,1,1,1
85,add,1,1,1,1,2,2
85,add,1,2,2,1,3,3
85,add,1,3,3,1,4,4
85,add,1,4,4,1,5,5
85,add,1,5,5,1,6,6
85,add,1,6,6,1,7,7
85,add,1,7,7,1,8,8
85,add,1,8,8,1,9,9
85,add,1,9,9,1,10,10
85,add,2,1,1,1,3,3
85,add,2,2,2,1,4,4
85,add,2,3,3,1,5,5
85,add,2,4,4,1,6,6
85,add,2,5,5,1,7,7
85,add,2,6,6,1,8,8
85,add,2,7,7,1,9,9
85,add,2,8,8,1,10,10
85,add,2,9,9,1,11,11
85,add,3,1,1,1,4,4
85,add,3,2,2,1,5,5
85,add,3,3,3,1,6,6
85,add,3,4,4,1,7,7
85,add,3,5,5,1,8,8
85,add,3,6,6,1,9,9
85,add,3,7,7,1,10,10
85,add,3,8,8,1,11,11
85,add,3,9,9,1,12,12
85,add,4,1,1,1,5,5
85,add,4,2,2,1,6,6
85,add,4,3,3,1,7,7
85,add,4,4,4,1,8,8
85,add,4,5,5,1,9,9
85,add,4,6,6,1,10,10
85,add,4,7,7,1,11,11
85,add,4,8,8,1,12,12
85,add,4,9,9,1,13,13
85,add,5,1,1,1,6,6
85,add,5,2,2,1,7,7
85,add,5,3,3,1,8,8
85,add,5,4,4,1,9,9
85,add,5,5,5,1,10,10
85,add,5,6,6,1,11,11
85,add,5,7,7,1,12,12
85,add,5,8,8,1,13,13
85,add,5,9,9,1,14,14
85,add,6,1,1,1,7,7
85,add,6,2,2,1,8,8
85,add,6,3,3,1,9,9
85,add,6,4,4,1,10,10
85,add,6,5,5,1,11,11
85,add,6,6,6,1,12,12
85,add,6,7,7,1,13,13
85,add,6,8,8,1,14,14
85,add,6,9,9,1,15,15
85,add,7,1,1,1,8,8
85,add,7,2,2,1,9,9
85,add,7,3,3,1,10,10
85,add,7,4,4,1,11,11
85,add,7,5,5,1,12,12
85,add,7,6,6,1,13,13
85,add,7,7,7,1,14,14
85,add,7,8,8,1,15,15
85,add,7,9,9,1,16,16
85,add,8,1,1,1,9,9
85,add,8,2,2,1,10,10
85,add,8,3,3,1,11,11
85,add,8,4,4,1,12,12
85,add,8,5,5,1,13,13
85,add,8,6,6,1,14,14
85,add,8,7,7,1,15,15
85,add,8,8,8,1,16,16
85,add,8,9,9,1,17,17
85,add,9,1,1,1,10,10
85,add,9,2,2,1,11,11
85,add,9,3,3,1,12,12
85,add,9,4,4,1,13,13
85,add,9,5,5,1,14,14
85,add,9,6,6,1,15,15
85,add,9,7,7,1,16,16
85,add,9,8,8,1,17,17
85,add,9,9,9,1,18,18
85,subtract,1,1,1,1,0,0
85,subtract,1,2,2,1,0,0
85,subtract,1,3,3,1,0,0
85,subtract,1,4,4,1,0,0
85,subtract,1,5,5,1,0,0
85,subtract,1,6,6,1,0,0
85,subtract,1,7,7,1,0,0
85,subtract,1,8,8,1,0,0
85,subtract,1,9,9,1,0,0
85,subtract,2,1,1,1,1,1
85,subtract,2,2,2,1,0,0
85,subtract,2,3,3,1,0,0
85,subtract,2,4,4,1,0,0
85,subtract,2,5,5,1,0,0
85,subtract,2,6,6,1,0,0
85,subtract,2,7,7,1,0,0
85,subtract,2,8,8,1,0,0
85,subtract,2,9,9,1,0,0
85,subtract,3,1,1,1,2,2
85,subtract,3,2,2,1,1,1
85,subtract,3,3,3,1,0,0
85,subtract,3,4,4,1,0,0
85,subtract,3,5,5,1,0,0
85,subtract,3,6,6,1,0,0
85,subtract,3,7,7,1,0,0
85,subtract,3,8,8,1,0,0
85,subtract,3,9,9,1,0,0
85,subtract,4,1,1,1,3,3
85,subtract,4,2,2,1,2,2
85,subtract,4,3,3,1,1,1
85,subtract,4,4,4,1,0,0
85,subtract,4,5,5,1,0,0
85,subtract,4,6,6,1,0,0
85,subtract,4,7,7,1,0,0
85,subtract,4,8,8,1,0,0
85,subtract,4,9,9,1,0,0
85,subtract,5,1,1,1,4,4
85,subtract,5,2,2,1,3,3
85,subtract,5,3,3,1,2,2
85,subtract,5,4,4,1,1,1
85,subtract,5,5,5,1,0,0
85,subtract,5,6,6,1,0,0
85,subtract,5,7,7,1,0,0
85,subtract,5,8,8,1,0,0
85,subtract,5,9,9,1,0,0
85,subtract,6,1,1,1,5,5
85,subtract,6,2,2,1,4,4
85,subtract,6,3,3,1,3,3
85,subtract,6,4,4,1,2,2
85,subtract,6,5,5,1,1,1
85,subtract,6,6,6,1,0,0
85,subtract,6,7,7,1,0,0
85,subtract,6,8,8,1,0,0
85,subtract,6,9,9,1,0,0
85,subtract,7,1,1,1,6,6
85,subtract,7,2,2,1,5,5
85,subtract,7,3,3,1,4,4
85,subtract,7,4,4,1,3,3
85,subtract,7,5,5,1,2,2
85,subtract,7,6,6,1,1,1
85,subtract,7,7,7,1,0,0
85,subtract,7,8,8,1,0,0
85,subtract,7,9,9,1,0,0
85,subtract,8,1,1,1,7,7
85,subtract,8,2,2,1,6,6
85,subtract,8,3,3,1,5,5
85,subtract,8,4,4,1,4,4
85,subtract,8,5,5,1,3,3
85,subtract,8,6,6,1,2,2
85,subtract,8,7,7,1,1,1
85,subtract,8,8,8,1,0,0
85,subtract,8,9,9,1,0,0
85,subtract,9,1,1,1,8,8
85,subtract,9,2,2,1,7,7
85,subtract,9,3,3,1,6,6
85,subtract,9,4,4,1,5,5
85,subtract,9,5,5,1,4,4
85,subtract,9,6,6,1,3,3
85,subtract,9,7,7,1,2,2
85,subtract,9,8,8,1,1,1
85,subtract,9,9,9,1,0,0
85,multiply,1,1,1,1,1,1
85,multiply,1,2,2,1,2,2
85,multiply,1,3,3,1,3,3
85,multiply,1,4,4,1,4,4
85,multiply,1,5,5,1,5,5
85,multiply,1,6,6,1,6,6
85,multiply,1,7,7,1,7,7
85,multiply,1,8,8,1,8,8
85,multiply,1,9,9,1,9,9
85,multiply,2,1,2,1,2,2
85,multiply,2,2,4,1,4,4
85,multiply,2,3,6,1,6,6
85,multiply,2,4,8,1,8,8
85,multiply,2,5,10,1,10,10
85,multiply,2,6,12,1,12,12
85,multiply,2,7,14,1,14,14
85,multiply,2,8,16,1,16,16
85,multiply,2,9,18,1,18,18
85,multiply,3,1,3,1,3,3
85,multiply,3,2,6,1,6,6
85,multiply,3,3,9,1,9,9
85,multiply,3,4,12,1,12,12
85,multiply,3,5,15,1,15,15
85,multiply,3,6,18,1,18,18
85,multiply,3,7,21,1,21,21
85,multiply,3,8,24,1,24,24
85,multiply,3,9,27,1,27,27
85,multiply,4,1,4,1,4,4
85,multiply,4,2,8,1,8,8
85,multiply,4,3,12,1,12,12
85,multiply,4,4,16,1,16,16
85,multiply,4,5,20,1,20,20
85,multiply,4,6,24,1,24,24
85,multiply,4,7,28,1,28,28
85,multiply,4,8,32,1,32,32
85,multiply,4,9,36,1,36,36
85,multiply,5,1,5,1,5,5
85,multiply,5,2,10,1,10,10
85,multiply,5,3,15,1,15,15
85,multiply,5,4,20,1,20,20
85,multiply,5,5,25,1,25,25
85,multiply,5,6,30,1,30,30
85,multiply,5,7,35,1,35,35
85,multiply,5,8,40,1,40,40
85,multiply,5,9,45,1,45,45
85,multiply,6,1,6,1,6,6
85,multiply,6,2,12,1,12,12
85,multiply,6,3,18,1,18,18
85,multiply,6,4,24,1,24,24
85,multiply,6,5,30,1,30,30
85,multiply,6,6,36,1,36,36
85,multiply,6,7,42,1,42,42
85,multiply,6,8,48,1,48,48
85,multiply,6,9,54,1,54,54
85,multiply,7,1,7,1,7,7
85,multiply,7,2,14,1,14,14
85,multiply,7,3,21,1,21,21
85,multiply,7,4,28,1,28,28
85,multiply,7,5,35,1,35,35
85,multiply,7,6,42,1,42,42
85,multiply,7,7,49,1,49,49
85,multiply,7,8,56,1,56,56
85,multiply,7,9,63,1,63,63
85,multiply,8,1,8,1,8,8
85,multiply,8,2,16,1,16,16
85,multiply,8,3,24,1,24,24
85,multiply,8,4,32,1,32,32
85,multiply,8,5,40,1,40,40
85,multiply,8,6,48,1,48,48
85,multiply,8,7,56,1,56,56
85,multiply,8,8,64,1,64,64
85,multiply,8,9,72,1,72,72
85,multiply,9,1,9,1,9,9
85,multiply,9,2,18,1,18,18
85,multiply,9,3,27,1,27,27
85,multiply,9,4,36,1,36,36
85,multiply,9,5,45,1,45,45
85,multiply,9,6,54,1,54,54
85,multiply,9,7,63,1,63,63
85,multiply,9,8,72,1,72,72
85,multiply,9,9,81,1,81,81
85,divide,1,1,1,1,1,1
85,divide,1,2,0,1,0,0
85,divide,1,3,0,1,0,0
85,divide,1,4,0,1,0,0
85,divide,1,5,0,1,0,0
85,divide,1,6,0,1,0,0
85,divide,1,7,0,1,0,0
85,divide,1,8,0,1,0,0
85,divide,1,9,0,1,0,0
85,divide,2,1,2,1,2,2
85,divide,2,2,2,1,1,1
85,divide,2,3,0,1,0,0
85,divide,2,4,0,1,0,0
85,divide,2,5,0,1,0,0
85,divide,2,6,0,1,0,0
85,divide,2,7,0,1,0,0
85,divide,2,8,0,1,0,0
85,divide,2,9,0,1,0,0
85,divide,3,1,3,1,3,3
85,divide,3,2,2,1,1,1
85,divide,3,3,3,1,1,1
85,divide,3,4,0,1,0,0
85,divide,3,5,0,1,0,0
85,divide,3,6,0,1,0,0
85,divide,3,7,0,1,0,0
85,divide,3,8,0,1,0,0
85,divide,3,9,0,1,0,0
85,divide,4,1,4,1,4,4
85,divide,4,2,4,1,2,2
85,divide,4,3,3,1,1,1
85,divide,4,4,4,1,1,1
85,divide,4,5,0,1,0,0
85,divide,4,6,0,1,0,0
85,divide,4,7,0,1,0,0
85,divide,4,8,0,1,0,0
85,divide,4,9,0,1,0,0
85,divide,5,1,5,1,5,5
85,divide,5,2,4,1,2,2
85,divide,5,3,3,1,1,1
85,divide,5,4,4,1,1,1
85,divide,5,5,5,1,1,1
85,divide,5,6,0,1,0,0
85,divide,5,7,0,1,0,0
85,divide,5,8,0,1,0,0
85,divide,5,9,0,1,0,0
85,divide,6,1,6,1,6,6
85,divide,6,2,6,1,3,3
85,divide,6,3,6,1,2,2
85,divide,6,4,4,1,1,1
85,divide,6,5,5,1,1,1
85,divide,6,6,6,1,1,1
85,divide,6,7,0,1,0,0
85,divide,6,8,0,1,0,0
85,divide,6,9,0,1,0,0
85,divide,7,1,7,1,7,7
85,divide,7,2,6,1,3,3
85,divide,7,3,6,1,2,2
85,divide,7,4,4,1,1,1
85,divide,7,5,5,1,1,1
85,divide,7,6,6,1,1,1
85,divide,7,7,7,1,1,1
85,divide,7,8,0,1,0,0
85,divide,7,9,0,1,0,0
85,divide,8,1,8,1,8,8
85,divide,8,2,8,1,4,4
85,divide,8,3,6,1,2,2
85,divide,8,4,8,1,2,2
85,divide,8,5,5,1,1,1
85,divide,8,6,6,1,1,1
85,divide,8,7,7,1,1,1
85,divide,8,8,8,1,1,1
85,divide,8,9,0,1,0,0
85,divide,9,1,9,1,9,9
85,divide,9,2,8,1,4,4
85,divide,9,3,9,1,3,3
85,divide,9,4,8,1,2,2
85,divide,9,5,5,1,1,1
85,divide,9,6,6,1,1,1
85,divide,9,7,7,1,1,1
85,divide,9,8,8,1,1,1
85,divide,9,9,9,1,1,1
95,add,1,1,1,1,2,2
95,add,1,2,2,1,3,3
95,add,1,3,3,1,4,4
95,add,1,4,4,1,5,5
95,add,1,5,5,1,6,6
95,add,1,6,6,1,7,7
95,add,1,7,7,1,8,8
95,add,1,8,8,1,9,9
95,add,1,9,9,1,10,10
95,add,2,1,1,1,3,3
95,add,2,2,2,1,4,4
95,add,2,3,3,1,5,5
95,add,2,4,4,1,6,6
95,add,2,5,5,1,7,7
95,add,2,6,6,1,8,8
95,add,2,7,7,1,9,9
95,add,2,8,8,1,10,10
95,add,2,9,9,1,11,11
95,add,3,1,1,1,4,4
95,add,3,2,2,1,5,5
95,add,3,3,3,1,6,6
95,add,3,4,4,1,7,7
95,add,3,5,5,1,8,8
95,add,3,6,6,1,9,9
95,add,3,7,7,1,10,10
95,add,3,8,8,1,11,11
95,add,3,9,9,1,12,12
95,add,4,1,1,1,5,5
95,add,4,2,2,1,6,6
95,add,4,3,3,1,7,7
95,add,4,4,4,1,8,8
95,add,4,5,5,1,9,9
95,add,4,6,6,1,10,10
95,add,4,7,7,1,11,11
95,add,4,8,8,1,12,12
95,add,4,9,9,1,13,13
95,add,5,1,1,1,6,6
95,add,5,2,2,1,7,7
95,add,5,3,3,1,8,8
95,add,5,4,4,1,9,9
95,add,5,5,5,1,10,10
95,add,5,6,6,1,11,11
95,add,5,7,7,1,12,12
95,add,5,8,8,1,13,13
95,add,5,9,9,1,14,14
95,add,6,1,1,1,7,7
95,add,6,2,2,1,8,8
95,add,6,3,3,1,9,9
95,add,6,4,4,1,10,10
95,add,6,5,5,1,11,11
95,add,6,6,6,1,12,12
95,add,6,7,7,1,13,13
95,add,6,8,8,1,14,14
95,add,6,9,9,1,15,15
95,add,7,1,1,1,8,8
95,add,7,2,2,1,9,9
95,add,7,3,3,1,10,10
95,add,7,4,4,1,11,11
95,add,7,5,5,1,12,12
95,add,7,6,6,1,13,13
95,add,7,7,7,1,14,14
95,add,7,8,8,1,15,15
95,add,7,9,9,1,16,16
95,add,8,1,1,1,9,9
95,add,8,2,2,1,10,10
95,add,8,3,3,1,11,11
95,add,8,4,4,1,12,12
95,add,8,5,5,1,13,13
95,add,8,6,6,1,14,14
95,add,8,7,7,1,15,15
95,add,8,8,8,1,16,16
95,add,8,9,9,1,17,17
95,add,9,1,1,1,10,10
95,add,9,2,2,1,11,11
95,add,9,3,3,1,12,12
95,add,9,4,4,1,13,13
95,add,9,5,5,1,14,14
95,add,9,6,6,1,15,15
95,add,9,7,7,1,16,16
95,add,9,8,8,1,17,17
95,add,9,9,9,1,18,18
95,subtract,1,1,1,1,0,0
95,subtract,1,2,2,1,0,0
95,subtract,1,3,3,1,0,0
95,subtract,1,4,4,1,0,0
95,subtract,1,5,5,1,0,0
95,subtract,1,6,6,1,0,0
95,subtract,1,7,7,1,0,0
95,subtract,1,8,8,1,0,0
95,subtract,1,9,9,1,0,0
95,subtract,2,1,1,1,1,1
95,subtract,2,2,2,1,0,0
95,subtract,2,3,3,1,0,0
95,subtract,2,4,4,1,0,0
95,subtract,2,5,5,1,0,0
95,subtract,2,6,6,1,0,0
95,subtract,2,7,7,1,0,0
95,subtract,2,8,8,1,0,0
95,subtract,2,9,9,1,0,0
95,subtract,3,1,1,1,2,2
95,subtract,3,2,2,1,1,1
95,subtract,3,3,3,1,0,0
95,subtract,3,4,4,1,0,0
95,subtract,3,5,5,1,0,0
95,subtract,3,6,6,1,0,0
95,subtract,3,7,7,1,0,0
95,subtract,3,8,8,1,0,0
95,subtract,3,9,9,1,0,0
95,subtract,4,1,1,1,3,3
95,subtract,4,2,2,1,2,2
95,subtract,4,3,3,1,1,1
95,subtract,4,4,4,1,0,0
95,subtract,4,5,5,1,0,0
95,subtract,4,6,6,1,0,0
95,subtract,4,7,7,1,0,0
95,subtract,4,8,8,1,0,0
95,subtract,4,9,9,1,0,0
95,subtract,5,1,1,1,4,4
95,subtract,5,2,2,1,3,3
95,subtract,5,3,3,1,2,2
95,subtract,5,4,4,1,1,1
95,subtract,5,5,5,1,0,0
95,subtract,5,6,6,1,0,0
95,subtract,5,7,7,1,0,0
95,subtract,5,8,8,1,0,0
95,subtract,5,9,9,1,0,0
95,subtract,6,1,1,1,5,5
95,subtract,6,2,2,1,4,4
95,subtract,6,3,3,1,3,3
95,subtract,6,4,4,1,2,2
95,subtract,6,5,5,1,1,1
95,subtract,6,6,6,1,0,0
95,subtract,6,7,7,1,0,0
95,subtract,6,8,8,1,0,0
95,subtract,6,9,9,1,0,0
95,subtract,7,1,1,1,6,6
95,subtract,7,2,2,1,5,5
95,subtract,7,3,3,1,4,4
95,subtract,7,4,4,1,3,3
95,subtract,7,5,5,1,2,2
95,subtract,7,6,6,1,1,1
95,subtract,7,7,7,1,0,0
95,subtract,7,8,8,1,0,0
95,subtract,7,9,9,1,0,0
95,subtract,8,1,1,1,7,7
95,subtract,8,2,2,1,6,6
95,subtract,8,3,3,1,5,5
95,subtract,8,4,4,1,4,4
95,subtract,8,5,5,1,3,3
95,subtract,8,6,6,1,2,2
95,subtract,8,7,7,1,1,1
95,subtract,8,8,8,1,0,0
95,subtract,8,9,9,1,0,0
95,subtract,9,1,1,1,8,8
95,subtract,9,2,2,1,7,7
95,subtract,9,3,3,1,6,6
95,subtract,9,4,4,1,5,5
95,subtract,9,5,5,1,4,4
95,subtract,9,6,6,1,3,3
95,subtract,9,7,7,1,2,2
95,subtract,9,8,8,1,1,1
95,subtract,9,9,9,1,0,0
95,multiply,1,1,1,1,1,1
95,multiply,1,2,2,1,2,2
95,multiply,1,3,3,1,3,3
95,multiply,1,4,4,1,4,4
95,multiply,1,5,5,1,5,5
95,multiply,1,6,6,1,6,6
95,multiply,1,7,7,1,7,7
95,multiply,1,8,8,1,8,8
95,multiply,1,9,9,1,9,9
95,multiply,2,1,2,1,2,2
95,multiply,2,2,4,1,4,4
95,multiply,2,3,6,1,6,6
95,multiply,2,4,8,1,8,8
95,multiply,2,5,10,1,10,10
95,multiply,2,6,12,1,12,12
95,multiply,2,7,14,1,14,14
95,multiply,2,8,16,1,16,16
95,multiply,2,9,18,1,18,18
95,multiply,3,1,3,1,3,3
95,multiply,3,2,6,1,6,6
95,multiply,3,3,9,1,9,9
95,multiply,3,4,12,1,12,12
95,multiply,3,5,15,1,15,15
95,multiply,3,6,18,1,18,18
95,multiply,3,7,21,1,21,21
95,multiply,3,8,24,1,24,24
95,multiply,3,9,27,1,27,27
95,multiply,4,1,4,1,4,4
95,multiply,4,2,8,1,8,8
95,multiply,4,3,12,1,12,12
95,multiply,4,4,16,1,16,16
95,multiply,4,5,20,1,20,20
95,multiply,4,6,24,1,24,24
95,multiply,4,7,28,1,28,28
95,multiply,4,8,32,1,32,32
95,multiply,4,9,36,1,36,36
95,multiply,5,1,5,1,5,5
95,multiply,5,2,10,1,10,10
95,multiply,5,3,15,1,15,15
95,multiply,5,4,20,1,20,20
95,multiply,5,5,25,1,25,25
95,multiply,5,6,30,1,30,30
95,multiply,5,7,35,1,35,35
95,multiply,5,8,40,1,40,40
95,multiply,5,9,45,1,45,45
95,multiply,6,1,6,1,6,6
95,multiply,6,2,12,1,12,12
95,multiply,6,3,18,1,18,18
95,multiply,6,4,24,1,24,24
95,multiply,6,5,30,1,30,30
95,multiply,6,6,36,1,36,36
95,multiply,6,7,42,1,42,42
95,multiply,6,8,48,1,48,48
95,multiply,6,9,54,1,54,54
95,multiply,7,1,7,1,7,7
95,multiply,7,2,14,1,14,14
95,multiply,7,3,21,1,21,21
95,multiply,7,4,28,1,28,28
95,multiply,7,5,35,1,35,35
95,multiply,7,6,42,1,42,42
95,multiply,7,7,49,1,49,49
95,multiply,7,8,56,1,56,56
95,multiply,7,9,63,1,63,63
95,multiply,8,1,8,1,8,8
95,multiply,8,2,16,1,16,16
95,multiply,8,3,24,1,24,24
95,multiply,8,4,32,1,32,32
95,multiply,8,5,40,1,40,40
95,multiply,8,6,48,1,48,48
95,multiply,8,7,56,1,56,56
95,multiply,8,8,64,1,64,64
95,multiply,8,9,72,1,72,72
95,multiply,9,1,9,1,9,9
95,multiply,9,2,18,1,18,18
95,multiply,9,3,27,1,27,27
95,multiply,9,4,36,1,36,36
95,multiply,9,5,45,1,45,45
95,multiply,9,6,54,1,54,54
95,multiply,9,7,63,1,63,63
95,multiply,9,8,72,1,72,72
95,multiply,9,9,81,1,81,81
95,divide,1,1,1,1,1,1
95,divide,1,2,0,1,0,0
95,divide,1,3,0,1,0,0
95,divide,1,4,0,1,0,0
95,divide,1,5,0,1,0,0
95,divide,1,6,0,1,0,0
95,divide,1,7,0,1,0,0
95,divide,1,8,0,1,0,0
95,divide,1,9,0,1,0,0
95,divide,2,1,2,1,2,2
95,divide,2,2,2,1,1,1
95,divide,2,3,0,1,0,0
95,divide,2,4,0,1,0,0
95,divide,2,5,0,1,0,0
95,divide,2,6,0,1,0,0
95,divide,2,7,0,1,0,0
95,divide,2,8,0,1,0,0
95,divide,2,9,0,1,0,0
95,divide,3,1,3,1,3,3
95,divide,3,2,2,1,1,1
95,divide,3,3,3,1,1,1
95,divide,3,4,0,1,0,0
95,divide,3,5,0,1,0,0
95,divide,3,6,0,1,0,0
95,divide,3,7,0,1,0,0
95,divide,3,8,0,1,0,0
95,divide,3,9,0,1,0,0
95,divide,4,1,4,1,4,4
95,divide,4,2,4,1,2,2
95,divide,4,3,3,1,1,1
95,divide,4,4,4,1,1,1
95,divide,4,5,0,1,0,0
95,divide,4,6,0,1,0,0
95,divide,4,7,0,1,0,0
95,divide,4,8,0,1,0,0
95,divide,4,9,0,1,0,0
95,divide,5,1,5,1,5,5
95,divide,5,2,4,1,2,2
95,divide,5,3,3,1,1,1
95,divide,5,4,4,1,1,1
95,divide,5,5,5,1,1,1
95,divide,5,6,0,1,0,0
95,divide,5,7,0,1,0,0
95,divide,5,8,0,1,0,0
95,divide,5,9,0,1,0,0
95,divide,6,1,6,1,6,6
95,divide,6,2,6,1,3,3
95,divide,6,3,6,1,2,2
95,divide,6,4,4,1,1,1
95,divide,6,5,5,1,1,1
95,divide,6,6,6,1,1,1
95,divide,6,7,0,1,0,0
95,divide,6,8,0,1,0,0
95,divide,6,9,0,1,0,0
95,divide,7,1,7,1,7,7
95,divide,7,2,6,1,3,3
95,divide,7,3,6,1,2,2
95,divide,7,4,4,1,1,1
95,divide,7,5,5,1,1,1
95,divide,7,6,6,1,1,1
95,divide,7,7,7,1,1,1
95,divide,7,8,0,1,0,0
95,divide,7,9,0,1,0,0
95,divide,8,1,8,1,8,8
95,divide,8,2,8,1,4,4
95,divide,8,3,6,1,2,2
95,divide,8,4,8,1,2,2
95,divide,8,5,5,1,1,1
95,divide,8,6,6,1,1,1
95,divide,8,7,7,1,1,1
95,divide,8,8,8,1,1,1
95,divide,8,9,0,1,0,0
95,divide,9,1,9,1,9,9
95,divide,9,2,8,1,4,4
95,divide,9,3,9,1,3,3
95,divide,9,4,8,1,2,2
95,divide,9,5,5,1,1,1
95,divide,9,6,6,1,1,1
95,divide,9,7,7,1,1,1
95,divide,9,8,8,1,1,1
95,divide,9,9,9,1,1,1
22,add,1,1,1,1,2,2
22,add,1,2,2,1,3,3
22,add,1,3,3,1,4,4
22,add,1,4,4,1,5,5
22,add,1,5,5,1,6,6
22,add,1,6,6,1,7,7
22,add,1,7,7,1,8,8
22,add,1,8,8,1,9,9
22,add,1,9,9,1,10,10
22,add,2,1,1,1,3,3
22,add,2,2,2,1,4,4
22,add,2,3,3,1,5,5
22,add,2,4,4,1,6,6
22,add,2,5,5,1,7,7
22,add,2,6,6,1,8,8
22,add,2,7,7,1,9,9
22,add,2,8,8,1,10,10
22,add,2,9,9,1,11,11
22,add,3,1,1,1,4,4
22,add,3,2,2,1,5,5
22,add,3,3,3,1,6,6
22,add,3,4,4,1,7,7
22,add,3,5,5,1,8,8
22,add,3,6,6,1,9,9
22,add,3,7,7,1,10,10
22,add,3,8,8,1,11,11
22,add,3,9,9,1,12,12
22,add,4,1,1,1,5,5
22,add,4,2,2,1,6,6
22,add,4,3,3,1,7,7
22,add,4,4,4,1,8,8
22,add,4,5,5,1,9,9
22,add,4,6,6,1,10,10
22,add,4,7,7,1,11,11
22,add,4,8,8,1,12,12
22,add,4,9,9,1,13,13
22,add,5,1,1,1,6,6
22,add,5,2,2,1,7,7
22,add,5,3,3,1,8,8
22,add,5,4,4,1,9,9
22,add,5,5,5,1,10,10
22,add,5,6,6,1,11,11
22,add,5,7,7,1,12,12
22,add,5,8,8,1,13,13
22,add,5,9,9,1,14,14
22,add,6,1,1,1,7,7
22,add,6,2,2,1,8,8
22,add,6,3,3,1,9,9
22,add,6,4,4,1,10,10
22,add,6,5,5,1,11,11
22,add,6,6,6,1,12,12
22,add,6,7,7,1,13,13
22,add,6,8,8,1,14,14
22,add,6,9,9,1,15,15
22,add,7,1,1,1,8,8
22,add,7,2,2,1,9,9
22,add,7,3,3,1,10,10
22,add,7,4,4,1,11,11
22,add,7,5,5,1,12,12
22,add,7,6,6,1,13,13
22,add,7,7,7,1,14,14
22,add,7,8,8,1,15,15
22,add,7,9,9,1,16,16
22,add,8,1,1,1,9,9
22,add,8,2,2,1,10,10
22,add,8,3,3,1,11,11
22,add,8,4,4,1,12,12
22,add,8,5,5,1,13,13
22,add,8,6,6,1,14,14
22,add,8,7,7,1,15,15
22,add,8,8,8,1,16,16
22,add,8,9,9,1,17,17
22,add,9,1,1,1,10,10
22,add,9,2,2,1,11,11
22,add,9,3,3,1,12,12
22,add,9,4,4,1,13,13
22,add,9,5,5,1,14,14
22,add,9,6,6,1,15,15
22,add,9,7,7,1,16,16
22,add,9,8,8,1,17,17
22,add,9,9,9,1,18,18
22,subtract,1,1,1,1,0,0
22,subtract,1,2,2,1,0,0
22,subtract,1,3,3,1,0,0
22,subtract,1,4,4,1,0,0
22,subtract,1,5,5,1,0,0
22,subtract,1,6,6,1,0,0
22,subtract,1,7,7,1,0,0
22,subtract,1,8,8,1,0,0
22,subtract,1,9,9,1,0,0
22,subtract,2,1,1,1,1,1
22,subtract,2,2,2,1,0,0
22,subtract,2,3,3,1,0,0
22,subtract,2,4,4,1,0,0
22,subtract,2,5,5,1,0,0
22,subtract,2,6,6,1,0,0
22,subtract,2,7,7,1,0,0
22,subtract,2,8,8,1,0,0
22,subtract,2,9,9,1,0,0
22,subtract,3,1,1,1,2,2
22,subtract,3,2,2,1,1,1
22,subtract,3,3,3,1,0,0
22,subtract,3,4,4,1,0,0
22,subtract,3,5,5,1,0,0
22,subtract,3,6,6,1,0,0
22,subtract,3,7,7,1,0,0
22,subtract,3,8,8,1,0,0
22,subtract,3,9,9,1,0,0
22,subtract,4,1,1,1,3,3
22,subtract,4,2,2,1,2,2
22,subtract,4,3,3,1,1,1
22,subtract,4,4,4,1,0,0
22,subtract,4,5,5,1,0,0
22,subtract,4,6,6,1,0,0
22,subtract,4,7,7,1,0,0
22,subtract,4,8,8,1,0,0
22,subtract,4,9,9,1,0,0
22,subtract,5,1,1,1,4,4
22,subtract,5,2,2,1,3,3
22,subtract,5,3,3,1,2,2
22,subtract,5,4,4,1,1,1
22,subtract,5,5,5,1,0,0
22,subtract,5,6,6,1,0,0
22,subtract,5,7,7,1,0,0
22,subtract,5,8,8,1,0,0
22,subtract,5,9,9,1,0,0
22,subtract,6,1,1,1,5,5
22,subtract,6,2,2,1,4,4
22,subtract,6,3,3,1,3,3
22,subtract,6,4,4,1,2,2
22,subtract,6,5,5,1,1,1
22,subtract,6,6,6,1,0,0
22,subtract,6,7,7,1,0,0
22,subtract,6,8,8,1,0,0
22,subtract,6,9,9,1,0,0
22,subtract,7,1,1,1,6,6
22,subtract,7,2,2,1,5,5
22,subtract,7,3,3,1,4,4
22,subtract,7,4,4,1,3,3
22,subtract,7,5,5,1,2,2
22,subtract,7,6,6,1,1,1
22,subtract,7,7,7,1,0,0
22,subtract,7,8,8,1,0,0
22,subtract,7,9,9,1,0,0
22,subtract,8,1,1,1,7,7
22,subtract,8,2,2,1,6,6
22,subtract,8,3,3,1,5,5
22,subtract,8,4,4,1,4,4
22,subtract,8,5,5,1,3,3
22,subtract,8,6,6,1,2,2
22,subtract,8,7,7,1,1,1
22,subtract,8,8,8,1,0,0
22,subtract,8,9,9,1,0,0
22,subtract,9,1,1,1,8,8
22,subtract,9,2,2,1,7,7
22,subtract,9,3,3,1,6,6
22,subtract,9,4,4,1,5,5
22,subtract,9,5,5,1,4,4
22,subtract,9,6,6,1,3,3
22,subtract,9,7,7,1,2,2
22,subtract,9,8,8,1,1,1
22,subtract,9,9,9,1,0,0
22,multiply,1,1,1,1,1,1
22,multiply,1,2,2,1,2,2
22,multiply,1,3,3,1,3,3
22,multiply,1,4,4,1,4,4
22,multiply,1,5,5,1,5,5
22,multiply,1,6,6,1,6,6
22,multiply,1,7,7,1,7,7
22,multiply,1,8,8,1,8,8
22,multiply,1,9,9,1,9,9
22,multiply,2,1,2,1,2,2
22,multiply,2,2,4,1,4,4
22,multiply,2,3,6,1,6,6
22,multiply,2,4,8,1,8,8
22,multiply,2,5,10,1,10,10
22,multiply,2,6,12,1,12,12
22,multiply,2,7,14,1,14,14
22,multiply,2,8,16,1,16,16
22,multiply,2,9,18,1,18,18
22,multiply,3,1,3,1,3,3
22,multiply,3,2,6,1,6,6
22,multiply,3,3,9,1,9,9
22,multiply,3,4,12,1,12,12
22,multiply,3,5,15,1,15,15
22,multiply,3,6,18,1,18,18
22,multiply,3,7,21,1,21,21
22,multiply,3,8,24,1,24,24
22,multiply,3,9,27,1,27,27
22,multiply,4,1,4,1,4,4
22,multiply,4,2,8,1,8,8
22,multiply,4,3,12,1,12,12
22,multiply,4,4,16,1,16,16
22,multiply,4,5,20,1,20,20
22,multiply,4,6,24,1,24,24
22,multiply,4,7,28,1,28,28
22,multiply,4,8,32,1,32,32
22,multiply,4,9,36,1,36,36
22,multiply,5,1,5,1,5,5
22,multiply,5,2,10,1,10,10
22,multiply,5,3,15,1,15,15
22,multiply,5,4,20,1,20,20
22,multiply,5,5,25,1,25,25
22,multiply,5,6,30,1,30,30
22,multiply,5,7,35,1,35,35
22,multiply,5,8,40,1,40,40
22,multiply,5,9,45,1,45,45
22,multiply,6,1,6,1,6,6
22,multiply,6,2,12,1,12,12
22,multiply,6,3,18,1,18,18
22,multiply,6,4,24,1,24,24
22,multiply,6,5,30,1,30,30
22,multiply,6,6,36,1,36,36
22,multiply,6,7,42,1,42,42
22,multiply,6,8,48,1,48,48
22,multiply,6,9,54,1,54,54
22,multiply,7,1,7,1,7,7
22,multiply,7,2,14,1,14,14
22,multiply,7,3,21,1,21,21
22,multiply,7,4,28,1,28,28
22,multiply,7,5,35,1,35,35
22,multiply,7,6,42,1,42,42
22,multiply,7,7,49,1,49,49
22,multiply,7,8,56,1,56,56
22,multiply,7,9,63,1,63,63
22,multiply,8,1,8,1,8,8
22,multiply,8,2,16,1,16,16
22,multiply,8,3,24,1,24,24
22,multiply,8,4,32,1,32,32
22,multiply,8,5,40,1,40,40
22,multiply,8,6,48,1,48,48
22,multiply,8,7,56,1,56,56
22,multiply,8,8,64,1,64,64
22,multiply,8,9,72,1,72,72
22,multiply,9,1,9,1,9,9
22,multiply,9,2,18,1,18,18
22,multiply,9,3,27,1,27,27
22,multiply,9,4,36,1,36,36
22,multiply,9,5,45,1,45,45
22,multiply,9,6,54,1,54,54
22,multiply,9,7,63,1,63,63
22,multiply,9,8,72,1,72,72
22,multiply,9,9,81,1,81,81
22,divide,1,1,1,1,1,1
22,divide,1,2,0,1,0,0
22,divide,1,3,0,1,0,0
22,divide,1,4,0,1,0,0
22,divide,1,5,0,1,0,0
22,divide,1,6,0,1,0,0
22,divide,1,7,0,1,0,0
22,divide,1,8,0,1,0,0
22,divide,1,9,0,1,0,0
22,divide,2,1,2,1,2,2
22,divide,2,2,2,1,1,1
22,divide,2,3,0,1,0,0
22,divide,2,4,0,1,0,0
22,divide,2,5,0,1,0,0
22,divide,2,6,0,1,0,0
22,divide,2,7,0,1,0,0
22,divide,2,8,0,1,0,0
22,divide,2,9,0,1,0,0
22,divide,3,1,3,1,3,3
22,divide,3,2,2,1,1,1
22,divide,3,3,3,1,1,1
22,divide,3,4,0,1,0,0
22,divide,3,5,0,1,0,0
22,divide,3,6,0,1,0,0
22,divide,3,7,0,1,0,0
22,divide,3,8,0,1,0,0
22,divide,3,9,0,1,0,0
22,divide,4,1,4,1,4,4
22,divide,4,2,4,1,2,2
22,divide,4,3,3,1,1,1
22,divide,4,4,4,1,1,1
22,divide,4,5,0,1,0,0
22,divide,4,6,0,1,0,0
22,divide,4,7,0,1,0,0
22,divide,4,8,0,1,0,0
22,divide,4,9,0,1,0,0
22,divide,5,1,5,1,5,5
22,divide,5,2,4,1,2,2
22,divide,5,3,3,1,1,1
22,divide,5,4,4,1,1,1
22,divide,5,5,5,1,1,1
22,divide,5,6,0,1,0,0
22,divide,5,7,0,1,0,0
22,divide,5,8,0,1,0,0
22,divide,5,9,0,1,0,0
22,divide,6,1,6,1,6,6
22,divide,6,2,6,1,3,3
22,divide,6,3,6,1,2,2
22,divide,6,4,4,1,1,1
22,divide,6,5,5,1,1,1
22,divide,6,6,6,1,1,1
22,divide,6,7,0,1,0,0
22,divide,6,8,0,1,0,0
22,divide,6,9,0,1,0,0
22,divide,7,1,7,1,7,7
22,divide,7,2,6,1,3,3
22,divide,7,3,6,1,2,2
22,divide,7,4,4,1,1,1
22,divide,7,5,5,1,1,1
22,divide,7,6,6,1,1,1
22,divide,7,7,7,1,1,1
22,divide,7,8,0,1,0,0
22,divide,7,9,0,1,0,0
22,divide,8,1,8,1,8,8
22,divide,8,2,8,1,4,4
22,divide,8,3,6,1,2,2
22,divide,8,4,8,1,2,2
22,divide,8,5,5,1,1,1
22,divide,8,6,6,1,1,1
22,divide,8,7,7,1,1,1
22,divide,8,8,8,1,1,1
22,divide,8,9,0,1,0,0
22,divide,9,1,9,1,9,9
22,divide,9,2,8,1,4,4
22,divide,9,3,9,1,3,3
22,divide,9,4,8,1,2,2
22,divide,9,5,5,1,1,1
22,divide,9,6,6,1,1,1
22,divide,9,7,7,1,1,1
22,divide,9,8,8,1,1,1
22,divide,9,9,9,1,1,1
28,add,1,1,1,1,2,2
28,add,1,2,2,1,3,3
28,add,1,3,3,1,4,4
28,add,1,4,4,1,5,5
28,add,1,5,5,1,6,6
28,add,1,6,6,1,7,7
28,add,1,7,7,1,8,8
28,add,1,8,8,1,9,9
28,add,1,9,9,1,10,10
28,add,2,1,1,1,3,3
28,add,2,2,2,1,4,4
28,add,2,3,3,1,5,5
28,add,2,4,4,1,6,6
28,add,2,5,5,1,7,7
28,add,2,6,6,1,8,8
28,add,2,7,7,1,9,9
28,add,2,8,8,1,10,10
28,add,2,9,9,1,11,11
28,add,3,1,1,1,4,4
28,add,3,2,2,1,5,5
28,add,3,3,3,1,6,6
28,add,3,4,4,1,7,7
28,add,3,5,5,1,8,8
28,add,3,6,6,1,9,9
28,add,3,7,7,1,10,10
28,add,3,8,8,1,11,11
28,add,3,9,9,1,12,12
28,add,4,1,1,1,5,5
28,add,4,2,2,1,6,6
28,add,4,3,3,1,7,7
28,add,4,4,4,1,8,8
28,add,4,5,5,1,9,9
28,add,4,6,6,1,10,10
28,add,4,7,7,1,11,11
28,add,4,8,8,1,12,12
28,add,4,9,9,1,13,13
28,add,5,1,1,1,6,6
28,add,5,2,2,1,7,7
28,add,5,3,3,1,8,8
28,add,5,4,4,1,9,9
28,add,5,5,5,1,10,10
28,add,5,6,6,1,11,11
28,add,5,7,7,1,12,12
28,add,5,8,8,1,13,13
28,add,5,9,9,1,14,14
28,add,6,1,1,1,7,7
28,add,6,2,2,1,8,8
28,add,6,3,3,1,9,9
28,add,6,4,4,1,10,10
28,add,6,5,5,1,11,11
28,add,6,6,6,1,12,12
28,add,6,7,7,1,13,13
28,add,6,8,8,1,14,14
28,add,6,9,9,1,15,15
28,add,7,1,1,1,8,8
28,add,7,2,2,1,9,9
28,add,7,3,3,1,10,10
28,add,7,4,4,1,11,11
28,add,7,5,5,1,12,12
28,add,7,6,6,1,13,13
28,add,7,7,7,1,14,14
28,add,7,8,8,1,15,15
28,add,7,9,9,1,16,16
28,add,8,1,1,1,9,9
28,add,8,2,2,1,10,10
28,add,8,3,3,1,11,11
28,add,8,4,4,1,12,12
28,add,8,5,5,1,13,13
28,add,8,6,6,1,14,14
28,add,8,7,7,1,15,15
28,add,8,8,8,1,16,16
28,add,8,9,9,1,17,17
28,add,9,1,1,1,10,10
28,add,9,2,2,1,11,11
28,add,9,3,3,1,12,12
28,add,9,4,4,1,13,13
28,add,9,5,5,1,14,14
28,add,9,6,6,1,15,15
28,add,9,7,7,1,16,16
28,add,9,8,8,1,17,17
28,add,9,9,9,1,18,18
28,subtract,1,1,1,1,0,0
28,subtract,1,2,2,1,0,0
28,subtract,1,3,3,1,0,0
28,subtract,1,4,4,1,0,0
28,subtract,1,5,5,1,0,0
28,subtract,1,6,6,1,0,0
28,subtract,1,7,7,1,0,0
28,subtract,1,8,8,1,0,0
28,subtract,1,9,9,1,0,0
28,subtract,2,1,1,1,1,1
28,subtract,2,2,2,1,0,0
28,subtract,2,3,3,1,0,0
28,subtract,2,4,4,1,0,0
28,subtract,2,5,5,1,0,0
28,subtract,2,6,6,1,0,0
28,subtract,2,7,7,1,0,0
28,subtract,2,8,8,1,0,0
28,subtract,2,9,9,1,0,0
28,subtract,3,1,1,1,2,2
28,subtract,3,2,2,1,1,1
28,subtract,3,3,3,1,0,0
28,subtract,3,4,4,1,0,0
28,subtract,3,5,5,1,0,0
28,subtract,3,6,6,1,0,0
28,subtract,3,7,7,1,0,0
28,subtract,3,8,8,1,0,0
28,subtract,3,9,9,1,0,0
28,subtract,4,1,1,1,3,3
28,subtract,4,2,2,1,2,2
28,subtract,4,3,3,1,1,1
28,subtract,4,4,4,1,0,0
28,subtract,4,5,5,1,0,0
28,subtract,4,6,6,1,0,0
28,subtract,4,7,7,1,0,0
28,subtract,4,8,8,1,0,0
28,subtract,4,9,9,1,0,0
28,subtract,5,1,1,1,4,4
28,subtract,5,2,2,1,3,3
28,subtract,5,3,3,1,2,2
28,subtract,5,4,4,1,1,1
28,subtract,5,5,5,1,0,0
28,subtract,5,6,6,1,0,0
28,subtract,5,7,7,1,0,0
28,subtract,5,8,8,1,0,0
28,subtract,5,9,9,1,0,0
28,subtract,6,1,1,1,5,5
28,subtract,6,2,2,1,4,4
28,subtract,6,3,3,1,3,3
28,subtract,6,4,4,1,2,2
28,subtract,6,5,5,1,1,1
28,subtract,6,6,6,1,0,0
28,subtract,6,7,7,1,0,0
28,subtract,6,8,8,1,0,0
28,subtract,6,9,9,1,0,0
28,subtract,7,1,1,1,6,6
28,subtract,7,2,2,1,5,5
28,subtract,7,3,3,1,4,4
28,subtract,7,4,4,1,3,3
28,subtract,7,5,5,1,2,2
28,subtract,7,6,6,1,1,1
28,subtract,7,7,7,1,0,0
28,subtract,7,8,8,1,0,0
28,subtract,7,9,9,1,0,0
28,subtract,8,1,1,1,7,7
28,subtract,8,2,2,1,6,6
28,subtract,8,3,3,1,5,5
28,subtract,8,4,4,1,4,4
28,subtract,8,5,5,1,3,3
28,subtract,8,6,6,1,2,2
28,subtract,8,7,7,1,1,1
28,subtract,8,8,8,1,0,0
28,subtract,8,9,9,1,0,0
28,subtract,9,1,1,1,8,8
28,subtract,9,2,2,1,7,7
28,subtract,9,3,3,1,6,6
28,subtract,9,4,4,1,5,5
28,subtract,9,5,5,1,4,4
28,subtract,9,6,6,1,3,3
28,subtract,9,7,7,1,2,2
28,subtract,9,8,8,1,1,1
28,subtract,9,9,9,1,0,0
28,multiply,1,1,1,1,1,1
28,multiply,1,2,2,1,2,2
28,multiply,1,3,3,1,3,3
28,multiply,1,4,4,1,4,4
28,multiply,1,5,5,1,5,5
28,multiply,1,6,6,1,6,6
28,multiply,1,7,7,1,7,7
28,multiply,1,8,8,1,8,8
28,multiply,1,9,9,1,9,9
28,multiply,2,1,2,1,2,2
28,multiply,2,2,4,1,4,4
28,multiply,2,3,6,1,6,6
28,multiply,2,4,8,1,8,8
28,multiply,2,5,10,1,10,10
28,multiply,2,6,12,1,12,12
28,multiply,2,7,14,1,14,14
28,multiply,2,8,16,1,16,16
28,multiply,2,9,18,1,18,18
28,multiply,3,1,3,1,3,3
28,multiply,3,2,6,1,6,6
28,multiply,3,3,9,1,9,9
28,multiply,3,4,12,1,12,12
28,multiply,3,5,15,1,15,15
28,multiply,3,6,18,1,18,18
28,multiply,3,7,21,1,21,21
28,multiply,3,8,24,1,24,24
28,multiply,3,9,27,1,27,27
28,multiply,4,1,4,1,4,4
28,multiply,4,2,8,1,8,8
28,multiply,4,3,12,1,12,12
28,multiply,4,4,16,1,16,16
28,multiply,4,5,20,1,20,20
28,multiply,4,6,24,1,24,24
28,multiply,4,7,28,1,28,28
28,multiply,4,8,32,1,32,32
28,multiply,4,9,36,1,36,36
28,multiply,5,1,5,1,5,5
28,multiply,5,2,10,1,10,10
28,multiply,5,3,15,1,15,15
28,multiply,5,4,20,1,20,20
28,multiply,5,5,25,1,25,25
28,multiply,5,6,30,1,30,30
28,multiply,5,7,35,1,35,35
28,multiply,5,8,40,1,40,40
28,multiply,5,9,45,1,45,45
28,multiply,6,1,6,1,6,6
28,multiply,6,2,12,1,12,12
28,multiply,6,3,18,1,18,18
28,multiply,6,4,24,1,24,24
28,multiply,6,5,30,1,30,30
28,multiply,6,6,36,1,36,36
28,multiply,6,7,42,1,42,42
28,multiply,6,8,48,1,48,48
28,multiply,6,9,54,1,54,54
28,multiply,7,1,7,1,7,7
28,multiply,7,2,14,1,14,14
28,multiply,7,3,21,1,21,21
28,multiply,7,4,28,1,28,28
28,multiply,7,5,35,1,35,35
28,multiply,7,6,42,1,42,42
28,multiply,7,7,49,1,49,49
28,multiply,7,8,56,1,56,56
28,multiply,7,9,63,1,63,63
28,multiply,8,1,8,1,8,8
28,multiply,8,2,16,1,16,16
28,multiply,8,3,24,1,24,24
28,multiply,8,4,32,1,32,32
28,multiply,8,5,40,1,40,40
28,multiply,8,6,48,1,48,48
28,multiply,8,7,56,1,56,56
28,multiply,8,8,64,1,64,64
28,multiply,8,9,72,1,72,72
28,multiply,9,1,9,1,9,9
28,multiply,9,2,18,1,18,18
28,multiply,9,3,27,1,27,27
28,multiply,9,4,36,1,36,36
28,multiply,9,5,45,1,45,45
28,multiply,9,6,54,1,54,54
28,multiply,9,7,63,1,63,63
28,multiply,9,8,72,1,72,72
28,multiply,9,9,81,1,81,81
28,divide,1,1,1,1,1,1
28,divide,1,2,0,1,0,0
28,divide,1,3,0,1,0,0
28,divide,1,4,0,1,0,0
28,divide,1,5,0,1,0,0
28,divide,1,6,0,1,0,0
28,divide,1,7,0,1,0,0
28,divide,1,8,0,1,0,0
28,divide,1,9,0,1,0,0
28,divide,2,1,2,1,2,2
28,divide,2,2,2,1,1,1
28,divide,2,3,0,1,0,0
28,divide,2,4,0,1,0,0
28,divide,2,5,0,1,0,0
28,divide,2,6,0,1,0,0
28,divide,2,7,0,1,0,0
28,divide,2,8,0,1,0,0
28,divide,2,9,0,1,0,0
28,divide,3,1,3,1,3,3
28,divide,3,2,2,1,1,1
28,divide,3,3,3,1,1,1
28,divide,3,4,0,1,0,0
28,divide,3,5,0,1,0,0
28,divide,3,6,0,1,0,0
28,divide,3,7,0,1,0,0
28,divide,3,8,0,1,0,0
28,divide,3,9,0,1,0,0
28,divide,4,1,4,1,4,4
28,divide,4,2,4,1,2,2
28,divide,4,3,3,1,1,1
28,divide,4,4,4,1,1,1
28,divide,4,5,0,1,0,0
28,divide,4,6,0,1,0,0
28,divide,4,7,0,1,0,0
28,divide,4,8,0,1,0,0
28,divide,4,9,0,1,0,0
28,divide,5,1,5,1,5,5
28,divide,5,2,4,1,2,2
28,divide,5,3,3,1,1,1
28,divide,5,4,4,1,1,1
28,divide,5,5,5,1,1,1
28,divide,5,6,0,1,0,0
28,divide,5,7,0,1,0,0
28,divide,5,8,0,1,0,0
28,divide,5,9,0,1,0,0
28,divide,6,1,6,1,6,6
28,divide,6,2,6,1,3,3
28,divide,6,3,6,1,2,2
28,divide,6,4,4,1,1,1
28,divide,6,5,5,1,1,1
28,divide,6,6,6,1,1,1
28,divide,6,7,0,1,0,0
28,divide,6,8,0,1,0,0
28,divide,6,9,0,1,0,0
28,divide,7,1,7,1,7,7
28,divide,7,2,6,1,3,3
28,divide,7,3,6,1,2,2
28,divide,7,4,4,1,1,1
28,divide,7,5,5,1,1,1
28,divide,7,6,6,1,1,1
28,divide,7,7,7,1,1,1
28,divide,7,8,0,1,0,0
28,divide,7,9,0,1,0,0
28,divide,8,1,8,1,8,8
28,divide,8,2,8,1,4,4
28,divide,8,3,6,1,2,2
28,divide,8,4,8,1,2,2
28,divide,8,5,5,1,1,1
28,divide,8,6,6,1,1,1
28,divide,8,7,7,1,1,1
28,divide,8,8,8,1,1,1
28,divide,8,9,0,1,0,0
28,divide,9,1,9,1,9,9
28,divide,9,2,8,1,4,4
28,divide,9,3,9,1,3,3
28,divide,9,4,8,1,2,2
28,divide,9,5,5,1,1,1
28,divide,9,6,6,1,1,1
28,divide,9,7,7,1,1,1
28,divide,9,8,8,1,1,1
28,divide,9,9,9,1,1,1
35,add,1,1,1,1,2,2
35,add,1,2,2,1,3,3
35,add,1,3,3,1,4,4
35,add,1,4,4,1,5,5
35,add,1,5,5,1,6,6
35,add,1,6,6,1,7,7
35,add,1,7,7,1,8,8
35,add,1,8,8,1,9,9
35,add,1,9,9,1,10,10
35,add,2,1,1,1,3,3
35,add,2,2,2,1,4,4
35,add,2,3,3,1,5,5
35,add,2,4,4,1,6,6
35,add,2,5,5,1,7,7
35,add,2,6,6,1,8,8
35,add,2,7,7,1,9,9
35,add,2,8,8,1,10,10
35,add,2,9,9,1,11,11
35,add,3,1,1,1,4,4
35,add,3,2,2,1,5,5
35,add,3,3,3,1,6,6
35,add,3,4,4,1,7,7
35,add,3,5,5,1,8,8
35,add,3,6,6,1,9,9
35,add,3,7,7,1,10,10
35,add,3,8,8,1,11,11
35,add,3,9,9,1,12,12
35,add,4,1,1,1,5,5
35,add,4,2,2,1,6,6
35,add,4,3,3,1,7,7
35,add,4,4,4,1,8,8
35,add,4,5,5,1,9,9
35,add,4,6,6,1,10,10
35,add,4,7,7,1,11,11
35,add,4,8,8,1,12,12
35,add,4,9,9,1,13,13
35,add,5,1,1,1,6,6
35,add,5,2,2,1,7,7
35,add,5,3,3,1,8,8
35,add,5,4,4,1,9,9
35,add,5,5,5,1,10,10
35,add,5,6,6,1,11,11
35,add,5,7,7,1,12,12
35,add,5,8,8,1,13,13
35,add,5,9,9,1,14,14
35,add,6,1,1,1,7,7
35,add,6,2,2,1,8,8
35,add,6,3,3,1,9,9
35,add,6,4,4,1,10,10
35,add,6,5,5,1,11,11
35,add,6,6,6,1,12,12
35,add,6,7,7,1,13,13
35,add,6,8,8,1,14,14
35,add,6,9,9,1,15,15
35,add,7,1,1,1,8,8
35,add,7,2,2,1,9,9
35,add,7,3,3,1,10,10
35,add,7,4,4,1,11,11
35,add,7,5,5,1,12,12
35,add,7,6,6,1,13,13
35,add,7,7,7,1,14,14
35,add,7,8,8,1,15,15
35,add,7,9,9,1,16,16
35,add,8,1,1,1,9,9
35,add,8,2,2,1,10,10
35,add,8,3,3,1,11,11
35,add,8,4,4,1,12,12
35,add,8,5,5,1,13,13
35,add,8,6,6,1,14,14
35,add,8,7,7,1,15,15
35,add,8,8,8,1,16,16
35,add,8,9,9,1,17,17
35,add,9,1,1,1,10,10
35,add,9,2,2,1,11,11
35,add,9,3,3,1,12,12
35,add,9,4,4,1,13,13
35,add,9,5,5,1,14,14
35,add,9,6,6,1,15,15
35,add,9,7,7,1,16,16
35,add,9,8,8,1,17,17
35,add,9,9,9,1,18,18
35,subtract,1,1,1,1,0,0
35,subtract,1,2,2,1,0,0
35,subtract,1,3,3,1,0,0
35,subtract,1,4,4,1,0,0
35,subtract,1,5,5,1,0,0
35,subtract,1,6,6,1,0,0
35,subtract,1,7,7,1,0,0
35,subtract,1,8,8,1,0,0
35,subtract,1,9,9,1,0,0
35,subtract,2,1,1,1,1,1
35,subtract,2,2,2,1,0,0
35,subtract,2,3,3,1,0,0
35,subtract,2,4,4,1,0,0
35,subtract,2,5,5,1,0,0
35,subtract,2,6,6,1,0,0
35,subtract,2,7,7,1,0,0
35,subtract,2,8,8,1,0,0
35,subtract,2,9,9,1,0,0
35,subtract,3,1,1,1,2,2
35,subtract,3,2,2,1,1,1
35,subtract,3,3,3,1,0,0
35,subtract,3,4,4,1,0,0
35,subtract,3,5,5,1,0,0
35,subtract,3,6,6,1,0,0
35,subtract,3,7,7,1,0,0
35,subtract,3,8,8,1,0,0
35,subtract,3,9,9,1,0,0
35,subtract,4,1,1,1,3,3
35,subtract,4,2,2,1,2,2
35,subtract,4,3,3,1,1,1
35,subtract,4,4,4,1,0,0
35,subtract,4,5,5,1,0,0
35,subtract,4,6,6,1,0,0
35,subtract,4,7,7,1,0,0
35,subtract,4,8,8,1,0,0
35,subtract,4,9,9,1,0,0
35,subtract,5,1,1,1,4,4
35,subtract,5,2,2,1,3,3
35,subtract,5,3,3,1,2,2
35,subtract,5,4,4,1,1,1
35,subtract,5,5,5,1,0,0
35,subtract,5,6,6,1,0,0
35,subtract,5,7,7,1,0,0
35,subtract,5,8,8,1,0,0
35,subtract,5,9,9,1,0,0
35,subtract,6,1,1,1,5,5
35,subtract,6,2,2,1,4,4
35,subtract,6,3,3,1,3,3
35,subtract,6,4,4,1,2,2
35,subtract,6,5,5,1,1,1
35,subtract,6,6,6,1,0,0
35,subtract,6,7,7,1,0,0
35,subtract,6,8,8,1,0,0
35,subtract,6,9,9,1,0,0
35,subtract,7,1,1,1,6,6
35,subtract,7,2,2,1,5,5
35,subtract,7,3,3,1,4,4
35,subtract,7,4,4,1,3,3
35,subtract,7,5,5,1,2,2
35,subtract,7,6,6,1,1,1
35,subtract,7,7,7,1,0,0
35,subtract,7,8,8,1,0,0
35,subtract,7,9,9,1,0,0
35,subtract,8,1,1,1,7,7
35,subtract,8,2,2,1,6,6
35,subtract,8,3,3,1,5,5
35,subtract,8,4,4,1,4,4
35,subtract,8,5,5,1,3,3
35,subtract,8,6,6,1,2,2
35,subtract,8,7,7,1,1,1
35,subtract,8,8,8,1,0,0
35,subtract,8,9,9,1,0,0
35,subtract,9,1,1,1,8,8
35,subtract,9,2,2,1,7,7
35,subtract,9,3,3,1,6,6
35,subtract,9,4,4,1,5,5
35,subtract,9,5,5,1,4,4
35,subtract,9,6,6,1,3,3
35,subtract,9,7,7,1,2,2
35,subtract,9,8,8,1,1,1
35,subtract,9,9,9,1,0,0
35,multiply,1,1,1,1,1,1
35,multiply,1,2,2,1,2,2
35,multiply,1,3,3,1,3,3
35,multiply,1,4,4,1,4,4
35,multiply,1,5,5,1,5,5
35,multiply,1,6,6,1,6,6
35,multiply,1,7,7,1,7,7
35,multiply,1,8,8,1,8,8
35,multiply,1,9,9,1,9,9
35,multiply,2,1,2,1,2,2
35,multiply,2,2,4,1,4,4
35,multiply,2,3,6,1,6,6
35,multiply,2,4,8,1,8,8
35,multiply,2,5,10,1,10,10
35,multiply,2,6,12,1,12,12
35,multiply,2,7,14,1,14,14
35,multiply,2,8,16,1,16,16
35,multiply,2,9,18,1,18,18
35,multiply,3,1,3,1,3,3
35,multiply,3,2,6,1,6,6
35,multiply,3,3,9,1,9,9
35,multiply,3,4,12,1,12,12
35,multiply,3,5,15,1,15,15
35,multiply,3,6,18,1,18,18
35,multiply,3,7,21,1,21,21
35,multiply,3,8,24,1,24,24
35,multiply,3,9,27,1,27,27
35,multiply,4,1,4,1,4,4
35,multiply,4,2,8,1,8,8
35,multiply,4,3,12,1,12,12
35,multiply,4,4,16,1,16,16
35,multiply,4,5,20,1,20,20
35,multiply,4,6,24,1,24,24
35,multiply,4,7,28,1,28,28
35,multiply,4,8,32,1,32,32
35,multiply,4,9,36,1,36,36
35,multiply,5,1,5,1,5,5
35,multiply,5,2,10,1,10,10
35,multiply,5,3,15,1,15,15
35,multiply,5,4,20,1,20,20
35,multiply,5,5,25,1,25,25
35,multiply,5,6,30,1,30,30
35,multiply,5,7,35,1,35,35
35,multiply,5,8,40,1,40,40
35,multiply,5,9,45,1,45,45
35,multiply,6,1,6,1,6,6
35,multiply,6,2,12,1,12,12
35,multiply,6,3,18,1,18,18
35,multiply,6,4,24,1,24,24
35,multiply,6,5,30,1,30,30
35,multiply,6,6,36,1,36,36
35,multiply,6,7,42,1,42,42
35,multiply,6,8,48,1,48,48
35,multiply,6,9,54,1,54,54
35,multiply,7,1,7,1,7,7
35,multiply,7,2,14,1,14,14
35,multiply,7,3,21,1,21,21
35,multiply,7,4,28,1,28,28
35,multiply,7,5,35,1,35,35
35,multiply,7,6,42,1,42,42
35,multiply,7,7,49,1,49,49
35,multiply,7,8,56,1,56,56
35,multiply,7,9,63,1,63,63
35,multiply,8,1,8,1,8,8
35,multiply,8,2,16,1,16,16
35,multiply,8,3,24,1,24,24
35,multiply,8,4,32,1,32,32
35,multiply,8,5,40,1,40,40
35,multiply,8,6,48,1,48,48
35,multiply,8,7,56,1,56,56
35,multiply,8,8,64,1,64,64
35,multiply,8,9,72,1,72,72
35,multiply,9,1,9,1,9,9
35,multiply,9,2,18,1,18,18
35,multiply,9,3,27,1,27,27
35,multiply,9,4,36,1,36,36
35,multiply,9,5,45,1,45,45
35,multiply,9,6,54,1,54,54
35,multiply,9,7,63,1,63,63
35,multiply,9,8,72,1,72,72
35,multiply,9,9,81,1,81,81
35,divide,1,1,1,1,1,1
35,divide,1,2,0,1,0,0
35,divide,1,3,0,1,0,0
35,divide,1,4,0,1,0,0
35,divide,1,5,0,1,0,0
35,divide,1,6,0,1,0,0
35,divide,1,7,0,1,0,0
35,divide,1,8,0,1,0,0
35,divide,1,9,0,1,0,0
35,divide,2,1,2,1,2,2
35,divide,2,2,2,1,1,1
35,divide,2,3,0,1,0,0
35,divide,2,4,0,1,0,0
35,divide,2,5,0,1,0,0
35,divide,2,6,0,1,0,0
35,divide,2,7,0,1,0,0
35,divide,2,8,0,1,0,0
35,divide,2,9,0,1,0,0
35,divide,3,1,3,1,3,3
35,divide,3,2,2,1,1,1
35,divide,3,3,3,1,1,1
35,divide,3,4,0,1,0,0
35,divide,3,5,0,1,0,0
35,divide,3,6,0,1,0,0
35,divide,3,7,0,1,0,0
35,divide,3,8,0,1,0,0
35,divide,3,9,0,1,0,0
35,divide,4,1,4,1,4,4
35,divide,4,2,4,1,2,2
35,divide,4,3,3,1,1,1
35,divide,4,4,4,1,1,1
35,divide,4,5,0,1,0,0
35,divide,4,6,0,1,0,0
35,divide,4,7,0,1,0,0
35,divide,4,8,0,1,0,0
35,divide,4,9,0,1,0,0
35,divide,5,1,5,1,5,5
35,divide,5,2,4,1,2,2
35,divide,5,3,3,1,1,1
35,divide,5,4,4,1,1,1
35,divide,5,5,5,1,1,1
35,divide,5,6,0,1,0,0
35,divide,5,7,0,1,0,0
35,divide,5,8,0,1,0,0
35,divide,5,9,0,1,0,0
35,divide,6,1,6,1,6,6
35,divide,6,2,6,1,3,3
35,divide,6,3,6,1,2,2
35,divide,6,4,4,1,1,1
35,divide,6,5,5,1,1,1
35,divide,6,6,6,1,1,1
35,divide,6,7,0,1,0,0
35,divide,6,8,0,1,0,0
35,divide,6,9,0,1,0,0
35,divide,7,1,7,1,7,7
35,divide,7,2,6,1,3,3
35,divide,7,3,6,1,2,2
35,divide,7,4,4,1,1,1
35,divide,7,5,5,1,1,1
35,divide,7,6,6,1,1,1
35,divide,7,7,7,1,1,1
35,divide,7,8,0,1,0,0
35,divide,7,9,0,1,0,0
35,divide,8,1,8,1,8,8
35,divide,8,2,8,1,4,4
35,divide,8,3,6,1,2,2
35,divide,8,4,8,1,2,2
35,divide,8,5,5,1,1,1
35,divide,8,6,6,1,1,1
35,divide,8,7,7,1,1,1
35,divide,8,8,8,1,1,1
35,divide,8,9,0,1,0,0
35,divide,9,1,9,1,9,9
35,divide,9,2,8,1,4,4
35,divide,9,3,9,1,3,3
35,divide,9,4,8,1,2,2
35,divide,9,5,5,1,1,1
35,divide,9,6,6,1,1,1
35,divide,9,7,7,1,1,1
35,divide,9,8,8,1,1,1
35,divide,9,9,9,1,1,1
47,add,1,1,1,1,2,2
47,add,1,2,2,1,3,3
47,add,1,3,3,1,4,4
47,add,1,4,4,1,5,5
47,add,1,5,5,1,6,6
47,add,1,6,6,1,7,7
47,add,1,7,7,1,8,8
47,add,1,8,8,1,9,9
47,add,1,9,9,1,10,10
47,add,2,1,1,1,3,3
47,add,2,2,2,1,4,4
47,add,2,3,3,1,5,5
47,add,2,4,4,1,6,6
47,add,2,5,5,1,7,7
47,add,2,6,6,1,8,8
47,add,2,7,7,1,9,9
47,add,2,8,8,1,10,10
47,add,2,9,9,1,11,11
47,add,3,1,1,1,4,4
47,add,3,2,2,1,5,5
47,add,3,3,3,1,6,6
47,add,3,4,4,1,7,7
47,add,3,5,5,1,8,8
47,add,3,6,6,1,9,9
47,add,3,7,7,1,10,10
47,add,3,8,8,1,11,11
47,add,3,9,9,1,12,12
47,add,4,1,1,1,5,5
47,add,4,2,2,1,6,6
47,add,4,3,3,1,7,7
47,add,4,4,4,1,8,8
47,add,4,5,5,1,9,9
47,add,4,6,6,1,10,10
47,add,4,7,7,1,11,11
47,add,4,8,8,1,12,12
47,add,4,9,9,1,13,13
47,add,5,1,1,1,6,6
47,add,5,2,2,1,7,7
47,add,5,3,3,1,8,8
47,add,5,4,4,1,9,9
47,add,5,5,5,1,10,10
47,add,5,6,6,1,11,11
47,add,5,7,7,1,12,12
47,add,5,8,8,1,13,13
47,add,5,9,9,1,14,14
47,add,6,1,1,1,7,7
47,add,6,2,2,1,8,8
47,add,6,3,3,1,9,9
47,add,6,4,4,1,10,10
47,add,6,5,5,1,11,11
47,add,6,6,6,1,12,12
47,add,6,7,7,1,13,13
47,add,6,8,8,1,14,14
47,add,6,9,9,1,15,15
47,add,7,1,1,1,8,8
47,add,7,2,2,1,9,9
47,add,7,3,3,1,10,10
47,add,7,4,4,1,11,11
47,add,7,5,5,1,12,12
47,add,7,6,6,1,13,13
47,add,7,7,7,1,14,14
47,add,7,8,8,1,15,15
47,add,7,9,9,1,16,16
47,add,8,1,1,1,9,9
47,add,8,2,2,1,10,10
47,add,8,3,3,1,11,11
47,add,8,4,4,1,12,12
47,add,8,5,5,1,13,13
47,add,8,6,6,1,14,14
47,add,8,7,7,1,15,15
47,add,8,8,8,1,16,16
47,add,8,9,9,1,17,17
47,add,9,1,1,1,10,10
47,add,9,2,2,1,11,11
47,add,9,3,3,1,12,12
47,add,9,4,4,1,13,13
47,add,9,5,5,1,14,14
47,add,9,6,6,1,15,15
47,add,9,7,7,1,16,16
47,add,9,8,8,1,17,17
47,add,9,9,9,1,18,18
47,subtract,1,1,1,1,0,0
47,subtract,1,2,2,1,0,0
47,subtract,1,3,3,1,0,0
47,subtract,1,4,4,1,0,0
47,subtract,1,5,5,1,0,0
47,subtract,1,6,6,1,0,0
47,subtract,1,7,7,1,0,0
47,subtract,1,8,8,1,0,0
47,subtract,1,9,9,1,0,0
47,subtract,2,1,1,1,1,1
47,subtract,2,2,2,1,0,0
47,subtract,2,3,3,1,0,0
47,subtract,2,4,4,1,0,0
47,subtract,2,5,5,1,0,0
47,subtract,2,6,6,1,0,0
47,subtract,2,7,7,1,0,0
47,subtract,2,8,8,1,0,0
47,subtract,2,9,9,1,0,0
47,subtract,3,1,1,1,2,2
47,subtract,3,2,2,1,1,1
47,subtract,3,3,3,1,0,0
47,subtract,3,4,4,1,0,0
47,subtract,3,5,5,1,0,0
47,subtract,3,6,6,1,0,0
47,subtract,3,7,7,1,0,0
47,subtract,3,8,8,1,0,0
47,subtract,3,9,9,1,0,0
47,subtract,4,1,1,1,3,3
47,subtract,4,2,2,1,2,2
47,subtract,4,3,3,1,1,1
47,subtract,4,4,4,1,0,0
47,subtract,4,5,5,1,0,0
47,subtract,4,6,6,1,0,0
47,subtract,4,7,7,1,0,0
47,subtract,4,8,8,1,0,0
47,subtract,4,9,9,1,0,0
47,subtract,5,1,1,1,4,4
47,subtract,5,2,2,1,3,3
47,subtract,5,3,3,1,2,2
47,subtract,5,4,4,1,1,1
47,subtract,5,5,5,1,0,0
47,subtract,5,6,6,1,0,0
47,subtract,5,7,7,1,0,0
47,subtract,5,8,8,1,0,0
47,subtract,5,9,9,1,0,0
47,subtract,6,1,1,1,5,5
47,subtract,6,2,2,1,4,4
47,subtract,6,3,3,1,3,3
47,subtract,6,4,4,1,2,2
47,subtract,6,5,5,1,1,1
47,subtract,6,6,6,1,0,0
47,subtract,6,7,7,1,0,0
47,subtract,6,8,8,1,0,0
47,subtract,6,9,9,1,0,0
47,subtract,7,1,1,1,6,6
47,subtract,7,2,2,1,5,5
47,subtract,7,3,3,1,4,4
47,subtract,7,4,4,1,3,3
47,subtract,7,5,5,1,2,2
47,subtract,7,6,6,1,1,1
47,subtract,7,7,7,1,0,0
47,subtract,7,8,8,1,0,0
47,subtract,7,9,9,1,0,0
47,subtract,8,1,1,1,7,7
47,subtract,8,2,2,1,6,6
47,subtract,8,3,3,1,5,5
47,subtract,8,4,4,1,4,4
47,subtract,8,5,5,1,3,3
47,subtract,8,6,6,1,2,2
47,subtract,8,7,7,1,1,1
47,subtract,8,8,8,1,0,0
47,subtract,8,9,9,1,0,0
47,subtract,9,1,1,1,8,8
47,subtract,9,2,2,1,7,7
47,subtract,9,3,3,1,6,6
47,subtract,9,4,4,1,5,5
47,subtract,9,5,5,1,4,4
47,subtract,9,6,6,1,3,3
47,subtract,9,7,7,1,2,2
47,subtract,9,8,8,1,1,1
47,subtract,9,9,9,1,0,0
47,multiply,1,1,1,1,1,1
47,multiply,1,2,2,1,2,2
47,multiply,1,3,3,1,3,3
47,multiply,1,4,4,1,4,4
47,multiply,1,5,5,1,5,5
47,multiply,1,6,6,1,6,6
47,multiply,1,7,7,1,7,7
47,multiply,1,8,8,1,8,8
47,multiply,1,9,9,1,9,9
47,multiply,2,1,2,1,2,2
47,multiply,2,2,4,1,4,4
47,multiply,2,3,6,1,6,6
47,multiply,2,4,8,1,8,8
47,multiply,2,5,10,1,10,10
47,multiply,2,6,12,1,12,12
47,multiply,2,7,14,1,14,14
47,multiply,2,8,16,1,16,16
47,multiply,2,9,18,1,18,18
47,multiply,3,1,3,1,3,3
47,multiply,3,2,6,1,6,6
47,multiply,3,3,9,1,9,9
47,multiply,3,4,12,1,12,12
47,multiply,3,5,15,1,15,15
47,multiply,3,6,18,1,18,18
47,multiply,3,7,21,1,21,21
47,multiply,3,8,24,1,24,24
47,multiply,3,9,27,1,27,27
47,multiply,4,1,4,1,4,4
47,multiply,4,2,8,1,8,8
47,multiply,4,3,12,1,12,12
47,multiply,4,4,16,1,16,16
47,multiply,4,5,20,1,20,20
47,multiply,4,6,24,1,24,24
47,multiply,4,7,28,1,28,28
47,multiply,4,8,32,1,32,32
47,multiply,4,9,36,1,36,36
47,multiply,5,1,5,1,5,5
47,multiply,5,2,10,1,10,10
47,multiply,5,3,15,1,15,15
47,multiply,5,4,20,1,20,20
47,multiply,5,5,25,1,25,25
47,multiply,5,6,30,1,30,30
47,multiply,5,7,35,1,35,35
47,multiply,5,8,40,1,40,40
47,multiply,5,9,45,1,45,45
47,multiply,6,1,6,1,6,6
47,multiply,6,2,12,1,12,12
47,multiply,6,3,18,1,18,18
47,multiply,6,4,24,1,24,24
47,multiply,6,5,30,1,30,30
47,multiply,6,6,36,1,36,36
47,multiply,6,7,42,1,42,42
47,multiply,6,8,48,1,48,48
47,multiply,6,9,54,1,54,54
47,multiply,7,1,7,1,7,7
47,multiply,7,2,14,1,14,14
47,multiply,7,3,21,1,21,21
47,multiply,7,4,28,1,28,28
47,multiply,7,5,35,1,35,35
47,multiply,7,6,42,1,42,42
47,multiply,7,7,49,1,49,49
47,multiply,7,8,56,1,56,56
47,multiply,7,9,63,1,63,63
47,multiply,8,1,8,1,8,8
47,multiply,8,2,16,1,16,16
47,multiply,8,3,24,1,24,24
47,multiply,8,4,32,1,32,32
47,multiply,8,5,40,1,40,40
47,multiply,8,6,48,1,48,48
47,multiply,8,7,56,1,56,56
47,multiply,8,8,64,1,64,64
47,multiply,8,9,72,1,72,72
47,multiply,9,1,9,1,9,9
47,multiply,9,2,18,1,18,18
47,multiply,9,3,27,1,27,27
47,multiply,9,4,36,1,36,36
47,multiply,9,5,45,1,45,45
47,multiply,9,6,54,1,54,54
47,multiply,9,7,63,1,63,63
47,multiply,9,8,72,1,72,72
47,multiply,9,9,81,1,81,81
47,divide,1,1,1,1,1,1
47,divide,1,2,0,1,0,0
47,divide,1,3,0,1,0,0
47,divide,1,4,0,1,0,0
47,divide,1,5,0,1,0,0
47,divide,1,6,0,1,0,0
47,divide,1,7,0,1,0,0
47,divide,1,8,0,1,0,0
47,divide,1,9,0,1,0,0
47,divide,2,1,2,1,2,2
47,divide,2,2,2,1,1,1
47,divide,2,3,0,1,0,0
47,divide,2,4,0,1,0,0
47,divide,2,5,0,1,0,0
47,divide,2,6,0,1,0,0
47,divide,2,7,0,1,0,0
47,divide,2,8,0,1,0,0
47,divide,2,9,0,1,0,0
47,divide,3,1,3,1,3,3
47,divide,3,2,2,1,1,1
47,divide,3,3,3,1,1,1
47,divide,3,4,0,1,0,0
47,divide,3,5,0,1,0,0
47,divide,3,6,0,1,0,0
47,divide,3,7,0,1,0,0
47,divide,3,8,0,1,0,0
47,divide,3,9,0,1,0,0
47,divide,4,1,4,1,4,4
47,divide,4,2,4,1,2,2
47,divide,4,3,3,1,1,1
47,divide,4,4,4,1,1,1
47,divide,4,5,0,1,0,0
47,divide,4,6,0,1,0,0
47,divide,4,7,0,1,0,0
47,divide,4,8,0,1,0,0
47,divide,4,9,0,1,0,0
47,divide,5,1,5,1,5,5
47,divide,5,2,4,1,2,2
47,divide,5,3,3,1,1,1
47,divide,5,4,4,1,1,1
47,divide,5,5,5,1,1,1
47,divide,5,6,0,1,0,0
47,divide,5,7,0,1,0,0
47,divide,5,8,0,1,0,0
47,divide,5,9,0,1,0,0
47,divide,6,1,6,1,6,6
47,divide,6,2,6,1,3,3
47,divide,6,3,6,1,2,2
47,divide,6,4,4,1,1,1
47,divide,6,5,5,1,1,1
47,divide,6,6,6,1,1,1
47,divide,6,7,0,1,0,0
47,divide,6,8,0,1,0,0
47,divide,6,9,0,1,0,0
47,divide,7,1,7,1,7,7
47,divide,7,2,6,1,3,3
47,divide,7,3,6,1,2,2
47,divide,7,4,4,1,1,1
47,divide,7,5,5,1,1,1
47,divide,7,6,6,1,1,1
47,divide,7,7,7,1,1,1
47,divide,7,8,0,1,0,0
47,divide,7,9,0,1,0,0
47,divide,8,1,8,1,8,8
47,divide,8,2,8,1,4,4
47,divide,8,3,6,1,2,2
47,divide,8,4,8,1,2,2
47,divide,8,5,5,1,1,1
47,divide,8,6,6,1,1,1
47,divide,8,7,7,1,1,1
47,divide,8,8,8,1,1,1
47,divide,8,9,0,1,0,0
47,divide,9,1,9,1,9,9
47,divide,9,2,8,1,4,4
47,divide,9,3,9,1,3,3
47,divide,9,4,8,1,2,2
47,divide,9,5,5,1,1,1
47,divide,9,6,6,1,1,1
47,divide,9,7,7,1,1,1
47,divide,9,8,8,1,1,1
47,divide,9,9,9,1,1,1
57,add,1,1,1,1,2,2
57,add,1,2,2,1,3,3
57,add,1,3,3,1,4,4
57,add,1,4,4,1,5,5
57,add,1,5,5,1,6,6
57,add,1,6,6,1,7,7
57,add,1,7,7,1,8,8
57,add,1,8,8,1,9,9
57,add,1,9,9,1,10,10
57,add,2,1,1,1,3,3
57,add,2,2,2,1,4,4
57,add,2,3,3,1,5,5
57,add,2,4,4,1,6,6
57,add,2,5,5,1,7,7
57,add,2,6,6,1,8,8
57,add,2,7,7,1,9,9
57,add,2,8,8,1,10,10
57,add,2,9,9,1,11,11
57,add,3,1,1,1,4,4
57,add,3,2,2,1,5,5
57,add,3,3,3,1,6,6
57,add,3,4,4,1,7,7
57,add,3,5,5,1,8,8
57,add,3,6,6,1,9,9
57,add,3,7,7,1,10,10
57,add,3,8,8,1,11,11
57,add,3,9,9,1,12,12
57,add,4,1,1,1,5,5
57,add,4,2,2,1,6,6
57,add,4,3,3,1,7,7
57,add,4,4,4,1,8,8
57,add,4,5,5,1,9,9
57,add,4,6,6,1,10,10
57,add,4,7,7,1,11,11
57,add,4,8,8,1,12,12
57,add,4,9,9,1,13,13
57,add,5,1,1,1,6,6
57,add,5,2,2,1,7,7
57,add,5,3,3,1,8,8
57,add,5,4,4,1,9,9
57,add,5,5,5,1,10,10
57,add,5,6,6,1,11,11
57,add,5,7,7,1,12,12
57,add,5,8,8,1,13,13
57,add,5,9,9,1,14,14
57,add,6,1,1,1,7,7
57,add,6,2,2,1,8,8
57,add,6,3,3,1,9,9
57,add,6,4,4,1,10,10
57,add,6,5,5,1,11,11
57,add,6,6,6,1,12,12
57,add,6,7,7,1,13,13
57,add,6,8,8,1,14,14
57,add,6,9,9,1,15,15
57,add,7,1,1,1,8,8
57,add,7,2,2,1,9,9
57,add,7,3,3,1,10,10
57,add,7,4,4,1,11,11
57,add,7,5,5,1,12,12
57,add,7,6,6,1,13,13
57,add,7,7,7,1,14,14
57,add,7,8,8,1,15,15
57,add,7,9,9,1,16,16
57,add,8,1,1,1,9,9
57,add,8,2,2,1,10,10
57,add,8,3,3,1,11,11
57,add,8,4,4,1,12,12
57,add,8,5,5,1,13,13
57,add,8,6,6,1,14,14
57,add,8,7,7,1,15,15
57,add,8,8,8,1,16,16
57,add,8,9,9,1,17,17
57,add,9,1,1,1,10,10
57,add,9,2,2,1,11,11
57,add,9,3,3,1,12,12
57,add,9,4,4,1,13,13
57,add,9,5,5,1,14,14
57,add,9,6,6,1,15,15
57,add,9,7,7,1,16,16
57,add,9,8,8,1,17,17
57,add,9,9,9,1,18,18
57,subtract,1,1,1,1,0,0
57,subtract,1,2,2,1,0,0
57,subtract,1,3,3,1,0,0
57,subtract,1,4,4,1,0,0
57,subtract,1,5,5,1,0,0
57,subtract,1,6,6,1,0,0
57,subtract,1,7,7,1,0,0
57,subtract,1,8,8,1,0,0
57,subtract,1,9,9,1,0,0
57,subtract,2,1,1,1,1,1
57,subtract,2,2,2,1,0,0
57,subtract,2,3,3,1,0,0
57,subtract,2,4,4,1,0,0
57,subtract,2,5,5,1,0,0
57,subtract,2,6,6,1,0,0
57,subtract,2,7,7,1,0,0
57,subtract,2,8,8,1,0,0
57,subtract,2,9,9,1,0,0
57,subtract,3,1,1,1,2,2
57,subtract,3,2,2,1,1,1
57,subtract,3,3,3,1,0,0
57,subtract,3,4,4,1,0,0
57,subtract,3,5,5,1,0,0
57,subtract,3,6,6,1,0,0
57,subtract,3,7,7,1,0,0
57,subtract,3,8,8,1,0,0
57,subtract,3,9,9,1,0,0
57,subtract,4,1,1,1,3,3
57,subtract,4,2,2,1,2,2
57,subtract,4,3,3,1,1,1
57,subtract,4,4,4,1,0,0
57,subtract,4,5,5,1,0,0
57,subtract,4,6,6,1,0,0
57,subtract,4,7,7,1,0,0
57,subtract,4,8,8,1,0,0
57,subtract,4,9,9,1,0,0
57,subtract,5,1,1,1,4,4
57,subtract,5,2,2,1,3,3
57,subtract,5,3,3,1,2,2
57,subtract,5,4,4,1,1,1
57,subtract,5,5,5,1,0,0
57,subtract,5,6,6,1,0,0
57,subtract,5,7,7,1,0,0
57,subtract,5,8,8,1,0,0
57,subtract,5,9,9,1,0,0
57,subtract,6,1,1,1,5,5
57,subtract,6,2,2,1,4,4
57,subtract,6,3,3,1,3,3
57,subtract,6,4,4,1,2,2
57,subtract,6,5,5,1,1,1
57,subtract,6,6,6,1,0,0
57,subtract,6,7,7,1,0,0
57,subtract,6,8,8,1,0,0
57,subtract,6,9,9,1,0,0
57,subtract,7,1,1,1,6,6
57,subtract,7,2,2,1,5,5
57,subtract,7,3,3,1,4,4
57,subtract,7,4,4,1,3,3
57,subtract,7,5,5,1,2,2
57,subtract,7,6,6,1,1,1
57,subtract,7,7,7,1,0,0
57,subtract,7,8,8,1,0,0
57,subtract,7,9,9,1,0,0
57,subtract,8,1,1,1,7,7
57,subtract,8,2,2,1,6,6
57,subtract,8,3,3,1,5,5
57,subtract,8,4,4,1,4,4
57,subtract,8,5,5,1,3,3
57,subtract,8,6,6,1,2,2
57,subtract,8,7,7,1,1,1
57,subtract,8,8,8,1,0,0
57,subtract,8,9,9,1,0,0
57,subtract,9,1,1,1,8,8
57,subtract,9,2,2,1,7,7
57,subtract,9,3,3,1,6,6
57,subtract,9,4,4,1,5,5
57,subtract,9,5,5,1,4,4
57,subtract,9,6,6,1,3,3
57,subtract,9,7,7,1,2,2
57,subtract,9,8,8,1,1,1
57,subtract,9,9,9,1,0,0
57,multiply,1,1,1,1,1,1
57,multiply,1,2,2,1,2,2
57,multiply,1,3,3,1,3,3
57,multiply,1,4,4,1,4,4
57,multiply,1,5,5,1,5,5
57,multiply,1,6,6,1,6,6
57,multiply,1,7,7,1,7,7
57,multiply,1,8,8,1,8,8
57,multiply,1,9,9,1,9,9
57,multiply,2,1,2,1,2,2
57,multiply,2,2,4,1,4,4
57,multiply,2,3,6,1,6,6
57,multiply,2,4,8,1,8,8
57,multiply,2,5,10,1,10,10
57,multiply,2,6,12,1,12,12
57,multiply,2,7,14,1,14,14
57,multiply,2,8,16,1,16,16
57,multiply,2,9,18,1,18,18
57,multiply,3,1,3,1,3,3
57,multiply,3,2,6,1,6,6
57,multiply,3,3,9,1,9,9
57,multiply,3,4,12,1,12,12
57,multiply,3,5,15,1,15,15
57,multiply,3,6,18,1,18,18
57,multiply,3,7,21,1,21,21
57,multiply,3,8,24,1,24,24
57,multiply,3,9,27,1,27,27
57,multiply,4,1,4,1,4,4
57,multiply,4,2,8,1,8,8
57,multiply,4,3,12,1,12,12
57,multiply,4,4,16,1,16,16
57,multiply,4,5,20,1,20,20
57,multiply,4,6,24,1,24,24
57,multiply,4,7,28,1,28,28
57,multiply,4,8,32,1,32,32
57,multiply,4,9,36,1,36,36
57,multiply,5,1,5,1,5,5
57,multiply,5,2,10,1,10,10
57,multiply,5,3,15,1,15,15
57,multiply,5,4,20,1,20,20
57,multiply,5,5,25,1,25,25
57,multiply,5,6,30,1,30,30
57,multiply,5,7,35,1,35,35
57,multiply,5,8,40,1,40,40
57,multiply,5,9,45,1,45,45
57,multiply,6,1,6,1,6,6
57,multiply,6,2,12,1,12,12
57,multiply,6,3,18,1,18,18
57,multiply,6,4,24,1,24,24
57,multiply,6,5,30,1,30,30
57,multiply,6,6,36,1,36,36
57,multiply,6,7,42,1,42,42
57,multiply,6,8,48,1,48,48
57,multiply,6,9,54,1,54,54
57,multiply,7,1,7,1,7,7
57,multiply,7,2,14,1,14,14
57,multiply,7,3,21,1,21,21
57,multiply,7,4,28,1,28,28
57,multiply,7,5,35,1,35,35
57,multiply,7,6,42,1,42,42
57,multiply,7,7,49,1,49,49
57,multiply,7,8,56,1,56,56
57,multiply,7,9,63,1,63,63
57,multiply,8,1,8,1,8,8
57,multiply,8,2,16,1,16,16
57,multiply,8,3,24,1,24,24
57,multiply,8,4,32,1,32,32
57,multiply,8,5,40,1,40,40
57,multiply,8,6,48,1,48,48
57,multiply,8,7,56,1,56,56
57,multiply,8,8,64,1,64,64
57,multiply,8,9,72,1,72,72
57,multiply,9,1,9,1,9,9
57,multiply,9,2,18,1,18,18
57,multiply,9,3,27,1,27,27
57,multiply,9,4,36,1,36,36
57,multiply,9,5,45,1,45,45
57,multiply,9,6,54,1,54,54
57,multiply,9,7,63,1,63,63
57,multiply,9,8,72,1,72,72
57,multiply,9,9,81,1,81,81
57,divide,1,1,1,1,1,1
57,divide,1,2,0,1,0,0
57,divide,1,3,0,1,0,0
57,divide,1,4,0,1,0,0
57,divide,1,5,0,1,0,0
57,divide,1,6,0,1,0,0
57,divide,1,7,0,1,0,0
57,divide,1,8,0,1,0,0
57,divide,1,9,0,1,0,0
57,divide,2,1,2,1,2,2
57,divide,2,2,2,1,1,1
57,divide,2,3,0,1,0,0
57,divide,2,4,0,1,0,0
57,divide,2,5,0,1,0,0
57,divide,2,6,0,1,0,0
57,divide,2,7,0,1,0,0
57,divide,2,8,0,1,0,0
57,divide,2,9,0,1,0,0
57,divide,3,1,3,1,3,3
57,divide,3,2,2,1,1,1
57,divide,3,3,3,1,1,1
57,divide,3,4,0,1,0,0
57,divide,3,5,0,1,0,0
57,divide,3,6,0,1,0,0
57,divide,3,7,0,1,0,0
57,divide,3,8,0,1,0,0
57,divide,3,9,0,1,0,0
57,divide,4,1,4,1,4,4
57,divide,4,2,4,1,2,2
57,divide,4,3,3,1,1,1
57,divide,4,4,4,1,1,1
57,divide,4,5,0,1,0,0
57,divide,4,6,0,1,0,0
57,divide,4,7,0,1,0,0
57,divide,4,8,0,1,0,0
57,divide,4,9,0,1,0,0
57,divide,5,1,5,1,5,5
57,divide,5,2,4,1,2,2
57,divide,5,3,3,1,1,1
57,divide,5,4,4,1,1,1
57,divide,5,5,5,1,1,1
57,divide,5,6,0,1,0,0
57,divide,5,7,0,1,0,0
57,divide,5,8,0,1,0,0
57,divide,5,9,0,1,0,0
57,divide,6,1,6,1,6,6
57,divide,6,2,6,1,3,3
57,divide,6,3,6,1,2,2
57,divide,6,4,4,1,1,1
57,divide,6,5,5,1,1,1
57,divide,6,6,6,1,1,1
57,divide,6,7,0,1,0,0
57,divide,6,8,0,1,0,0
57,divide,6,9,0,1,0,0
57,divide,7,1,7,1,7,7
57,divide,7,2,6,1,3,3
57,divide,7,3,6,1,2,2
57,divide,7,4,4,1,1,1
57,divide,7,5,5,1,1,1
57,divide,7,6,6,1,1,1
57,divide,7,7,7,1,1,1
57,divide,7,8,0,1,0,0
57,divide,7,9,0,1,0,0
57,divide,8,1,8,1,8,8
57,divide,8,2,8,1,4,4
57,divide,8,3,6,1,2,2
57,divide,8,4,8,1,2,2
57,divide,8,5,5,1,1,1
57,divide,8,6,6,1,1,1
57,divide,8,7,7,1,1,1
57,divide,8,8,8,1,1,1
57,divide,8,9,0,1,0,0
57,divide,9,1,9,1,9,9
57,divide,9,2,8,1,4,4
57,divide,9,3,9,1,3,3
57,divide,9,4,8,1,2,2
57,divide,9,5,5,1,1,1
57,divide,9,6,6,1,1,1
57,divide,9,7,7,1,1,1
57,divide,9,8,8,1,1,1
57,divide,9,9,9,1,1,1
63,add,1,1,1,1,2,2
63,add,1,2,2,1,3,3
63,add,1,3,3,1,4,4
63,add,1,4,4,1,5,5
63,add,1,5,5,1,6,6
63,add,1,6,6,1,7,7
63,add,1,7,7,1,8,8
63,add,1,8,8,1,9,9
63,add,1,9,9,1,10,10
63,add,2,1,1,1,3,3
63,add,2,2,2,1,4,4
63,add,2,3,3,1,5,5
63,add,2,4,4,1,6,6
63,add,2,5,5,1,7,7
63,add,2,6,6,1,8,8
63,add,2,7,7,1,9,9
63,add,2,8,8,1,10,10
63,add,2,9,9,1,11,11
63,add,3,1,1,1,4,4
63,add,3,2,2,1,5,5
63,add,3,3,3,1,6,6
63,add,3,4,4,1,7,7
63,add,3,5,5,1,8,8
63,add,3,6,6,1,9,9
63,add,3,7,7,1,10,10
63,add,3,8,8,1,11,11
63,add,3,9,9,1,12,12
63,add,4,1,1,1,5,5
63,add,4,2,2,1,6,6
63,add,4,3,3,1,7,7
63,add,4,4,4,1,8,8
63,add,4,5,5,1,9,9
63,add,4,6,6,1,10,10
63,add,4,7,7,1,11,11
63,add,4,8,8,1,12,12
63,add,4,9,9,1,13,13
63,add,5,1,1,1,6,6
63,add,5,2,2,1,7,7
63,add,5,3,3,1,8,8
63,add,5,4,4,1,9,9
63,add,5,5,5,1,10,10
63,add,5,6,6,1,11,11
63,add,5,7,7,1,12,12
63,add,5,8,8,1,13,13
63,add,5,9,9,1,14,14
63,add,6,1,1,1,7,7
63,add,6,2,2,1,8,8
63,add,6,3,3,1,9,9
63,add,6,4,4,1,10,10
63,add,6,5,5,1,11,11
63,add,6,6,6,1,12,12
63,add,6,7,7,1,13,13
63,add,6,8,8,1,14,14
63,add,6,9,9,1,15,15
63,add,7,1,1,1,8,8
63,add,7,2,2,1,9,9
63,add,7,3,3,1,10,10
63,add,7,4,4,1,11,11
63,add,7,5,5,1,12,12
63,add,7,6,6,1,13,13
63,add,7,7,7,1,14,14
63,add,7,8,8,1,15,15
63,add,7,9,9,1,16,16
63,add,8,1,1,1,9,9
63,add,8,2,2,1,10,10
63,add,8,3,3,1,11,11
63,add,8,4,4,1,12,12
63,add,8,5,5,1,13,13
63,add,8,6,6,1,14,14
63,add,8,7,7,1,15,15
63,add,8,8,8,1,16,16
63,add,8,9,9,1,17,17
63,add,9,1,1,1,10,10
63,add,9,2,2,1,11,11
63,add,9,3,3,1,12,12
63,add,9,4,4,1,13,13
63,add,9,5,5,1,14,14
63,add,9,6,6,1,15,15
63,add,9,7,7,1,16,16
63,add,9,8,8,1,17,17
63,add,9,9,9,1,18,18
63,subtract,1,1,1,1,0,0
63,subtract,1,2,2,1,0,0
63,subtract,1,3,3,1,0,0
63,subtract,1,4,4,1,0,0
63,subtract,1,5,5,1,0,0
63,subtract,1,6,6,1,0,0
63,subtract,1,7,7,1,0,0
63,subtract,1,8,8,1,0,0
63,subtract,1,9,9,1,0,0
63,subtract,2,1,1,1,1,1
63,subtract,2,2,2,1,0,0
63,subtract,2,3,3,1,0,0
63,subtract,2,4,4,1,0,0
63,subtract,2,5,5,1,0,0
63,subtract,2,6,6,1,0,0
63,subtract,2,7,7,1,0,0
63,subtract,2,8,8,1,0,0
63,subtract,2,9,9,1,0,0
63,subtract,3,1,1,1,2,2
63,subtract,3,2,2,1,1,1
63,subtract,3,3,3,1,0,0
63,subtract,3,4,4,1,0,0
63,subtract,3,5,5,1,0,0
63,subtract,3,6,6,1,0,0
63,subtract,3,7,7,1,0,0
63,subtract,3,8,8,1,0,0
63,subtract,3,9,9,1,0,0
63,subtract,4,1,1,1,3,3
63,subtract,4,2,2,1,2,2
63,subtract,4,3,3,1,1,1
63,subtract,4,4,4,1,0,0
63,subtract,4,5,5,1,0,0
63,subtract,4,6,6,1,0,0
63,subtract,4,7,7,1,0,0
63,subtract,4,8,8,1,0,0
63,subtract,4,9,9,1,0,0
63,subtract,5,1,1,1,4,4
63,subtract,5,2,2,1,3,3
63,subtract,5,3,3,1,2,2
63,subtract,5,4,4,1,1,1
63,subtract,5,5,5,1,0,0
63,subtract,5,6,6,1,0,0
63,subtract,5,7,7,1,0,0
63,subtract,5,8,8,1,0,0
63,subtract,5,9,9,1,0,0
63,subtract,6,1,1,1,5,5
63,subtract,6,2,2,1,4,4
63,subtract,6,3,3,1,3,3
63,subtract,6,4,4,1,2,2
63,subtract,6,5,5,1,1,1
63,subtract,6,6,6,1,0,0
63,subtract,6,7,7,1,0,0
63,subtract,6,8,8,1,0,0
63,subtract,6,9,9,1,0,0
63,subtract,7,1,1,1,6,6
63,subtract,7,2,2,1,5,5
63,subtract,7,3,3,1,4,4
63,subtract,7,4,4,1,3,3
63,subtract,7,5,5,1,2,2
63,subtract,7,6,6,1,1,1
63,subtract,7,7,7,1,0,0
63,subtract,7,8,8,1,0,0
63,subtract,7,9,9,1,0,0
63,subtract,8,1,1,1,7,7
63,subtract,8,2,2,1,6,6
63,subtract,8,3,3,1,5,5
63,subtract,8,4,4,1,4,4
63,subtract,8,5,5,1,3,3
63,subtract,8,6,6,1,2,2
63,subtract,8,7,7,1,1,1
63,subtract,8,8,8,1,0,0
63,subtract,8,9,9,1,0,0
63,subtract,9,1,1,1,8,8
63,subtract,9,2,2,1,7,7
63,subtract,9,3,3,1,6,6
63,subtract,9,4,4,1,5,5
63,subtract,9,5,5,1,4,4
63,subtract,9,6,6,1,3,3
63,subtract,9,7,7,1,2,2
63,subtract,9,8,8,1,1,1
63,subtract,9,9,9,1,0,0
63,multiply,1,1,1,1,1,1
63,multiply,1,2,2,1,2,2
63,multiply,1,3,3,1,3,3
63,multiply,1,4,4,1,4,4
63,multiply,1,5,5,1,5,5
63,multiply,1,6,6,1,6,6
63,multiply,1,7,7,1,7,7
63,multiply,1,8,8,1,8,8
63,multiply,1,9,9,1,9,9
63,multiply,2,1,2,1,2,2
63,multiply,2,2,4,1,4,4
63,multiply,2,3,6,1,6,6
63,multiply,2,4,8,1,8,8
63,multiply,2,5,10,1,10,10
63,multiply,2,6,12,1,12,12
63,multiply,2,7,14,1,14,14
63,multiply,2,8,16,1,16,16
63,multiply,2,9,18,1,18,18
63,multiply,3,1,3,1,3,3
63,multiply,3,2,6,1,6,6
63,multiply,3,3,9,1,9,9
63,multiply,3,4,12,1,12,12
63,multiply,3,5,15,1,15,15
63,multiply,3,6,18,1,18,18
63,multiply,3,7,21,1,21,21
63,multiply,3,8,24,1,24,24
63,multiply,3,9,27,1,27,27
63,multiply,4,1,4,1,4,4
63,multiply,4,2,8,1,8,8
63,multiply,4,3,12,1,12,12
63,multiply,4,4,16,1,16,16
63,multiply,4,5,20,1,20,20
63,multiply,4,6,24,1,24,24
63,multiply,4,7,28,1,28,28
63,multiply,4,8,32,1,32,32
63,multiply,4,9,36,1,36,36
63,multiply,5,1,5,1,5,5
63,multiply,5,2,10,1,10,10
63,multiply,5,3,15,1,15,15
63,multiply,5,4,20,1,20,20
63,multiply,5,5,25,1,25,25
63,multiply,5,6,30,1,30,30
63,multiply,5,7,35,1,35,35
63,multiply,5,8,40,1,40,40
63,multiply,5,9,45,1,45,45
63,multiply,6,1,6,1,6,6
63,multiply,6,2,12,1,12,12
63,multiply,6,3,18,1,18,18
63,multiply,6,4,24,1,24,24
63,multiply,6,5,30,1,30,30
63,multiply,6,6,36,1,36,36
63,multiply,6,7,42,1,42,42
63,multiply,6,8,48,1,48,48
63,multiply,6,9,54,1,54,54
63,multiply,7,1,7,1,7,7
63,multiply,7,2,14,1,14,14
63,multiply,7,3,21,1,21,21
63,multiply,7,4,28,1,28,28
63,multiply,7,5,35,1,35,35
63,multiply,7,6,42,1,42,42
63,multiply,7,7,49,1,49,49
63,multiply,7,8,56,1,56,56
63,multiply,7,9,63,1,63,63
63,multiply,8,1,8,1,8,8
63,multiply,8,2,16,1,16,16
63,multiply,8,3,24,1,24,24
63,multiply,8,4,32,1,32,32
63,multiply,8,5,40,1,40,40
63,multiply,8,6,48,1,48,48
63,multiply,8,7,56,1,56,56
63,multiply,8,8,64,1,64,64
63,multiply,8,9,72,1,72,72
63,multiply,9,1,9,1,9,9
63,multiply,9,2,18,1,18,18
63,multiply,9,3,27,1,27,27
63,multiply,9,4,36,1,36,36
63,multiply,9,5,45,1,45,45
63,multiply,9,6,54,1,54,54
63,multiply,9,7,63,1,63,63
63,multiply,9,8,72,1,72,72
63,multiply,9,9,81,1,81,81
63,divide,1,1,1,1,1,1
63,divide,1,2,0,1,0,0
63,divide,1,3,0,1,0,0
63,divide,1,4,0,1,0,0
63,divide,1,5,0,1,0,0
63,divide,1,6,0,1,0,0
63,divide,1,7,0,1,0,0
63,divide,1,8,0,1,0,0
63,divide,1,9,0,1,0,0
63,divide,2,1,2,1,2,2
63,divide,2,2,2,1,1,1
63,divide,2,3,0,1,0,0
63,divide,2,4,0,1,0,0
63,divide,2,5,0,1,0,0
63,divide,2,6,0,1,0,0
63,divide,2,7,0,1,0,0
63,divide,2,8,0,1,0,0
63,divide,2,9,0,1,0,0
63,divide,3,1,3,1,3,3
63,divide,3,2,2,1,1,1
63,divide,3,3,3,1,1,1
63,divide,3,4,0,1,0,0
63,divide,3,5,0,1,0,0
63,divide,3,6,0,1,0,0
63,divide,3,7,0,1,0,0
63,divide,3,8,0,1,0,0
63,divide,3,9,0,1,0,0
63,divide,4,1,4,1,4,4
63,divide,4,2,4,1,2,2
63,divide,4,3,3,1,1,1
63,divide,4,4,4,1,1,1
63,divide,4,5,0,1,0,0
63,divide,4,6,0,1,0,0
63,divide,4,7,0,1,0,0
63,divide,4,8,0,1,0,0
63,divide,4,9,0,1,0,0
63,divide,5,1,5,1,5,5
63,divide,5,2,4,1,2,2
63,divide,5,3,3,1,1,1
63,divide,5,4,4,1,1,1
63,divide,5,5,5,1,1,1
63,divide,5,6,0,1,0,0
63,divide,5,7,0,1,0,0
63,divide,5,8,0,1,0,0
63,divide,5,9,0,1,0,0
63,divide,6,1,6,1,6,6
63,divide,6,2,6,1,3,3
63,divide,6,3,6,1,2,2
63,divide,6,4,4,1,1,1
63,divide,6,5,5,1,1,1
63,divide,6,6,6,1,1,1
63,divide,6,7,0,1,0,0
63,divide,6,8,0,1,0,0
63,divide,6,9,0,1,0,0
63,divide,7,1,7,1,7,7
63,divide,7,2,6,1,3,3
63,divide,7,3,6,1,2,2
63,divide,7,4,4,1,1,1
63,divide,7,5,5,1,1,1
63,divide,7,6,6,1,1,1
63,divide,7,7,7,1,1,1
63,divide,7,8,0,1,0,0
63,divide,7,9,0,1,0,0
63,divide,8,1,8,1,8,8
63,divide,8,2,8,1,4,4
63,divide,8,3,6,1,2,2
63,divide,8,4,8,1,2,2
63,divide,8,5,5,1,1,1
63,divide,8,6,6,1,1,1
63,divide,8,7,7,1,1,1
63,divide,8,8,8,1,1,1
63,divide,8,9,0,1,0,0
63,divide,9,1,9,1,9,9
63,divide,9,2,8,1,4,4
63,divide,9,3,9,1,3,3
63,divide,9,4,8,1,2,2
63,divide,9,5,5,1,1,1
63,divide,9,6,6,1,1,1
63,divide,9,7,7,1,1,1
63,divide,9,8,8,1,1,1
63,divide,9,9,9,1,1,1
70,add,1,1,1,1,2,2
70,add,1,2,2,1,3,3
70,add,1,3,3,1,4,4
70,add,1,4,4,1,5,5
70,add,1,5,5,1,6,6
70,add,1,6,6,1,7,7
70,add,1,7,7,1,8,8
70,add,1,8,8,1,9,9
70,add,1,9,9,1,10,10
70,add,2,1,1,1,3,3
70,add,2,2,2,1,4,4
70,add,2,3,3,1,5,5
70,add,2,4,4,1,6,6
70,add,2,5,5,1,7,7
70,add,2,6,6,1,8,8
70,add,2,7,7,1,9,9
70,add,2,8,8,1,10,10
70,add,2,9,9,1,11,11
70,add,3,1,1,1,4,4
70,add,3,2,2,1,5,5
70,add,3,3,3,1,6,6
70,add,3,4,4,1,7,7
70,add,3,5,5,1,8,8
70,add,3,6,6,1,9,9
70,add,3,7,7,1,10,10
70,add,3,8,8,1,11,11
70,add,3,9,9,1,12,12
70,add,4,1,1,1,5,5
70,add,4,2,2,1,6,6
70,add,4,3,3,1,7,7
70,add,4,4,4,1,8,8
70,add,4,5,5,1,9,9
70,add,4,6,6,1,10,10
70,add,4,7,7,1,11,11
70,add,4,8,8,1,12,12
70,add,4,9,9,1,13,13
70,add,5,1,1,1,6,6
70,add,5,2,2,1,7,7
70,add,5,3,3,1,8,8
70,add,5,4,4,1,9,9
70,add,5,5,5,1,10,10
70,add,5,6,6,1,11,11
70,add,5,7,7,1,12,12
70,add,5,8,8,1,13,13
70,add,5,9,9,1,14,14
70,add,6,1,1,1,7,7
70,add,6,2,2,1,8,8
70,add,6,3,3,1,9,9
70,add,6,4,4,1,10,10
70,add,6,5,5,1,11,11
70,add,6,6,6,1,12,12
70,add,6,7,7,1,13,13
70,add,6,8,8,1,14,14
70,add,6,9,9,1,15,15
70,add,7,1,1,1,8,8
70,add,7,2,2,1,9,9
70,add,7,3,3,1,10,10
70,add,7,4,4,1,11,11
70,add,7,5,5,1,12,12
70,add,7,6,6,1,13,13
70,add,7,7,7,1,14,14
70,add,7,8,8,1,15,15
70,add,7,9,9,1,16,16
70,add,8,1,1,1,9,9
70,add,8,2,2,1,10,10
70,add,8,3,3,1,11,11
70,add,8,4,4,1,12,12
70,add,8,5,5,1,13,13
70,add,8,6,6,1,14,14
70,add,8,7,7,1,15,15
70,add,8,8,8,1,16,16
70,add,8,9,9,1,17,17
70,add,9,1,1,1,10,10
70,add,9,2,2,1,11,11
70,add,9,3,3,1,12,12
70,add,9,4,4,1,13,13
70,add,9,5,5,1,14,14
70,add,9,6,6,1,15,15
70,add,9,7,7,1,16,16
70,add,9,8,8,1,17,17
70,add,9,9,9,1,18,18
70,subtract,1,1,1,1,0,0
70,subtract,1,2,2,1,0,0
70,subtract,1,3,3,1,0,0
70,subtract,1,4,4,1,0,0
70,subtract,1,5,5,1,0,0
70,subtract,1,6,6,1,0,0
70,subtract,1,7,7,1,0,0
70,subtract,1,8,8,1,0,0
70,subtract,1,9,9,1,0,0
70,subtract,2,1,1,1,1,1
70,subtract,2,2,2,1,0,0
70,subtract,2,3,3,1,0,0
70,subtract,2,4,4,1,0,0
70,subtract,2,5,5,1,0,0
70,subtract,2,6,6,1,0,0
70,subtract,2,7,7,1,0,0
70,subtract,2,8,8,1,0,0
70,subtract,2,9,9,1,0,0
70,subtract,3,1,1,1,2,2
70,subtract,3,2,2,1,1,1
70,subtract,3,3,3,1,0,0
70,subtract,3,4,4,1,0,0
70,subtract,3,5,5,1,0,0
70,subtract,3,6,6,1,0,0
70,subtract,3,7,7,1,0,0
70,subtract,3,8,8,1,0,0
70,subtract,3,9,9,1,0,0
70,subtract,4,1,1,1,3,3
70,subtract,4,2,2,1,2,2
70,subtract,4,3,3,1,1,1
70,subtract,4,4,4,1,0,0
70,subtract,4,5,5,1,0,0
70,subtract,4,6,6,1,0,0
70,subtract,4,7,7,1,0,0
70,subtract,4,8,8,1,0,0
70,subtract,4,9,9,1,0,0
70,subtract,5,1,1,1,4,4
70,subtract,5,2,2,1,3,3
70,subtract,5,3,3,1,2,2
70,subtract,5,4,4,1,1,1
70,subtract,5,5,5,1,0,0
70,subtract,5,6,6,1,0,0
70,subtract,5,7,7,1,0,0
70,subtract,5,8,8,1,0,0
70,subtract,5,9,9,1,0,0
70,subtract,6,1,1,1,5,5
70,subtract,6,2,2,1,4,4
70,subtract,6,3,3,1,3,3
70,subtract,6,4,4,1,2,2
70,subtract,6,5,5,1,1,1
70,subtract,6,6,6,1,0,0
70,subtract,6,7,7,1,0,0
70,subtract,6,8,8,1,0,0
70,subtract,6,9,9,1,0,0
70,subtract,7,1,1,1,6,6
70,subtract,7,2,2,1,5,5
70,subtract,7,3,3,1,4,4
70,subtract,7,4,4,1,3,3
70,subtract,7,5,5,1,2,2
70,subtract,7,6,6,1,1,1
70,subtract,7,7,7,1,0,0
70,subtract,7,8,8,1,0,0
70,subtract,7,9,9,1,0,0
70,subtract,8,1,1,1,7,7
70,subtract,8,2,2,1,6,6
70,subtract,8,3,3,1,5,5
70,subtract,8,4,4,1,4,4
70,subtract,8,5,5,1,3,3
70,subtract,8,6,6,1,2,2
70,subtract,8,7,7,1,1,1
70,subtract,8,8,8,1,0,0
70,subtract,8,9,9,1,0,0
70,subtract,9,1,1,1,8,8
70,subtract,9,2,2,1,7,7
70,subtract,9,3,3,1,6,6
70,subtract,9,4,4,1,5,5
70,subtract,9,5,5,1,4,4
70,subtract,9,6,6,1,3,3
70,subtract,9,7,7,1,2,2
70,subtract,9,8,8,1,1,1
70,subtract,9,9,9,1,0,0
70,multiply,1,1,1,1,1,1
70,multiply,1,2,2,1,2,2
70,multiply,1,3,3,1,3,3
70,multiply,1,4,4,1,4,4
70,multiply,1,5,5,1,5,5
70,multiply,1,6,6,1,6,6
70,multiply,1,7,7,1,7,7
70,multiply,1,8,8,1,8,8
70,multiply,1,9,9,1,9,9
70,multiply,2,1,2,1,2,2
70,multiply,2,2,4,1,4,4
70,multiply,2,3,6,1,6,6
70,multiply,2,4,8,1,8,8
70,multiply,2,5,10,1,10,10
70,multiply,2,6,12,1,12,12
70,multiply,2,7,14,1,14,14
70,multiply,2,8,16,1,16,16
70,multiply,2,9,18,1,18,18
70,multiply,3,1,3,1,3,3
70,multiply,3,2,6,1,6,6
70,multiply,3,3,9,1,9,9
70,multiply,3,4,12,1,12,12
70,multiply,3,5,15,1,15,15
70,multiply,3,6,18,1,18,18
70,multiply,3,7,21,1,21,21
70,multiply,3,8,24,1,24,24
70,multiply,3,9,27,1,27,27
70,multiply,4,1,4,1,4,4
70,multiply,4,2,8,1,8,8
70,multiply,4,3,12,1,12,12
70,multiply,4,4,16,1,16,16
70,multiply,4,5,20,1,20,20
70,multiply,4,6,24,1,24,24
70,multiply,4,7,28,1,28,28
70,multiply,4,8,32,1,32,32
70,multiply,4,9,36,1,36,36
70,multiply,5,1,5,1,5,5
70,multiply,5,2,10,1,10,10
70,multiply,5,3,15,1,15,15
70,multiply,5,4,20,1,20,20
70,multiply,5,5,25,1,25,25
70,multiply,5,6,30,1,30,30
70,multiply,5,7,35,1,35,35
70,multiply,5,8,40,1,40,40
70,multiply,5,9,45,1,45,45
70,multiply,6,1,6,1,6,6
70,multiply,6,2,12,1,12,12
70,multiply,6,3,18,1,18,18
70,multiply,6,4,24,1,24,24
70,multiply,6,5,30,1,30,30
70,multiply,6,6,36,1,36,36
70,multiply,6,7,42,1,42,42
70,multiply,6,8,48,1,48,48
70,multiply,6,9,54,1,54,54
70,multiply,7,1,7,1,7,7
70,multiply,7,2,14,1,14,14
70,multiply,7,3,21,1,21,21
70,multiply,7,4,28,1,28,28
70,multiply,7,5,35,1,35,35
70,multiply,7,6,42,1,42,42
70,multiply,7,7,49,1,49,49
70,multiply,7,8,56,1,56,56
70,multiply,7,9,63,1,63,63
70,multiply,8,1,8,1,8,8
70,multiply,8,2,16,1,16,16
70,multiply,8,3,24,1,24,24
70,multiply,8,4,32,1,32,32
70,multiply,8,5,40,1,40,40
70,multiply,8,6,48,1,48,48
70,multiply,8,7,56,1,56,56
70,multiply,8,8,64,1,64,64
70,multiply,8,9,72,1,72,72
70,multiply,9,1,9,1,9,9
70,multiply,9,2,18,1,18,18
70,multiply,9,3,27,1,27,27
70,multiply,9,4,36,1,36,36
70,multiply,9,5,45,1,45,45
70,multiply,9,6,54,1,54,54
70,multiply,9,7,63,1,63,63
70,multiply,9,8,72,1,72,72
70,multiply,9,9,81,1,81,81
70,divide,1,1,1,1,1,1
70,divide,1,2,0,1,0,0
70,divide,1,3,0,1,0,0
70,divide,1,4,0,1,0,0
70,divide,1,5,0,1,0,0
70,divide,1,6,0,1,0,0
70,divide,1,7,0,1,0,0
70,divide,1,8,0,1,0,0
70,divide,1,9,0,1,0,0
70,divide,2,1,2,1,2,2
70,divide,2,2,2,1,1,1
70,divide,2,3,0,1,0,0
70,divide,2,4,0,1,0,0
70,divide,2,5,0,1,0,0
70,divide,2,6,0,1,0,0
70,divide,2,7,0,1,0,0
70,divide,2,8,0,1,0,0
70,divide,2,9,0,1,0,0
70,divide,3,1,3,1,3,3
70,divide,3,2,2,1,1,1
70,divide,3,3,3,1,1,1
70,divide,3,4,0,1,0,0
70,divide,3,5,0,1,0,0
70,divide,3,6,0,1,0,0
70,divide,3,7,0,1,0,0
70,divide,3,8,0,1,0,0
70,divide,3,9,0,1,0,0
70,divide,4,1,4,1,4,4
70,divide,4,2,4,1,2,2
70,divide,4,3,3,1,1,1
70,divide,4,4,4,1,1,1
70,divide,4,5,0,1,0,0
70,divide,4,6,0,1,0,0
70,divide,4,7,0,1,0,0
70,divide,4,8,0,1,0,0
70,divide,4,9,0,1,0,0
70,divide,5,1,5,1,5,5
70,divide,5,2,4,1,2,2
70,divide,5,3,3,1,1,1
70,divide,5,4,4,1,1,1
70,divide,5,5,5,1,1,1
70,divide,5,6,0,1,0,0
70,divide,5,7,0,1,0,0
70,divide,5,8,0,1,0,0
70,divide,5,9,0,1,0,0
70,divide,6,1,6,1,6,6
70,divide,6,2,6,1,3,3
70,divide,6,3,6,1,2,2
70,divide,6,4,4,1,1,1
70,divide,6,5,5,1,1,1
70,divide,6,6,6,1,1,1
70,divide,6,7,0,1,0,0
70,divide,6,8,0,1,0,0
70,divide,6,9,0,1,0,0
70,divide,7,1,7,1,7,7
70,divide,7,2,6,1,3,3
70,divide,7,3,6,1,2,2
70,divide,7,4,4,1,1,1
70,divide,7,5,5,1,1,1
70,divide,7,6,6,1,1,1
70,divide,7,7,7,1,1,1
70,divide,7,8,0,1,0,0
70,divide,7,9,0,1,0,0
70,divide,8,1,8,1,8,8
70,divide,8,2,8,1,4,4
70,divide,8,3,6,1,2,2
70,divide,8,4,8,1,2,2
70,divide,8,5,5,1,1,1
70,divide,8,6,6,1,1,1
70,divide,8,7,7,1,1,1
70,divide,8,8,8,1,1,1
70,divide,8,9,0,1,0,0
70,divide,9,1,9,1,9,9
70,divide,9,2,8,1,4,4
70,divide,9,3,9,1,3,3
70,divide,9,4,8,1,2,2
70,divide,9,5,5,1,1,1
70,divide,9,6,6,1,1,1
70,divide,9,7,7,1,1,1
70,divide,9,8,8,1,1,1
70,divide,9,9,9,1,1,1
75,add,1,1,1,1,2,2
75,add,1,2,2,1,3,3
75,add,1,3,3,1,4,4
75,add,1,4,4,1,5,5
75,add,1,5,5,1,6,6
75,add,1,6,6,1,7,7
75,add,1,7,7,1,8,8
75,add,1,8,8,1,9,9
75,add,1,9,9,1,10,10
75,add,2,1,1,1,3,3
75,add,2,2,2,1,4,4
75,add,2,3,3,1,5,5
75,add,2,4,4,1,6,6
75,add,2,5,5,1,7,7
75,add,2,6,6,1,8,8
75,add,2,7,7,1,9,9
75,add,2,8,8,1,10,10
75,add,2,9,9,1,11,11
75,add,3,1,1,1,4,4
75,add,3,2,2,1,5,5
75,add,3,3,3,1,6,6
75,add,3,4,4,1,7,7
75,add,3,5,5,1,8,8
75,add,3,6,6,1,9,9
75,add,3,7,7,1,10,10
75,add,3,8,8,1,11,11
75,add,3,9,9,1,12,12
75,add,4,1,1,1,5,5
75,add,4,2,2,1,6,6
75,add,4,3,3,1,7,7
75,add,4,4,4,1,8,8
75,add,4,5,5,1,9,9
75,add,4,6,6,1,10,10
75,add,4,7,7,1,11,11
75,add,4,8,8,1,12,12
75,add,4,9,9,1,13,13
75,add,5,1,1,1,6,6
75,add,5,2,2,1,7,7
75,add,5,3,3,1,8,8
75,add,5,4,4,1,9,9
75,add,5,5,5,1,10,10
75,add,5,6,6,1,11,11
75,add,5,7,7,1,12,12
75,add,5,8,8,1,13,13
75,add,5,9,9,1,14,14
75,add,6,1,1,1,7,7
75,add,6,2,2,1,8,8
75,add,6,3,3,1,9,9
75,add,6,4,4,1,10,10
75,add,6,5,5,1,11,11
75,add,6,6,6,1,12,12
75,add,6,7,7,1,13,13
75,add,6,8,8,1,14,14
75,add,6,9,9,1,15,15
75,add,7,1,1,1,8,8
75,add,7,2,2,1,9,9
75,add,7,3,3,1,10,10
75,add,7,4,4,1,11,11
75,add,7,5,5,1,12,12
75,add,7,6,6,1,13,13
75,add,7,7,7,1,14,14
75,add,7,8,8,1,15,15
75,add,7,9,9,1,16,16
75,add,8,1,1,1,9,9
75,add,8,2,2,1,10,10
75,add,8,3,3,1,11,11
75,add,8,4,4,1,12,12
75,add,8,5,5,1,13,13
75,add,8,6,6,1,14,14
75,add,8,7,7,1,15,15
75,add,8,8,8,1,16,16
75,add,8,9,9,1,17,17
75,add,9,1,1,1,10,10
75,add,9,2,2,1,11,11
75,add,9,3,3,1,12,12
75,add,9,4,4,1,13,13
75,add,9,5,5,1,14,14
75,add,9,6,6,1,15,15
75,add,9,7,7,1,16,16
75,add,9,8,8,1,17,17
75,add,9,9,9,1,18,18
75,subtract,1,1,1,1,0,0
75,subtract,1,2,2,1,0,0
75,subtract,1,3,3,1,0,0
75,subtract,1,4,4,1,0,0
75,subtract,1,5,5,1,0,0
75,subtract,1,6,6,1,0,0
75,subtract,1,7,7,1,0,0
75,subtract,1,8,8,1,0,0
75,subtract,1,9,9,1,0,0
75,subtract,2,1,1,1,1,1
75,subtract,2,2,2,1,0,0
75,subtract,2,3,3,1,0,0
75,subtract,2,4,4,1,0,0
75,subtract,2,5,5,1,0,0
75,subtract,2,6,6,1,0,0
75,subtract,2,7,7,1,0,0
75,subtract,2,8,8,1,0,0
75,subtract,2,9,9,1,0,0
75,subtract,3,1,1,1,2,2
75,subtract,3,2,2,1,1,1
75,subtract,3,3,3,1,0,0
75,subtract,3,4,4,1,0,0
75,subtract,3,5,5,1,0,0
75,subtract,3,6,6,1,0,0
75,subtract,3,7,7,1,0,0
75,subtract,3,8,8,1,0,0
75,subtract,3,9,9,1,0,0
75,subtract,4,1,1,1,3,3
75,subtract,4,2,2,1,2,2
75,subtract,4,3,3,1,1,1
75,subtract,4,4,4,1,0,0
75,subtract,4,5,5,1,0,0
75,subtract,4,6,6,1,0,0
75,subtract,4,7,7,1,0,0
75,subtract,4,8,8,1,0,0
75,subtract,4,9,9,1,0,0
75,subtract,5,1,1,1,4,4
75,subtract,5,2,2,1,3,3
75,subtract,5,3,3,1,2,2
75,subtract,5,4,4,1,1,1
75,subtract,5,5,5,1,0,0
75,subtract,5,6,6,1,0,0
75,subtract,5,7,7,1,0,0
75,subtract,5,8,8,1,0,0
75,subtract,5,9,9,1,0,0
75,subtract,6,1,1,1,5,5
75,subtract,6,2,2,1,4,4
75,subtract,6,3,3,1,3,3
75,subtract,6,4,4,1,2,2
75,subtract,6,5,5,1,1,1
75,subtract,6,6,6,1,0,0
75,subtract,6,7,7,1,0,0
75,subtract,6,8,8,1,0,0
75,subtract,6,9,9,1,0,0
75,subtract,7,1,1,1,6,6
75,subtract,7,2,2,1,5,5
75,subtract,7,3,3,1,4,4
75,subtract,7,4,4,1,3,3
75,subtract,7,5,5,1,2,2
75,subtract,7,6,6,1,1,1
75,subtract,7,7,7,1,0,0
75,subtract,7,8,8,1,0,0
75,subtract,7,9,9,1,0,0
75,subtract,8,1,1,1,7,7
75,subtract,8,2,2,1,6,6
75,subtract,8,3,3,1,5,5
75,subtract,8,4,4,1,4,4
75,subtract,8,5,5,1,3,3
75,subtract,8,6,6,1,2,2
75,subtract,8,7,7,1,1,1
75,subtract,8,8,8,1,0,0
75,subtract,8,9,9,1,0,0
75,subtract,9,1,1,1,8,8
75,subtract,9,2,2,1,7,7
75,subtract,9,3,3,1,6,6
75,subtract,9,4,4,1,5,5
75,subtract,9,5,5,1,4,4
75,subtract,9,6,6,1,3,3
75,subtract,9,7,7,1,2,2
75,subtract,9,8,8,1,1,1
75,subtract,9,9,9,1,0,0
75,multiply,1,1,1,1,1,1
75,multiply,1,2,2,1,2,2
75,multiply,1,3,3,1,3,3
75,multiply,1,4,4,1,4,4
75,multiply,1,5,5,1,5,5
75,multiply,1,6,6,1,6,6
75,multiply,1,7,7,1,7,7
75,multiply,1,8,8,1,8,8
75,multiply,1,9,9,1,9,9
75,multiply,2,1,2,1,2,2
75,multiply,2,2,4,1,4,4
75,multiply,2,3,6,1,6,6
75,multiply,2,4,8,1,8,8
75,multiply,2,5,10,1,10,10
75,multiply,2,6,12,1,12,12
75,multiply,2,7,14,1,14,14
75,multiply,2,8,16,1,16,16
75,multiply,2,9,18,1,18,18
75,multiply,3,1,3,1,3,3
75,multiply,3,2,6,1,6,6
75,multiply,3,3,9,1,9,9
75,multiply,3,4,12,1,12,12
75,multiply,3,5,15,1,15,15
75,multiply,3,6,18,1,18,18
75,multiply,3,7,21,1,21,21
75,multiply,3,8,24,1,24,24
75,multiply,3,9,27,1,27,27
75,multiply,4,1,4,1,4,4
75,multiply,4,2,8,1,8,8
75,multiply,4,3,12,1,12,12
75,multiply,4,4,16,1,16,16
75,multiply,4,5,20,1,20,20
75,multiply,4,6,24,1,24,24
75,multiply,4,7,28,1,28,28
75,multiply,4,8,32,1,32,32
75,multiply,4,9,36,1,36,36
75,multiply,5,1,5,1,5,5
75,multiply,5,2,10,1,10,10
75,multiply,5,3,15,1,15,15
75,multiply,5,4,20,1,20,20
75,multiply,5,5,25,1,25,25
75,multiply,5,6,30,1,30,30
75,multiply,5,7,35,1,35,35
75,multiply,5,8,40,1,40,40
75,multiply,5,9,45,1,45,45
75,multiply,6,1,6,1,6,6
75,multiply,6,2,12,1,12,12
75,multiply,6,3,18,1,18,18
75,multiply,6,4,24,1,24,24
75,multiply,6,5,30,1,30,30
75,multiply,6,6,36,1,36,36
75,multiply,6,7,42,1,42,42
75,multiply,6,8,48,1,48,48
75,multiply,6,9,54,1,54,54
75,multiply,7,1,7,1,7,7
75,multiply,7,2,14,1,14,14
75,multiply,7,3,21,1,21,21
75,multiply,7,4,28,1,28,28
75,multiply,7,5,35,1,35,35
75,multiply,7,6,42,1,42,42
75,multiply,7,7,49,1,49,49
75,multiply,7,8,56,1,56,56
75,multiply,7,9,63,1,63,63
75,multiply,8,1,8,1,8,8
75,multiply,8,2,16,1,16,16
75,multiply,8,3,24,1,24,24
75,multiply,8,4,32,1,32,32
75,multiply,8,5,40,1,40,40
75,multiply,8,6,48,1,48,48
75,multiply,8,7,56,1,56,56
75,multiply,8,8,64,1,64,64
75,multiply,8,9,72,1,72,72
75,multiply,9,1,9,1,9,9
75,multiply,9,2,18,1,18,18
75,multiply,9,3,27,1,27,27
75,multiply,9,4,36,1,36,36
75,multiply,9,5,45,1,45,45
75,multiply,9,6,54,1,54,54
75,multiply,9,7,63,1,63,63
75,multiply,9,8,72,1,72,72
75,multiply,9,9,81,1,81,81
75,divide,1,1,1,1,1,1
75,divide,1,2,0,1,0,0
75,divide,1,3,0,1,0,0
75,divide,1,4,0,1,0,0
75,divide,1,5,0,1,0,0
75,divide,1,6,0,1,0,0
75,divide,1,7,0,1,0,0
75,divide,1,8,0,1,0,0
75,divide,1,9,0,1,0,0
75,divide,2,1,2,1,2,2
75,divide,2,2,2,1,1,1
75,divide,2,3,0,1,0,0
75,divide,2,4,0,1,0,0
75,divide,2,5,0,1,0,0
75,divide,2,6,0,1,0,0
75,divide,2,7,0,1,0,0
75,divide,2,8,0,1,0,0
75,divide,2,9,0,1,0,0
75,divide,3,1,3,1,3,3
75,divide,3,2,2,1,1,1
75,divide,3,3,3,1,1,1
75,divide,3,4,0,1,0,0
75,divide,3,5,0,1,0,0
75,divide,3,6,0,1,0,0
75,divide,3,7,0,1,0,0
75,divide,3,8,0,1,0,0
75,divide,3,9,0,1,0,0
75,divide,4,1,4,1,4,4
75,divide,4,2,4,1,2,2
75,divide,4,3,3,1,1,1
75,divide,4,4,4,1,1,1
75,divide,4,5,0,1,0,0
75,divide,4,6,0,1,0,0
75,divide,4,7,0,1,0,0
75,divide,4,8,0,1,0,0
75,divide,4,9,0,1,0,0
75,divide,5,1,5,1,5,5
75,divide,5,2,4,1,2,2
75,divide,5,3,3,1,1,1
75,divide,5,4,4,1,1,1
75,divide,5,5,5,1,1,1
75,divide,5,6,0,1,0,0
75,divide,5,7,0,1,0,0
75,divide,5,8,0,1,0,0
75,divide,5,9,0,1,0,0
75,divide,6,1,6,1,6,6
75,divide,6,2,6,1,3,3
75,divide,6,3,6,1,2,2
75,divide,6,4,4,1,1,1
75,divide,6,5,5,1,1,1
75,divide,6,6,6,1,1,1
75,divide,6,7,0,1,0,0
75,divide,6,8,0,1,0,0
75,divide,6,9,0,1,0,0
75,divide,7,1,7,1,7,7
75,divide,7,2,6,1,3,3
75,divide,7,3,6,1,2,2
75,divide,7,4,4,1,1,1
75,divide,7,5,5,1,1,1
75,divide,7,6,6,1,1,1
75,divide,7,7,7,1,1,1
75,divide,7,8,0,1,0,0
75,divide,7,9,0,1,0,0
75,divide,8,1,8,1,8,8
75,divide,8,2,8,1,4,4
75,divide,8,3,6,1,2,2
75,divide,8,4,8,1,2,2
75,divide,8,5,5,1,1,1
75,divide,8,6,6,1,1,1
75,divide,8,7,7,1,1,1
75,divide,8,8,8,1,1,1
75,divide,8,9,0,1,0,0
75,divide,9,1,9,1,9,9
75,divide,9,2,8,1,4,4
75,divide,9,3,9,1,3,3
75,divide,9,4,8,1,2,2
75,divide,9,5,5,1,1,1
75,divide,9,6,6,1,1,1
75,divide,9,7,7,1,1,1
75,divide,9,8,8,1,1,1
75,divide,9,9,9,1,1,1
80,add,1,1,1,1,2,2
80,add,1,2,2,1,3,3
80,add,1,3,3,1,4,4
80,add,1,4,4,1,5,5
80,add,1,5,5,1,6,6
80,add,1,6,6,1,7,7
80,add,1,7,7,1,8,8
80,add,1,8,8,1,9,9
80,add,1,9,9,1,10,10
80,add,2,1,1,1,3,3
80,add,2,2,2,1,4,4
80,add,2,3,3,1,5,5
80,add,2,4,4,1,6,6
80,add,2,5,5,1,7,7
80,add,2,6,6,1,8,8
80,add,2,7,7,1,9,9
80,add,2,8,8,1,10,10
80,add,2,9,9,1,11,11
80,add,3,1,1,1,4,4
80,add,3,2,2,1,5,5
80,add,3,3,3,1,6,6
80,add,3,4,4,1,7,7
80,add,3,5,5,1,8,8
80,add,3,6,6,1,9,9
80,add,3,7,7,1,10,10
80,add,3,8,8,1,11,11
80,add,3,9,9,1,12,12
80,add,4,1,1,1,5,5
80,add,4,2,2,1,6,6
80,add,4,3,3,1,7,7
80,add,4,4,4,1,8,8
80,add,4,5,5,1,9,9
80,add,4,6,6,1,10,10
80,add,4,7,7,1,11,11
80,add,4,8,8,1,12,12
80,add,4,9,9,1,13,13
80,add,5,1,1,1,6,6
80,add,5,2,2,1,7,7
80,add,5,3,3,1,8,8
80,add,5,4,4,1,9,9
80,add,5,5,5,1,10,10
80,add,5,6,6,1,11,11
80,add,5,7,7,1,12,12
80,add,5,8,8,1,13,13
80,add,5,9,9,1,14,14
80,add,6,1,1,1,7,7
80,add,6,2,2,1,8,8
80,add,6,3,3,1,9,9
80,add,6,4,4,1,10,10
80,add,6,5,5,1,11,11
80,add,6,6,6,1,12,12
80,add,6,7,7,1,13,13
80,add,6,8,8,1,14,14
80,add,6,9,9,1,15,15
80,add,7,1,1,1,8,8
80,add,7,2,2,1,9,9
80,add,7,3,3,1,10,10
80,add,7,4,4,1,11,11
80,add,7,5,5,1,12,12
80,add,7,6,6,1,13,13
80,add,7,7,7,1,14,14
80,add,7,8,8,1,15,15
80,add,7,9,9,1,16,16
80,add,8,1,1,1,9,9
80,add,8,2,2,1,10,10
80,add,8,3,3,1,11,11
80,add,8,4,4,1,12,12
80,add,8,5,5,1,13,13
80,add,8,6,6,1,14,14
80,add,8,7,7,1,15,15
80,add,8,8,8,1,16,16
80,add,8,9,9,1,17,17
80,add,9,1,1,1,10,10
80,add,9,2,2,1,11,11
80,add,9,3,3,1,12,12
80,add,9,4,4,1,13,13
80,add,9,5,5,1,14,14
80,add,9,6,6,1,15,15
80,add,9,7,7,1,16,16
80,add,9,8,8,1,17,17
80,add,9,9,9,1,18,18
80,subtract,1,1,1,1,0,0
80,subtract,1,2,2,1,0,0
80,subtract,1,3,3,1,0,0
80,subtract,1,4,4,1,0,0
80,subtract,1,5,5,1,0,0
80,subtract,1,6,6,1,0,0
80,subtract,1,7,7,1,0,0
80,subtract,1,8,8,1,0,0
80,subtract,1,9,9,1,0,0
80,subtract,2,1,1,1,1,1
80,subtract,2,2,2,1,0,0
80,subtract,2,3,3,1,0,0
80,subtract,2,4,4,1,0,0
80,subtract,2,5,5,1,0,0
80,subtract,2,6,6,1,0,0
80,subtract,2,7,7,1,0,0
80,subtract,2,8,8,1,0,0
80,subtract,2,9,9,1,0,0
80,subtract,3,1,1,1,2,2
80,subtract,3,2,2,1,1,1
80,subtract,3,3,3,1,0,0
80,subtract,3,4,4,1,0,0
80,subtract,3,5,5,1,0,0
80,subtract,3,6,6,1,0,0
80,subtract,3,7,7,1,0,0
80,subtract,3,8,8,1,0,0
80,subtract,3,9,9,1,0,0
80,subtract,4,1,1,1,3,3
80,subtract,4,2,2,1,2,2
80,subtract,4,3,3,1,1,1
80,subtract,4,4,4,1,0,0
80,subtract,4,5,5,1,0,0
80,subtract,4,6,6,1,0,0
80,subtract,4,7,7,1,0,0
80,subtract,4,8,8,1,0,0
80,subtract,4,9,9,1,0,0
80,subtract,5,1,1,1,4,4
80,subtract,5,2,2,1,3,3
80,subtract,5,3,3,1,2,2
80,subtract,5,4,4,1,1,1
80,subtract,5,5,5,1,0,0
80,subtract,5,6,6,1,0,0
80,subtract,5,7,7,1,0,0
80,subtract,5,8,8,1,0,0
80,subtract,5,9,9,1,0,0
80,subtract,6,1,1,1,5,5
80,subtract,6,2,2,1,4,4
80,subtract,6,3,3,1,3,3
80,subtract,6,4,4,1,2,2
80,subtract,6,5,5,1,1,1
80,subtract,6,6,6,1,0,0
80,subtract,6,7,7,1,0,0
80,subtract,6,8,8,1,0,0
80,subtract,6,9,9,1,0,0
80,subtract,7,1,1,1,6,6
80,subtract,7,2,2,1,5,5
80,subtract,7,3,3,1,4,4
80,subtract,7,4,4,1,3,3
80,subtract,7,5,5,1,2,2
80,subtract,7,6,6,1,1,1
80,subtract,7,7,7,1,0,0
80,subtract,7,8,8,1,0,0
80,subtract,7,9,9,1,0,0
80,subtract,8,1,1,1,7,7
80,subtract,8,2,2,1,6,6
80,subtract,8,3,3,1,5,5
80,subtract,8,4,4,1,4,4
80,subtract,8,5,5,1,3,3
80,subtract,8,6,6,1,2,2
80,subtract,8,7,7,1,1,1
80,subtract,8,8,8,1,0,0
80,subtract,8,9,9,1,0,0
80,subtract,9,1,1,1,8,8
80,subtract,9,2,2,1,7,7
80,subtract,9,3,3,1,6,6
80,subtract,9,4,4,1,5,5
80,subtract,9,5,5,1,4,4
80,subtract,9,6,6,1,3,3
80,subtract,9,7,7,1,2,2
80,subtract,9,8,8,1,1,1
80,subtract,9,9,9,1,0,0
80,multiply,1,1,1,1,1,1
80,multiply,1,2,2,1,2,2
80,multiply,1,3,3,1,3,3
80,multiply,1,4,4,1,4,4
80,multiply,1,5,5,1,5,5
80,multiply,1,6,6,1,6,6
80,multiply,1,7,7,1,7,7
80,multiply,1,8,8,1,8,8
80,multiply,1,9,9,1,9,9
80,multiply,2,1,2,1,2,2
80,multiply,2,2,4,1,4,4
80,multiply,2,3,6,1,6,6
80,multiply,2,4,8,1,8,8
80,multiply,2,5,10,1,10,10
80,multiply,2,6,12,1,12,12
80,multiply,2,7,14,1,14,14
80,multiply,2,8,16,1,16,16
80,multiply,2,9,18,1,18,18
80,multiply,3,1,3,1,3,3
80,multiply,3,2,6,1,6,6
80,multiply,3,3,9,1,9,9
80,multiply,3,4,12,1,12,12
80,multiply,3,5,15,1,15,15
80,multiply,3,6,18,1,18,18
80,multiply,3,7,21,1,21,21
80,multiply,3,8,24,1,24,24
80,multiply,3,9,27,1,27,27
80,multiply,4,1,4,1,4,4
80,multiply,4,2,8,1,8,8
80,multiply,4,3,12,1,12,12
80,multiply,4,4,16,1,16,16
80,multiply,4,5,20,1,20,20
80,multiply,4,6,24,1,24,24
80,multiply,4,7,28,1,28,28
80,multiply,4,8,32,1,32,32
80,multiply,4,9,36,1,36,36
80,multiply,5,1,5,1,5,5
80,multiply,5,2,10,1,10,10
80,multiply,5,3,15,1,15,15
80,multiply,5,4,20,1,20,20
80,multiply,5,5,25,1,25,25
80,multiply,5,6,30,1,30,30
80,multiply,5,7,35,1,35,35
80,multiply,5,8,40,1,40,40
80,multiply,5,9,45,1,45,45
80,multiply,6,1,6,1,6,6
80,multiply,6,2,12,1,12,12
80,multiply,6,3,18,1,18,18
80,multiply,6,4,24,1,24,24
80,multiply,6,5,30,1,30,30
80,multiply,6,6,36,1,36,36
80,multiply,6,7,42,1,42,42
80,multiply,6,8,48,1,48,48
80,multiply,6,9,54,1,54,54
80,multiply,7,1,7,1,7,7
80,multiply,7,2,14,1,14,14
80,multiply,7,3,21,1,21,21
80,multiply,7,4,28,1,28,28
80,multiply,7,5,35,1,35,35
80,multiply,7,6,42,1,42,42
80,multiply,7,7,49,1,49,49
80,multiply,7,8,56,1,56,56
80,multiply,7,9,63,1,63,63
80,multiply,8,1,8,1,8,8
80,multiply,8,2,16,1,16,16
80,multiply,8,3,24,1,24,24
80,multiply,8,4,32,1,32,32
80,multiply,8,5,40,1,40,40
80,multiply,8,6,48,1,48,48
80,multiply,8,7,56,1,56,56
80,multiply,8,8,64,1,64,64
80,multiply,8,9,72,1,72,72
80,multiply,9,1,9,1,9,9
80,multiply,9,2,18,1,18,18
80,multiply,9,3,27,1,27,27
80,multiply,9,4,36,1,36,36
80,multiply,9,5,45,1,45,45
80,multiply,9,6,54,1,54,54
80,multiply,9,7,63,1,63,63
80,multiply,9,8,72,1,72,72
80,multiply,9,9,81,1,81,81
80,divide,1,1,1,1,1,1
80,divide,1,2,0,1,0,0
80,divide,1,3,0,1,0,0
80,divide,1,4,0,1,0,0
80,divide,1,5,0,1,0,0
80,divide,1,6,0,1,0,0
80,divide,1,7,0,1,0,0
80,divide,1,8,0,1,0,0
80,divide,1,9,0,1,0,0
80,divide,2,1,2,1,2,2
80,divide,2,2,2,1,1,1
80,divide,2,3,0,1,0,0
80,divide,2,4,0,1,0,0
80,divide,2,5,0,1,0,0
80,divide,2,6,0,1,0,0
80,divide,2,7,0,1,0,0
80,divide,2,8,0,1,0,0
80,divide,2,9,0,1,0,0
80,divide,3,1,3,1,3,3
80,divide,3,2,2,1,1,1
80,divide,3,3,3,1,1,1
80,divide,3,4,0,1,0,0
80,divide,3,5,0,1,0,0
80,divide,3,6,0,1,0,0
80,divide,3,7,0,1,0,0
80,divide,3,8,0,1,0,0
80,divide,3,9,0,1,0,0
80,divide,4,1,4,1,4,4
80,divide,4,2,4,1,2,2
80,divide,4,3,3,1,1,1
80,divide,4,4,4,1,1,1
80,divide,4,5,0,1,0,0
80,divide,4,6,0,1,0,0
80,divide,4,7,0,1,0,0
80,divide,4,8,0,1,0,0
80,divide,4,9,0,1,0,0
80,divide,5,1,5,1,5,5
80,divide,5,2,4,1,2,2
80,divide,5,3,3,1,1,1
80,divide,5,4,4,1,1,1
80,divide,5,5,5,1,1,1
80,divide,5,6,0,1,0,0
80,divide,5,7,0,1,0,0
80,divide,5,8,0,1,0,0
80,divide,5,9,0,1,0,0
80,divide,6,1,6,1,6,6
80,divide,6,2,6,1,3,3
80,divide,6,3,6,1,2,2
80,divide,6,4,4,1,1,1
80,divide,6,5,5,1,1,1
80,divide,6,6,6,1,1,1
80,divide,6,7,0,1,0,0
80,divide,6,8,0,1,0,0
80,divide,6,9,0,1,0,0
80,divide,7,1,7,1,7,7
80,divide,7,2,6,1,3,3
80,divide,7,3,6,1,2,2
80,divide,7,4,4,1,1,1
80,divide,7,5,5,1,1,1
80,divide,7,6,6,1,1,1
80,divide,7,7,7,1,1,1
80,divide,7,8,0,1,0,0
80,divide,7,9,0,1,0,0
80,divide,8,1,8,1,8,8
80,divide,8,2,8,1,4,4
80,divide,8,3,6,1,2,2
80,divide,8,4,8,1,2,2
80,divide,8,5,5,1,1,1
80,divide,8,6,6,1,1,1
80,divide,8,7,7,1,1,1
80,divide,8,8,8,1,1,1
80,divide,8,9,0,1,0,0
80,divide,9,1,9,1,9,9
80,divide,9,2,8,1,4,4
80,divide,9,3,9,1,3,3
80,divide,9,4,8,1,2,2
80,divide,9,5,5,1,1,1
80,divide,9,6,6,1,1,1
80,divide,9,7,7,1,1,1
80,divide,9,8,8,1,1,1
80,divide,9,9,9,1,1,1
88,add,1,1,1,1,2,2
88,add,1,2,2,1,3,3
88,add,1,3,3,1,4,4
88,add,1,4,4,1,5,5
88,add,1,5,5,1,6,6
88,add,1,6,6,1,7,7
88,add,1,7,7,1,8,8
88,add,1,8,8,1,9,9
88,add,1,9,9,1,10,10
88,add,2,1,1,1,3,3
88,add,2,2,2,1,4,4
88,add,2,3,3,1,5,5
88,add,2,4,4,1,6,6
88,add,2,5,5,1,7,7
88,add,2,6,6,1,8,8
88,add,2,7,7,1,9,9
88,add,2,8,8,1,10,10
88,add,2,9,9,1,11,11
88,add,3,1,1,1,4,4
88,add,3,2,2,1,5,5
88,add,3,3,3,1,6,6
88,add,3,4,4,1,7,7
88,add,3,5,5,1,8,8
88,add,3,6,6,1,9,9
88,add,3,7,7,1,10,10
88,add,3,8,8,1,11,11
88,add,3,9,9,1,12,12
88,add,4,1,1,1,5,5
88,add,4,2,2,1,6,6
88,add,4,3,3,1,7,7
88,add,4,4,4,1,8,8
88,add,4,5,5,1,9,9
88,add,4,6,6,1,10,10
88,add,4,7,7,1,11,11
88,add,4,8,8,1,12,12
88,add,4,9,9,1,13,13
88,add,5,1,1,1,6,6
88,add,5,2,2,1,7,7
88,add,5,3,3,1,8,8
88,add,5,4,4,1,9,9
88,add,5,5,5,1,10,10
88,add,5,6,6,1,11,11
88,add,5,7,7,1,12,12
88,add,5,8,8,1,13,13
88,add,5,9,9,1,14,14
88,add,6,1,1,1,7,7
88,add,6,2,2,1,8,8
88,add,6,3,3,1,9,9
88,add,6,4,4,1,10,10
88,add,6,5,5,1,11,11
88,add,6,6,6,1,12,12
88,add,6,7,7,1,13,13
88,add,6,8,8,1,14,14
88,add,6,9,9,1,15,15
88,add,7,1,1,1,8,8
88,add,7,2,2,1,9,9
88,add,7,3,3,1,10,10
88,add,7,4,4,1,11,11
88,add,7,5,5,1,12,12
88,add,7,6,6,1,13,13
88,add,7,7,7,1,14,14
88,add,7,8,8,1,15,15
88,add,7,9,9,1,16,16
88,add,8,1,1,1,9,9
88,add,8,2,2,1,10,10
88,add,8,3,3,1,11,11
88,add,8,4,4,1,12,12
88,add,8,5,5,1,13,13
88,add,8,6,6,1,14,14
88,add,8,7,7,1,15,15
88,add,8,8,8,1,16,16
88,add,8,9,9,1,17,17
88,add,9,1,1,1,10,10
88,add,9,2,2,1,11,11
88,add,9,3,3,1,12,12
88,add,9,4,4,1,13,13
88,add,9,5,5,1,14,14
88,add,9,6,6,1,15,15
88,add,9,7,7,1,16,16
88,add,9,8,8,1,17,17
88,add,9,9,9,1,18,18
88,subtract,1,1,1,1,0,0
88,subtract,1,2,2,1,0,0
88,subtract,1,3,3,1,0,0
88,subtract,1,4,4,1,0,0
88,subtract,1,5,5,1,0,0
88,subtract,1,6,6,1,0,0
88,subtract,1,7,7,1,0,0
88,subtract,1,8,8,1,0,0
88,subtract,1,9,9,1,0,0
88,subtract,2,1,1,1,1,1
88,subtract,2,2,2,1,0,0
88,subtract,2,3,3,1,0,0
88,subtract,2,4,4,1,0,0
88,subtract,2,5,5,1,0,0
88,subtract,2,6,6,1,0,0
88,subtract,2,7,7,1,0,0
88,subtract,2,8,8,1,0,0
88,subtract,2,9,9,1,0,0
88,subtract,3,1,1,1,2,2
88,subtract,3,2,2,1,1,1
88,subtract,3,3,3,1,0,0
88,subtract,3,4,4,1,0,0
88,subtract,3,5,5,1,0,0
88,subtract,3,6,6,1,0,0
88,subtract,3,7,7,1,0,0
88,subtract,3,8,8,1,0,0
88,subtract,3,9,9,1,0,0
88,subtract,4,1,1,1,3,3
88,subtract,4,2,2,1,2,2
88,subtract,4,3,3,1,1,1
88,subtract,4,4,4,1,0,0
88,subtract,4,5,5,1,0,0
88,subtract,4,6,6,1,0,0
88,subtract,4,7,7,1,0,0
88,subtract,4,8,8,1,0,0
88,subtract,4,9,9,1,0,0
88,subtract,5,1,1,1,4,4
88,subtract,5,2,2,1,3,3
88,subtract,5,3,3,1,2,2
88,subtract,5,4,4,1,1,1
88,subtract,5,5,5,1,0,0
88,subtract,5,6,6,1,0,0
88,subtract,5,7,7,1,0,0
88,subtract,5,8,8,1,0,0
88,subtract,5,9,9,1,0,0
88,subtract,6,1,1,1,5,5
88,subtract,6,2,2,1,4,4
88,subtract,6,3,3,1,3,3
88,subtract,6,4,4,1,2,2
88,subtract,6,5,5,1,1,1
88,subtract,6,6,6,1,0,0
88,subtract,6,7,7,1,0,0
88,subtract,6,8,8,1,0,0
88,subtract,6,9,9,1,0,0
88,subtract,7,1,1,1,6,6
88,subtract,7,2,2,1,5,5
88,subtract,7,3,3,1,4,4
88,subtract,7,4,4,1,3,3
88,subtract,7,5,5,1,2,2
88,subtract,7,6,6,1,1,1
88,subtract,7,7,7,1,0,0
88,subtract,7,8,8,1,0,0
88,subtract,7,9,9,1,0,0
88,subtract,8,1,1,1,7,7
88,subtract,8,2,2,1,6,6
88,subtract,8,3,3,1,5,5
88,subtract,8,4,4,1,4,4
88,subtract,8,5,5,1,3,3
88,subtract,8,6,6,1,2,2
88,subtract,8,7,7,1,1,1
88,subtract,8,8,8,1,0,0
88,subtract,8,9,9,1,0,0
88,subtract,9,1,1,1,8,8
88,subtract,9,2,2,1,7,7
88,subtract,9,3,3,1,6,6
88,subtract,9,4,4,1,5,5
88,subtract,9,5,5,1,4,4
88,subtract,9,6,6,1,3,3
88,subtract,9,7,7,1,2,2
88,subtract,9,8,8,1,1,1
88,subtract,9,9,9,1,0,0
88,multiply,1,1,1,1,1,1
88,multiply,1,2,2,1,2,2
88,multiply,1,3,3,1,3,3
88,multiply,1,4,4,1,4,4
88,multiply,1,5,5,1,5,5
88,multiply,1,6,6,1,6,6
88,multiply,1,7,7,1,7,7
88,multiply,1,8,8,1,8,8
88,multiply,1,9,9,1,9,9
88,multiply,2,1,2,1,2,2
88,multiply,2,2,4,1,4,4
88,multiply,2,3,6,1,6,6
88,multiply,2,4,8,1,8,8
88,multiply,2,5,10,1,10,10
88,multiply,2,6,12,1,12,12
88,multiply,2,7,14,1,14,14
88,multiply,2,8,16,1,16,16
88,multiply,2,9,18,1,18,18
88,multiply,3,1,3,1,3,3
88,multiply,3,2,6,1,6,6
88,multiply,3,3,9,1,9,9
88,multiply,3,4,12,1,12,12
88,multiply,3,5,15,1,15,15
88,multiply,3,6,18,1,18,18
88,multiply,3,7,21,1,21,21
88,multiply,3,8,24,1,24,24
88,multiply,3,9,27,1,27,27
88,multiply,4,1,4,1,4,4
88,multiply,4,2,8,1,8,8
88,multiply,4,3,12,1,12,12
88,multiply,4,4,16,1,16,16
88,multiply,4,5,20,1,20,20
88,multiply,4,6,24,1,24,24
88,multiply,4,7,28,1,28,28
88,multiply,4,8,32,1,32,32
88,multiply,4,9,36,1,36,36
88,multiply,5,1,5,1,5,5
88,multiply,5,2,10,1,10,10
88,multiply,5,3,15,1,15,15
88,multiply,5,4,20,1,20,20
88,multiply,5,5,25,1,25,25
88,multiply,5,6,30,1,30,30
88,multiply,5,7,35,1,35,35
88,multiply,5,8,40,1,40,40
88,multiply,5,9,45,1,45,45
88,multiply,6,1,6,1,6,6
88,multiply,6,2,12,1,12,12
88,multiply,6,3,18,1,18,18
88,multiply,6,4,24,1,24,24
88,multiply,6,5,30,1,30,30
88,multiply,6,6,36,1,36,36
88,multiply,6,7,42,1,42,42
88,multiply,6,8,48,1,48,48
88,multiply,6,9,54,1,54,54
88,multiply,7,1,7,1,7,7
88,multiply,7,2,14,1,14,14
88,multiply,7,3,21,1,21,21
88,multiply,7,4,28,1,28,28
88,multiply,7,5,35,1,35,35
88,multiply,7,6,42,1,42,42
88,multiply,7,7,49,1,49,49
88,multiply,7,8,56,1,56,56
88,multiply,7,9,63,1,63,63
88,multiply,8,1,8,1,8,8
88,multiply,8,2,16,1,16,16
88,multiply,8,3,24,1,24,24
88,multiply,8,4,32,1,32,32
88,multiply,8,5,40,1,40,40
88,multiply,8,6,48,1,48,48
88,multiply,8,7,56,1,56,56
88,multiply,8,8,64,1,64,64
88,multiply,8,9,72,1,72,72
88,multiply,9,1,9,1,9,9
88,multiply,9,2,18,1,18,18
88,multiply,9,3,27,1,27,27
88,multiply,9,4,36,1,36,36
88,multiply,9,5,45,1,45,45
88,multiply,9,6,54,1,54,54
88,multiply,9,7,63,1,63,63
88,multiply,9,8,72,1,72,72
88,multiply,9,9,81,1,81,81
88,divide,1,1,1,1,1,1
88,divide,1,2,0,1,0,0
88,divide,1,3,0,1,0,0
88,divide,1,4,0,1,0,0
88,divide,1,5,0,1,0,0
88,divide,1,6,0,1,0,0
88,divide,1,7,0,1,0,0
88,divide,1,8,0,1,0,0
88,divide,1,9,0,1,0,0
88,divide,2,1,2,1,2,2
88,divide,2,2,2,1,1,1
88,divide,2,3,0,1,0,0
88,divide,2,4,0,1,0,0
88,divide,2,5,0,1,0,0
88,divide,2,6,0,1,0,0
88,divide,2,7,0,1,0,0
88,divide,2,8,0,1,0,0
88,divide,2,9,0,1,0,0
88,divide,3,1,3,1,3,3
88,divide,3,2,2,1,1,1
88,divide,3,3,3,1,1,1
88,divide,3,4,0,1,0,0
88,divide,3,5,0,1,0,0
88,divide,3,6,0,1,0,0
88,divide,3,7,0,1,0,0
88,divide,3,8,0,1,0,0
88,divide,3,9,0,1,0,0
88,divide,4,1,4,1,4,4
88,divide,4,2,4,1,2,2
88,divide,4,3,3,1,1,1
88,divide,4,4,4,1,1,1
88,divide,4,5,0,1,0,0
88,divide,4,6,0,1,0,0
88,divide,4,7,0,1,0,0
88,divide,4,8,0,1,0,0
88,divide,4,9,0,1,0,0
88,divide,5,1,5,1,5,5
88,divide,5,2,4,1,2,2
88,divide,5,3,3,1,1,1
88,divide,5,4,4,1,1,1
88,divide,5,5,5,1,1,1
88,divide,5,6,0,1,0,0
88,divide,5,7,0,1,0,0
88,divide,5,8,0,1,0,0
88,divide,5,9,0,1,0,0
88,divide,6,1,6,1,6,6
88,divide,6,2,6,1,3,3
88,divide,6,3,6,1,2,2
88,divide,6,4,4,1,1,1
88,divide,6,5,5,1,1,1
88,divide,6,6,6,1,1,1
88,divide,6,7,0,1,0,0
88,divide,6,8,0,1,0,0
88,divide,6,9,0,1,0,0
88,divide,7,1,7,1,7,7
88,divide,7,2,6,1,3,3
88,divide,7,3,6,1,2,2
88,divide,7,4,4,1,1,1
88,divide,7,5,5,1,1,1
88,divide,7,6,6,1,1,1
88,divide,7,7,7,1,1,1
88,divide,7,8,0,1,0,0
88,divide,7,9,0,1,0,0
88,divide,8,1,8,1,8,8
88,divide,8,2,8,1,4,4
88,divide,8,3,6,1,2,2
88,divide,8,4,8,1,2,2
88,divide,8,5,5,1,1,1
88,divide,8,6,6,1,1,1
88,divide,8,7,7,1,1,1
88,divide,8,8,8,1,1,1
88,divide,8,9,0,1,0,0
88,divide,9,1,9,1,9,9
88,divide,9,2,8,1,4,4
88,divide,9,3,9,1,3,3
88,divide,9,4,8,1,2,2
88,divide,9,5,5,1,1,1
88,divide,9,6,6,1,1,1
88,divide,9,7,7,1,1,1
88,divide,9,8,8,1,1,1
88,divide,9,9,9,1,1,1
98,add,1,1,1,1,2,2
98,add,1,2,2,1,3,3
98,add,1,3,3,1,4,4
98,add,1,4,4,1,5,5
98,add,1,5,5,1,6,6
98,add,1,6,6,1,7,7
98,add,1,7,7,1,8,8
98,add,1,8,8,1,9,9
98,add,1,9,9,1,10,10
98,add,2,1,1,1,3,3
98,add,2,2,2,1,4,4
98,add,2,3,3,1,5,5
98,add,2,4,4,1,6,6
98,add,2,5,5,1,7,7
98,add,2,6,6,1,8,8
98,add,2,7,7,1,9,9
98,add,2,8,8,1,10,10
98,add,2,9,9,1,11,11
98,add,3,1,1,1,4,4
98,add,3,2,2,1,5,5
98,add,3,3,3,1,6,6
98,add,3,4,4,1,7,7
98,add,3,5,5,1,8,8
98,add,3,6,6,1,9,9
98,add,3,7,7,1,10,10
98,add,3,8,8,1,11,11
98,add,3,9,9,1,12,12
98,add,4,1,1,1,5,5
98,add,4,2,2,1,6,6
98,add,4,3,3,1,7,7
98,add,4,4,4,1,8,8
98,add,4,5,5,1,9,9
98,add,4,6,6,1,10,10
98,add,4,7,7,1,11,11
98,add,4,8,8,1,12,12
98,add,4,9,9,1,13,13
98,add,5,1,1,1,6,6
98,add,5,2,2,1,7,7
98,add,5,3,3,1,8,8
98,add,5,4,4,1,9,9
98,add,5,5,5,1,10,10
98,add,5,6,6,1,11,11
98,add,5,7,7,1,12,12
98,add,5,8,8,1,13,13
98,add,5,9,9,1,14,14
98,add,6,1,1,1,7,7
98,add,6,2,2,1,8,8
98,add,6,3,3,1,9,9
98,add,6,4,4,1,10,10
98,add,6,5,5,1,11,11
98,add,6,6,6,1,12,12
98,add,6,7,7,1,13,13
98,add,6,8,8,1,14,14
98,add,6,9,9,1,15,15
98,add,7,1,1,1,8,8
98,add,7,2,2,1,9,9
98,add,7,3,3,1,10,10
98,add,7,4,4,1,11,11
98,add,7,5,5,1,12,12
98,add,7,6,6,1,13,13
98,add,7,7,7,1,14,14
98,add,7,8,8,1,15,15
98,add,7,9,9,1,16,16
98,add,8,1,1,1,9,9
98,add,8,2,2,1,10,10
98,add,8,3,3,1,11,11
98,add,8,4,4,1,12,12
98,add,8,5,5,1,13,13
98,add,8,6,6,1,14,14
98,add,8,7,7,1,15,15
98,add,8,8,8,1,16,16
98,add,8,9,9,1,17,17
98,add,9,1,1,1,10,10
98,add,9,2,2,1,11,11
98,add,9,3,3,1,12,12
98,add,9,4,4,1,13,13
98,add,9,5,5,1,14,14
98,add,9,6,6,1,15,15
98,add,9,7,7,1,16,16
98,add,9,8,8,1,17,17
98,add,9,9,9,1,18,18
98,subtract,1,1,1,1,0,0
98,subtract,1,2,2,1,0,0
98,subtract,1,3,3,1,0,0
98,subtract,1,4,4,1,0,0
98,subtract,1,5,5,1,0,0
98,subtract,1,6,6,1,0,0
98,subtract,1,7,7,1,0,0
98,subtract,1,8,8,1,0,0
98,subtract,1,9,9,1,0,0
98,subtract,2,1,1,1,1,1
98,subtract,2,2,2,1,0,0
98,subtract,2,3,3,1,0,0
98,subtract,2,4,4,1,0,0
98,subtract,2,5,5,1,0,0
98,subtract,2,6,6,1,0,0
98,subtract,2,7,7,1,0,0
98,subtract,2,8,8,1,0,0
98,subtract,2,9,9,1,0,0
98,subtract,3,1,1,1,2,2
98,subtract,3,2,2,1,1,1
98,subtract,3,3,3,1,0,0
98,subtract,3,4,4,1,0,0
98,subtract,3,5,5,1,0,0
98,subtract,3,6,6,1,0,0
98,subtract,3,7,7,1,0,0
98,subtract,3,8,8,1,0,0
98,subtract,3,9,9,1,0,0
98,subtract,4,1,1,1,3,3
98,subtract,4,2,2,1,2,2
98,subtract,4,3,3,1,1,1
98,subtract,4,4,4,1,0,0
98,subtract,4,5,5,1,0,0
98,subtract,4,6,6,1,0,0
98,subtract,4,7,7,1,0,0
98,subtract,4,8,8,1,0,0
98,subtract,4,9,9,1,0,0
98,subtract,5,1,1,1,4,4
98,subtract,5,2,2,1,3,3
98,subtract,5,3,3,1,2,2
98,subtract,5,4,4,1,1,1
98,subtract,5,5,5,1,0,0
98,subtract,5,6,6,1,0,0
98,subtract,5,7,7,1,0,0
98,subtract,5,8,8,1,0,0
98,subtract,5,9,9,1,0,0
98,subtract,6,1,1,1,5,5
98,subtract,6,2,2,1,4,4
98,subtract,6,3,3,1,3,3
98,subtract,6,4,4,1,2,2
98,subtract,6,5,5,1,1,1
98,subtract,6,6,6,1,0,0
98,subtract,6,7,7,1,0,0
98,subtract,6,8,8,1,0,0
98,subtract,6,9,9,1,0,0
98,subtract,7,1,1,1,6,6
98,subtract,7,2,2,1,5,5
98,subtract,7,3,3,1,4,4
98,subtract,7,4,4,1,3,3
98,subtract,7,5,5,1,2,2
98,subtract,7,6,6,1,1,1
98,subtract,7,7,7,1,0,0
98,subtract,7,8,8,1,0,0
98,subtract,7,9,9,1,0,0
98,subtract,8,1,1,1,7,7
98,subtract,8,2,2,1,6,6
98,subtract,8,3,3,1,5,5
98,subtract,8,4,4,1,4,4
98,subtract,8,5,5,1,3,3
98,subtract,8,6,6,1,2,2
98,subtract,8,7,7,1,1,1
98,subtract,8,8,8,1,0,0
98,subtract,8,9,9,1,0,0
98,subtract,9,1,1,1,8,8
98,subtract,9,2,2,1,7,7
98,subtract,9,3,3,1,6,6
98,subtract,9,4,4,1,5,5
98,subtract,9,5,5,1,4,4
98,subtract,9,6,6,1,3,3
98,subtract,9,7,7,1,2,2
98,subtract,9,8,8,1,1,1
98,subtract,9,9,9,1,0,0
98,multiply,1,1,1,1,1,1
98,multiply,1,2,2,1,2,2
98,multiply,1,3,3,1,3,3
98,multiply,1,4,4,1,4,4
98,multiply,1,5,5,1,5,5
98,multiply,1,6,6,1,6,6
98,multiply,1,7,7,1,7,7
98,multiply,1,8,8,1,8,8
98,multiply,1,9,9,1,9,9
98,multiply,2,1,2,1,2,2
98,multiply,2,2,4,1,4,4
98,multiply,2,3,6,1,6,6
98,multiply,2,4,8,1,8,8
98,multiply,2,5,10,1,10,10
98,multiply,2,6,12,1,12,12
98,multiply,2,7,14,1,14,14
98,multiply,2,8,16,1,16,16
98,multiply,2,9,18,1,18,18
98,multiply,3,1,3,1,3,3
98,multiply,3,2,6,1,6,6
98,multiply,3,3,9,1,9,9
98,multiply,3,4,12,1,12,12
98,multiply,3,5,15,1,15,15
98,multiply,3,6,18,1,18,18
98,multiply,3,7,21,1,21,21
98,multiply,3,8,24,1,24,24
98,multiply,3,9,27,1,27,27
98,multiply,4,1,4,1,4,4
98,multiply,4,2,8,1,8,8
98,multiply,4,3,12,1,12,12
98,multiply,4,4,16,1,16,16
98,multiply,4,5,20,1,20,20
98,multiply,4,6,24,1,24,24
98,multiply,4,7,28,1,28,28
98,multiply,4,8,32,1,32,32
98,multiply,4,9,36,1,36,36
98,multiply,5,1,5,1,5,5
98,multiply,5,2,10,1,10,10
98,multiply,5,3,15,1,15,15
98,multiply,5,4,20,1,20,20
98,multiply,5,5,25,1,25,25
98,multiply,5,6,30,1,30,30
98,multiply,5,7,35,1,35,35
98,multiply,5,8,40,1,40,40
98,multiply,5,9,45,1,45,45
98,multiply,6,1,6,1,6,6
98,multiply,6,2,12,1,12,12
98,multiply,6,3,18,1,18,18
98,multiply,6,4,24,1,24,24
98,multiply,6,5,30,1,30,30
98,multiply,6,6,36,1,36,36
98,multiply,6,7,42,1,42,42
98,multiply,6,8,48,1,48,48
98,multiply,6,9,54,1,54,54
98,multiply,7,1,7,1,7,7
98,multiply,7,2,14,1,14,14
98,multiply,7,3,21,1,21,21
98,multiply,7,4,28,1,28,28
98,multiply,7,5,35,1,35,35
98,multiply,7,6,42,1,42,42
98,multiply,7,7,49,1,49,49
98,multiply,7,8,56,1,56,56
98,multiply,7,9,63,1,63,63
98,multiply,8,1,8,1,8,8
98,multiply,8,2,16,1,16,16
98,multiply,8,3,24,1,24,24
98,multiply,8,4,32,1,32,32
98,multiply,8,5,40,1,40,40
98,multiply,8,6,48,1,48,48
98,multiply,8,7,56,1,56,56
98,multiply,8,8,64,1,64,64
98,multiply,8,9,72,1,72,72
98,multiply,9,1,9,1,9,9
98,multiply,9,2,18,1,18,18
98,multiply,9,3,27,1,27,27
98,multiply,9,4,36,1,36,36
98,multiply,9,5,45,1,45,45
98,multiply,9,6,54,1,54,54
98,multiply,9,7,63,1,63,63
98,multiply,9,8,72,1,72,72
98,multiply,9,9,81,1,81,81
98,divide,1,1,1,1,1,1
98,divide,1,2,0,1,0,0
98,divide,1,3,0,1,0,0
98,divide,1,4,0,1,0,0
98,divide,1,5,0,1,0,0
98,divide,1,6,0,1,0,0
98,divide,1,7,0,1,0,0
98,divide,1,8,0,1,0,0
98,divide,1,9,0,1,0,0
98,divide,2,1,2,1,2,2
98,divide,2,2,2,1,1,1
98,divide,2,3,0,1,0,0
98,divide,2,4,0,1,0,0
98,divide,2,5,0,1,0,0
98,divide,2,6,0,1,0,0
98,divide,2,7,0,1,0,0
98,divide,2,8,0,1,0,0
98,divide,2,9,0,1,0,0
98,divide,3,1,3,1,3,3
98,divide,3,2,2,1,1,1
98,divide,3,3,3,1,1,1
98,divide,3,4,0,1,0,0
98,divide,3,5,0,1,0,0
98,divide,3,6,0,1,0,0
98,divide,3,7,0,1,0,0
98,divide,3,8,0,1,0,0
98,divide,3,9,0,1,0,0
98,divide,4,1,4,1,4,4
98,divide,4,2,4,1,2,2
98,divide,4,3,3,1,1,1
98,divide,4,4,4,1,1,1
98,divide,4,5,0,1,0,0
98,divide,4,6,0,1,0,0
98,divide,4,7,0,1,0,0
98,divide,4,8,0,1,0,0
98,divide,4,9,0,1,0,0
98,divide,5,1,5,1,5,5
98,divide,5,2,4,1,2,2
98,divide,5,3,3,1,1,1
98,divide,5,4,4,1,1,1
98,divide,5,5,5,1,1,1
98,divide,5,6,0,1,0,0
98,divide,5,7,0,1,0,0
98,divide,5,8,0,1,0,0
98,divide,5,9,0,1,0,0
98,divide,6,1,6,1,6,6
98,divide,6,2,6,1,3,3
98,divide,6,3,6,1,2,2
98,divide,6,4,4,1,1,1
98,divide,6,5,5,1,1,1
98,divide,6,6,6,1,1,1
98,divide,6,7,0,1,0,0
98,divide,6,8,0,1,0,0
98,divide,6,9,0,1,0,0
98,divide,7,1,7,1,7,7
98,divide,7,2,6,1,3,3
98,divide,7,3,6,1,2,2
98,divide,7,4,4,1,1,1
98,divide,7,5,5,1,1,1
98,divide,7,6,6,1,1,1
98,divide,7,7,7,1,1,1
98,divide,7,8,0,1,0,0
98,divide,7,9,0,1,0,0
98,divide,8,1,8,1,8,8
98,divide,8,2,8,1,4,4
98,divide,8,3,6,1,2,2
98,divide,8,4,8,1,2,2
98,divide,8,5,5,1,1,1
98,divide,8,6,6,1,1,1
98,divide,8,7,7,1,1,1
98,divide,8,8,8,1,1,1
98,divide,8,9,0,1,0,0
98,divide,9,1,9,1,9,9
98,divide,9,2,8,1,4,4
98,divide,9,3,9,1,3,3
98,divide,9,4,8,1,2,2
98,divide,9,5,5,1,1,1
98,divide,9,6,6,1,1,1
98,divide,9,7,7,1,1,1
98,divide,9,8,8,1,1,1
98,divide,9,9,9,1,1,1
23,add,1,1,1,1,2,2
23,add,1,2,2,1,3,3
23,add,1,3,3,1,4,4
23,add,1,4,4,1,5,5
23,add,1,5,5,1,6,6
23,add,1,6,6,1,7,7
23,add,1,7,7,1,8,8
23,add,1,8,8,1,9,9
23,add,1,9,9,1,10,10
23,add,2,1,1,1,3,3
23,add,2,2,2,1,4,4
23,add,2,3,3,1,5,5
23,add,2,4,4,1,6,6
23,add,2,5,5,1,7,7
23,add,2,6,6,1,8,8
23,add,2,7,7,1,9,9
23,add,2,8,8,1,10,10
23,add,2,9,9,1,11,11
23,add,3,1,1,1,4,4
23,add,3,2,2,1,5,5
23,add,3,3,3,1,6,6
23,add,3,4,4,1,7,7
23,add,3,5,5,1,8,8
23,add,3,6,6,1,9,9
23,add,3,7,7,1,10,10
23,add,3,8,8,1,11,11
23,add,3,9,9,1,12,12
23,add,4,1,1,1,5,5
23,add,4,2,2,1,6,6
23,add,4,3,3,1,7,7
23,add,4,4,4,1,8,8
23,add,4,5,5,1,9,9
23,add,4,6,6,1,10,10
23,add,4,7,7,1,11,11
23,add,4,8,8,1,12,12
23,add,4,9,9,1,13,13
23,add,5,1,1,1,6,6
23,add,5,2,2,1,7,7
23,add,5,3,3,1,8,8
23,add,5,4,4,1,9,9
23,add,5,5,5,1,10,10
23,add,5,6,6,1,11,11
23,add,5,7,7,1,12,12
23,add,5,8,8,1,13,13
23,add,5,9,9,1,14,14
23,add,6,1,1,1,7,7
23,add,6,2,2,1,8,8
23,add,6,3,3,1,9,9
23,add,6,4,4,1,10,10
23,add,6,5,5,1,11,11
23,add,6,6,6,1,12,12
23,add,6,7,7,1,13,13
23,add,6,8,8,1,14,14
23,add,6,9,9,1,15,15
23,add,7,1,1,1,8,8
23,add,7,2,2,1,9,9
23,add,7,3,3,1,10,10
23,add,7,4,4,1,11,11
23,add,7,5,5,1,12,12
23,add,7,6,6,1,13,13
23,add,7,7,7,1,14,14
23,add,7,8,8,1,15,15
23,add,7,9,9,1,16,16
23,add,8,1,1,1,9,9
23,add,8,2,2,1,10,10
23,add,8,3,3,1,11,11
23,add,8,4,4,1,12,12
23,add,8,5,5,1,13,13
23,add,8,6,6,1,14,14
23,add,8,7,7,1,15,15
23,add,8,8,8,1,16,16
23,add,8,9,9,1,17,17
23,add,9,1,1,1,10,10
23,add,9,2,2,1,11,11
23,add,9,3,3,1,12,12
23,add,9,4,4,1,13,13
23,add,9,5,5,1,14,14
23,add,9,6,6,1,15,15
23,add,9,7,7,1,16,16
23,add,9,8,8,1,17,17
23,add,9,9,9,1,18,18
23,subtract,1,1,1,1,0,0
23,subtract,1,2,2,1,0,0
23,subtract,1,3,3,1,0,0
23,subtract,1,4,4,1,0,0
23,subtract,1,5,5,1,0,0
23,subtract,1,6,6,1,0,0
23,subtract,1,7,7,1,0,0
23,subtract,1,8,8,1,0,0
23,subtract,1,9,9,1,0,0
23,subtract,2,1,1,1,1,1
23,subtract,2,2,2,1,0,0
23,subtract,2,3,3,1,0,0
23,subtract,2,4,4,1,0,0
23,subtract,2,5,5,1,0,0
23,subtract,2,6,6,1,0,0
23,subtract,2,7,7,1,0,0
23,subtract,2,8,8,1,0,0
23,subtract,2,9,9,1,0,0
23,subtract,3,1,1,1,2,2
23,subtract,3,2,2,1,1,1
23,subtract,3,3,3,1,0,0
23,subtract,3,4,4,1,0,0
23,subtract,3,5,5,1,0,0
23,subtract,3,6,6,1,0,0
23,subtract,3,7,7,1,0,0
23,subtract,3,8,8,1,0,0
23,subtract,3,9,9,1,0,0
23,subtract,4,1,1,1,3,3
23,subtract,4,2,2,1,2,2
23,subtract,4,3,3,1,1,1
23,subtract,4,4,4,1,0,0
23,subtract,4,5,5,1,0,0
23,subtract,4,6,6,1,0,0
23,subtract,4,7,7,1,0,0
23,subtract,4,8,8,1,0,0
23,subtract,4,9,9,1,0,0
23,subtract,5,1,1,1,4,4
23,subtract,5,2,2,1,3,3
23,subtract,5,3,3,1,2,2
23,subtract,5,4,4,1,1,1
23,subtract,5,5,5,1,0,0
23,subtract,5,6,6,1,0,0
23,subtract,5,7,7,1,0,0
23,subtract,5,8,8,1,0,0
23,subtract,5,9,9,1,0,0
23,subtract,6,1,1,1,5,5
23,subtract,6,2,2,1,4,4
23,subtract,6,3,3,1,3,3
23,subtract,6,4,4,1,2,2
23,subtract,6,5,5,1,1,1
23,subtract,6,6,6,1,0,0
23,subtract,6,7,7,1,0,0
23,subtract,6,8,8,1,0,0
23,subtract,6,9,9,1,0,0
23,subtract,7,1,1,1,6,6
23,subtract,7,2,2,1,5,5
23,subtract,7,3,3,1,4,4
23,subtract,7,4,4,1,3,3
23,subtract,7,5,5,1,2,2
23,subtract,7,6,6,1,1,1
23,subtract,7,7,7,1,0,0
23,subtract,7,8,8,1,0,0
23,subtract,7,9,9,1,0,0
23,subtract,8,1,1,1,7,7
23,subtract,8,2,2,1,6,6
23,subtract,8,3,3,1,5,5
23,subtract,8,4,4,1,4,4
23,subtract,8,5,5,1,3,3
23,subtract,8,6,6,1,2,2
23,subtract,8,7,7,1,1,1
23,subtract,8,8,8,1,0,0
23,subtract,8,9,9,1,0,0
23,subtract,9,1,1,1,8,8
23,subtract,9,2,2,1,7,7
23,subtract,9,3,3,1,6,6
23,subtract,9,4,4,1,5,5
23,subtract,9,5,5,1,4,4
23,subtract,9,6,6,1,3,3
23,subtract,9,7,7,1,2,2
23,subtract,9,8,8,1,1,1
23,subtract,9,9,9,1,0,0
23,multiply,1,1,1,1,1,1
23,multiply,1,2,2,1,2,2
23,multiply,1,3,3,1,3,3
23,multiply,1,4,4,1,4,4
23,multiply,1,5,5,1,5,5
23,multiply,1,6,6,1,6,6
23,multiply,1,7,7,1,7,7
23,multiply,1,8,8,1,8,8
23,multiply,1,9,9,1,9,9
23,multiply,2,1,2,1,2,2
23,multiply,2,2,4,1,4,4
23,multiply,2,3,6,1,6,6
23,multiply,2,4,8,1,8,8
23,multiply,2,5,10,1,10,10
23,multiply,2,6,12,1,12,12
23,multiply,2,7,14,1,14,14
23,multiply,2,8,16,1,16,16
23,multiply,2,9,18,1,18,18
23,multiply,3,1,3,1,3,3
23,multiply,3,2,6,1,6,6
23,multiply,3,3,9,1,9,9
23,multiply,3,4,12,1,12,12
23,multiply,3,5,15,1,15,15
23,multiply,3,6,18,1,18,18
23,multiply,3,7,21,1,21,21
23,multiply,3,8,24,1,24,24
23,multiply,3,9,27,1,27,27
23,multiply,4,1,4,1,4,4
23,multiply,4,2,8,1,8,8
23,multiply,4,3,12,1,12,12
23,multiply,4,4,16,1,16,16
23,multiply,4,5,20,1,20,20
23,multiply,4,6,24,1,24,24
23,multiply,4,7,28,1,28,28
23,multiply,4,8,32,1,32,32
23,multiply,4,9,36,1,36,36
23,multiply,5,1,5,1,5,5
23,multiply,5,2,10,1,10,10
23,multiply,5,3,15,1,15,15
23,multiply,5,4,20,1,20,20
23,multiply,5,5,25,1,25,25
23,multiply,5,6,30,1,30,30
23,multiply,5,7,35,1,35,35
23,multiply,5,8,40,1,40,40
23,multiply,5,9,45,1,45,45
23,multiply,6,1,6,1,6,6
23,multiply,6,2,12,1,12,12
23,multiply,6,3,18,1,18,18
23,multiply,6,4,24,1,24,24
23,multiply,6,5,30,1,30,30
23,multiply,6,6,36,1,36,36
23,multiply,6,7,42,1,42,42
23,multiply,6,8,48,1,48,48
23,multiply,6,9,54,1,54,54
23,multiply,7,1,7,1,7,7
23,multiply,7,2,14,1,14,14
23,multiply,7,3,21,1,21,21
23,multiply,7,4,28,1,28,28
23,multiply,7,5,35,1,35,35
23,multiply,7,6,42,1,42,42
23,multiply,7,7,49,1,49,49
23,multiply,7,8,56,1,56,56
23,multiply,7,9,63,1,63,63
23,multiply,8,1,8,1,8,8
23,multiply,8,2,16,1,16,16
23,multiply,8,3,24,1,24,24
23,multiply,8,4,32,1,32,32
23,multiply,8,5,40,1,40,40
23,multiply,8,6,48,1,48,48
23,multiply,8,7,56,1,56,56
23,multiply,8,8,64,1,64,64
23,multiply,8,9,72,1,72,72
23,multiply,9,1,9,1,9,9
23,multiply,9,2,18,1,18,18
23,multiply,9,3,27,1,27,27
23,multiply,9,4,36,1,36,36
23,multiply,9,5,45,1,45,45
23,multiply,9,6,54,1,54,54
23,multiply,9,7,63,1,63,63
23,multiply,9,8,72,1,72,72
23,multiply,9,9,81,1,81,81
23,divide,1,1,1,1,1,1
23,divide,1,2,0,1,0,0
23,divide,1,3,0,1,0,0
23,divide,1,4,0,1,0,0
23,divide,1,5,0,1,0,0
23,divide,1,6,0,1,0,0
23,divide,1,7,0,1,0,0
23,divide,1,8,0,1,0,0
23,divide,1,9,0,1,0,0
23,divide,2,1,2,1,2,2
23,divide,2,2,2,1,1,1
23,divide,2,3,0,1,0,0
23,divide,2,4,0,1,0,0
23,divide,2,5,0,1,0,0
23,divide,2,6,0,1,0,0
23,divide,2,7,0,1,0,0
23,divide,2,8,0,1,0,0
23,divide,2,9,0,1,0,0
23,divide,3,1,3,1,3,3
23,divide,3,2,2,1,1,1
23,divide,3,3,3,1,1,1
23,divide,3,4,0,1,0,0
23,divide,3,5,0,1,0,0
23,divide,3,6,0,1,0,0
23,divide,3,7,0,1,0,0
23,divide,3,8,0,1,0,0
23,divide,3,9,0,1,0,0
23,divide,4,1,4,1,4,4
23,divide,4,2,4,1,2,2
23,divide,4,3,3,1,1,1
23,divide,4,4,4,1,1,1
23,divide,4,5,0,1,0,0
23,divide,4,6,0,1,0,0
23,divide,4,7,0,1,0,0
23,divide,4,8,0,1,0,0
23,divide,4,9,0,1,0,0
23,divide,5,1,5,1,5,5
23,divide,5,2,4,1,2,2
23,divide,5,3,3,1,1,1
23,divide,5,4,4,1,1,1
23,divide,5,5,5,1,1,1
23,divide,5,6,0,1,0,0
23,divide,5,7,0,1,0,0
23,divide,5,8,0,1,0,0
23,divide,5,9,0,1,0,0
23,divide,6,1,6,1,6,6
23,divide,6,2,6,1,3,3
23,divide,6,3,6,1,2,2
23,divide,6,4,4,1,1,1
23,divide,6,5,5,1,1,1
23,divide,6,6,6,1,1,1
23,divide,6,7,0,1,0,0
23,divide,6,8,0,1,0,0
23,divide,6,9,0,1,0,0
23,divide,7,1,7,1,7,7
23,divide,7,2,6,1,3,3
23,divide,7,3,6,1,2,2
23,divide,7,4,4,1,1,1
23,divide,7,5,5,1,1,1
23,divide,7,6,6,1,1,1
23,divide,7,7,7,1,1,1
23,divide,7,8,0,1,0,0
23,divide,7,9,0,1,0,0
23,divide,8,1,8,1,8,8
23,divide,8,2,8,1,4,4
23,divide,8,3,6,1,2,2
23,divide,8,4,8,1,2,2
23,divide,8,5,5,1,1,1
23,divide,8,6,6,1,1,1
23,divide,8,7,7,1,1,1
23,divide,8,8,8,1,1,1
23,divide,8,9,0,1,0,0
23,divide,9,1,9,1,9,9
23,divide,9,2,8,1,4,4
23,divide,9,3,9,1,3,3
23,divide,9,4,8,1,2,2
23,divide,9,5,5,1,1,1
23,divide,9,6,6,1,1,1
23,divide,9,7,7,1,1,1
23,divide,9,8,8,1,1,1
23,divide,9,9,9,1,1,1
31,add,1,1,1,1,2,2
31,add,1,2,2,1,3,3
31,add,1,3,3,1,4,4
31,add,1,4,4,1,5,5
31,add,1,5,5,1,6,6
31,add,1,6,6,1,7,7
31,add,1,7,7,1,8,8
31,add,1,8,8,1,9,9
31,add,1,9,9,1,10,10
31,add,2,1,1,1,3,3
31,add,2,2,2,1,4,4
31,add,2,3,3,1,5,5
31,add,2,4,4,1,6,6
31,add,2,5,5,1,7,7
31,add,2,6,6,1,8,8
31,add,2,7,7,1,9,9
31,add,2,8,8,1,10,10
31,add,2,9,9,1,11,11
31,add,3,1,1,1,4,4
31,add,3,2,2,1,5,5
31,add,3,3,3,1,6,6
31,add,3,4,4,1,7,7
31,add,3,5,5,1,8,8
31,add,3,6,6,1,9,9
31,add,3,7,7,1,10,10
31,add,3,8,8,1,11,11
31,add,3,9,9,1,12,12
31,add,4,1,1,1,5,5
31,add,4,2,2,1,6,6
31,add,4,3,3,1,7,7
31,add,4,4,4,1,8,8
31,add,4,5,5,1,9,9
31,add,4,6,6,1,10,10
31,add,4,7,7,1,11,11
31,add,4,8,8,1,12,12
31,add,4,9,9,1,13,13
31,add,5,1,1,1,6,6
31,add,5,2,2,1,7,7
31,add,5,3,3,1,8,8
31,add,5,4,4,1,9,9
31,add,5,5,5,1,10,10
31,add,5,6,6,1,11,11
31,add,5,7,7,1,12,12
31,add,5,8,8,1,13,13
31,add,5,9,9,1,14,14
31,add,6,1,1,1,7,7
31,add,6,2,2,1,8,8
31,add,6,3,3,1,9,9
31,add,6,4,4,1,10,10
31,add,6,5,5,1,11,11
31,add,6,6,6,1,12,12
31,add,6,7,7,1,13,13
31,add,6,8,8,1,14,14
31,add,6,9,9,1,15,15
31,add,7,1,1,1,8,8
31,add,7,2,2,1,9,9
31,add,7,3,3,1,10,10
31,add,7,4,4,1,11,11
31,add,7,5,5,1,12,12
31,add,7,6,6,1,13,13
31,add,7,7,7,1,14,14
31,add,7,8,8,1,15,15
31,add,7,9,9,1,16,16
31,add,8,1,1,1,9,9
31,add,8,2,2,1,10,10
31,add,8,3,3,1,11,11
31,add,8,4,4,1,12,12
31,add,8,5,5,1,13,13
31,add,8,6,6,1,14,14
31,add,8,7,7,1,15,15
31,add,8,8,8,1,16,16
31,add,8,9,9,1,17,17
31,add,9,1,1,1,10,10
31,add,9,2,2,1,11,11
31,add,9,3,3,1,12,12
31,add,9,4,4,1,13,13
31,add,9,5,5,1,14,14
31,add,9,6,6,1,15,15
31,add,9,7,7,1,16,16
31,add,9,8,8,1,17,17
31,add,9,9,9,1,18,18
31,subtract,1,1,1,1,0,0
31,subtract,1,2,2,1,0,0
31,subtract,1,3,3,1,0,0
31,subtract,1,4,4,1,0,0
31,subtract,1,5,5,1,0,0
31,subtract,1,6,6,1,0,0
31,subtract,1,7,7,1,0,0
31,subtract,1,8,8,1,0,0
31,subtract,1,9,9,1,0,0
31,subtract,2,1,1,1,1,1
31,subtract,2,2,2,1,0,0
31,subtract,2,3,3,1,0,0
31,subtract,2,4,4,1,0,0
31,subtract,2,5,5,1,0,0
31,subtract,2,6,6,1,0,0
31,subtract,2,7,7,1,0,0
31,subtract,2,8,8,1,0,0
31,subtract,2,9,9,1,0,0
31,subtract,3,1,1,1,2,2
31,subtract,3,2,2,1,1,1
31,subtract,3,3,3,1,0,0
31,subtract,3,4,4,1,0,0
31,subtract,3,5,5,1,0,0
31,subtract,3,6,6,1,0,0
31,subtract,3,7,7,1,0,0
31,subtract,3,8,8,1,0,0
31,subtract,3,9,9,1,0,0
31,subtract,4,1,1,1,3,3
31,subtract,4,2,2,1,2,2
31,subtract,4,3,3,1,1,1
31,subtract,4,4,4,1,0,0
31,subtract,4,5,5,1,0,0
31,subtract,4,6,6,1,0,0
31,subtract,4,7,7,1,0,0
31,subtract,4,8,8,1,0,0
31,subtract,4,9,9,1,0,0
31,subtract,5,1,1,1,4,4
31,subtract,5,2,2,1,3,3
31,subtract,5,3,3,1,2,2
31,subtract,5,4,4,1,1,1
31,subtract,5,5,5,1,0,0
31,subtract,5,6,6,1,0,0
31,subtract,5,7,7,1,0,0
31,subtract,5,8,8,1,0,0
31,subtract,5,9,9,1,0,0
31,subtract,6,1,1,1,5,5
31,subtract,6,2,2,1,4,4
31,subtract,6,3,3,1,3,3
31,subtract,6,4,4,1,2,2
31,subtract,6,5,5,1,1,1
31,subtract,6,6,6,1,0,0
31,subtract,6,7,7,1,0,0
31,subtract,6,8,8,1,0,0
31,subtract,6,9,9,1,0,0
31,subtract,7,1,1,1,6,6
31,subtract,7,2,2,1,5,5
31,subtract,7,3,3,1,4,4
31,subtract,7,4,4,1,3,3
31,subtract,7,5,5,1,2,2
31,subtract,7,6,6,1,1,1
31,subtract,7,7,7,1,0,0
31,subtract,7,8,8,1,0,0
31,subtract,7,9,9,1,0,0
31,subtract,8,1,1,1,7,7
31,subtract,8,2,2,1,6,6
31,subtract,8,3,3,1,5,5
31,subtract,8,4,4,1,4,4
31,subtract,8,5,5,1,3,3
31,subtract,8,6,6,1,2,2
31,subtract,8,7,7,1,1,1
31,subtract,8,8,8,1,0,0
31,subtract,8,9,9,1,0,0
31,subtract,9,1,1,1,8,8
31,subtract,9,2,2,1,7,7
31,subtract,9,3,3,1,6,6
31,subtract,9,4,4,1,5,5
31,subtract,9,5,5,1,4,4
31,subtract,9,6,6,1,3,3
31,subtract,9,7,7,1,2,2
31,subtract,9,8,8,1,1,1
31,subtract,9,9,9,1,0,0
31,multiply,1,1,1,1,1,1
31,multiply,1,2,2,1,2,2
31,multiply,1,3,3,1,3,3
31,multiply,1,4,4,1,4,4
31,multiply,1,5,5,1,5,5
31,multiply,1,6,6,1,6,6
31,multiply,1,7,7,1,7,7
31,multiply,1,8,8,1,8,8
31,multiply,1,9,9,1,9,9
31,multiply,2,1,2,1,2,2
31,multiply,2,2,4,1,4,4
31,multiply,2,3,6,1,6,6
31,multiply,2,4,8,1,8,8
31,multiply,2,5,10,1,10,10
31,multiply,2,6,12,1,12,12
31,multiply,2,7,14,1,14,14
31,multiply,2,8,16,1,16,16
31,multiply,2,9,18,1,18,18
31,multiply,3,1,3,1,3,3
31,multiply,3,2,6,1,6,6
31,multiply,3,3,9,1,9,9
31,multiply,3,4,12,1,12,12
31,multiply,3,5,15,1,15,15
31,multiply,3,6,18,1,18,18
31,multiply,3,7,21,1,21,21
31,multiply,3,8,24,1,24,24
31,multiply,3,9,27,1,27,27
31,multiply,4,1,4,1,4,4
31,multiply,4,2,8,1,8,8
31,multiply,4,3,12,1,12,12
31,multiply,4,4,16,1,16,16
31,multiply,4,5,20,1,20,20
31,multiply,4,6,24,1,24,24
31,multiply,4,7,28,1,28,28
31,multiply,4,8,32,1,32,32
31,multiply,4,9,36,1,36,36
31,multiply,5,1,5,1,5,5
31,multiply,5,2,10,1,10,10
31,multiply,5,3,15,1,15,15
31,multiply,5,4,20,1,20,20
31,multiply,5,5,25,1,25,25
31,multiply,5,6,30,1,30,30
31,multiply,5,7,35,1,35,35
31,multiply,5,8,40,1,40,40
31,multiply,5,9,45,1,45,45
31,multiply,6,1,6,1,6,6
31,multiply,6,2,12,1,12,12
31,multiply,6,3,18,1,18,18
31,multiply,6,4,24,1,24,24
31,multiply,6,5,30,1,30,30
31,multiply,6,6,36,1,36,36
31,multiply,6,7,42,1,42,42
31,multiply,6,8,48,1,48,48
31,multiply,6,9,54,1,54,54
31,multiply,7,1,7,1,7,7
31,multiply,7,2,14,1,14,14
31,multiply,7,3,21,1,21,21
31,multiply,7,4,28,1,28,28
31,multiply,7,5,35,1,35,35
31,multiply,7,6,42,1,42,42
31,multiply,7,7,49,1,49,49
31,multiply,7,8,56,1,56,56
31,multiply,7,9,63,1,63,63
31,multiply,8,1,8,1,8,8
31,multiply,8,2,16,1,16,16
31,multiply,8,3,24,1,24,24
31,multiply,8,4,32,1,32,32
31,multiply,8,5,40,1,40,40
31,multiply,8,6,48,1,48,48
31,multiply,8,7,56,1,56,56
31,multiply,8,8,64,1,64,64
31,multiply,8,9,72,1,72,72
31,multiply,9,1,9,1,9,9
31,multiply,9,2,18,1,18,18
31,multiply,9,3,27,1,27,27
31,multiply,9,4,36,1,36,36
31,multiply,9,5,45,1,45,45
31,multiply,9,6,54,1,54,54
31,multiply,9,7,63,1,63,63
31,multiply,9,8,72,1,72,72
31,multiply,9,9,81,1,81,81
31,divide,1,1,1,1,1,1
31,divide,1,2,0,1,0,0
31,divide,1,3,0,1,0,0
31,divide,1,4,0,1,0,0
31,divide,1,5,0,1,0,0
31,divide,1,6,0,1,0,0
31,divide,1,7,0,1,0,0
31,divide,1,8,0,1,0,0
31,divide,1,9,0,1,0,0
31,divide,2,1,2,1,2,2
31,divide,2,2,2,1,1,1
31,divide,2,3,0,1,0,0
31,divide,2,4,0,1,0,0
31,divide,2,5,0,1,0,0
31,divide,2,6,0,1,0,0
31,divide,2,7,0,1,0,0
31,divide,2,8,0,1,0,0
31,divide,2,9,0,1,0,0
31,divide,3,1,3,1,3,3
31,divide,3,2,2,1,1,1
31,divide,3,3,3,1,1,1
31,divide,3,4,0,1,0,0
31,divide,3,5,0,1,0,0
31,divide,3,6,0,1,0,0
31,divide,3,7,0,1,0,0
31,divide,3,8,0,1,0,0
31,divide,3,9,0,1,0,0
31,divide,4,1,4,1,4,4
31,divide,4,2,4,1,2,2
31,divide,4,3,3,1,1,1
31,divide,4,4,4,1,1,1
31,divide,4,5,0,1,0,0
31,divide,4,6,0,1,0,0
31,divide,4,7,0,1,0,0
31,divide,4,8,0,1,0,0
31,divide,4,9,0,1,0,0
31,divide,5,1,5,1,5,5
31,divide,5,2,4,1,2,2
31,divide,5,3,3,1,1,1
31,divide,5,4,4,1,1,1
31,divide,5,5,5,1,1,1
31,divide,5,6,0,1,0,0
31,divide,5,7,0,1,0,0
31,divide,5,8,0,1,0,0
31,divide,5,9,0,1,0,0
31,divide,6,1,6,1,6,6
31,divide,6,2,6,1,3,3
31,divide,6,3,6,1,2,2
31,divide,6,4,4,1,1,1
31,divide,6,5,5,1,1,1
31,divide,6,6,6,1,1,1
31,divide,6,7,0,1,0,0
31,divide,6,8,0,1,0,0
31,divide,6,9,0,1,0,0
31,divide,7,1,7,1,7,7
31,divide,7,2,6,1,3,3
31,divide,7,3,6,1,2,2
31,divide,7,4,4,1,1,1
31,divide,7,5,5,1,1,1
31,divide,7,6,6,1,1,1
31,divide,7,7,7,1,1,1
31,divide,7,8,0,1,0,0
31,divide,7,9,0,1,0,0
31,divide,8,1,8,1,8,8
31,divide,8,2,8,1,4,4
31,divide,8,3,6,1,2,2
31,divide,8,4,8,1,2,2
31,divide,8,5,5,1,1,1
31,divide,8,6,6,1,1,1
31,divide,8,7,7,1,1,1
31,divide,8,8,8,1,1,1
31,divide,8,9,0,1,0,0
31,divide,9,1,9,1,9,9
31,divide,9,2,8,1,4,4
31,divide,9,3,9,1,3,3
31,divide,9,4,8,1,2,2
31,divide,9,5,5,1,1,1
31,divide,9,6,6,1,1,1
31,divide,9,7,7,1,1,1
31,divide,9,8,8,1,1,1
31,divide,9,9,9,1,1,1
39,add,1,1,1,1,2,2
39,add,1,2,2,1,3,3
39,add,1,3,3,1,4,4
39,add,1,4,4,1,5,5
39,add,1,5,5,1,6,6
39,add,1,6,6,1,7,7
39,add,1,7,7,1,8,8
39,add,1,8,8,1,9,9
39,add,1,9,9,1,10,10
39,add,2,1,1,1,3,3
39,add,2,2,2,1,4,4
39,add,2,3,3,1,5,5
39,add,2,4,4,1,6,6
39,add,2,5,5,1,7,7
39,add,2,6,6,1,8,8
39,add,2,7,7,1,9,9
39,add,2,8,8,1,10,10
39,add,2,9,9,1,11,11
39,add,3,1,1,1,4,4
39,add,3,2,2,1,5,5
39,add,3,3,3,1,6,6
39,add,3,4,4,1,7,7
39,add,3,5,5,1,8,8
39,add,3,6,6,1,9,9
39,add,3,7,7,1,10,10
39,add,3,8,8,1,11,11
39,add,3,9,9,1,12,12
39,add,4,1,1,1,5,5
39,add,4,2,2,1,6,6
39,add,4,3,3,1,7,7
39,add,4,4,4,1,8,8
39,add,4,5,5,1,9,9
39,add,4,6,6,1,10,10
39,add,4,7,7,1,11,11
39,add,4,8,8,1,12,12
39,add,4,9,9,1,13,13
39,add,5,1,1,1,6,6
39,add,5,2,2,1,7,7
39,add,5,3,3,1,8,8
39,add,5,4,4,1,9,9
39,add,5,5,5,1,10,10
39,add,5,6,6,1,11,11
39,add,5,7,7,1,12,12
39,add,5,8,8,1,13,13
39,add,5,9,9,1,14,14
39,add,6,1,1,1,7,7
39,add,6,2,2,1,8,8
39,add,6,3,3,1,9,9
39,add,6,4,4,1,10,10
39,add,6,5,5,1,11,11
39,add,6,6,6,1,12,12
39,add,6,7,7,1,13,13
39,add,6,8,8,1,14,14
39,add,6,9,9,1,15,15
39,add,7,1,1,1,8,8
39,add,7,2,2,1,9,9
39,add,7,3,3,1,10,10
39,add,7,4,4,1,11,11
39,add,7,5,5,1,12,12
39,add,7,6,6,1,13,13
39,add,7,7,7,1,14,14
39,add,7,8,8,1,15,15
39,add,7,9,9,1,16,16
39,add,8,1,1,1,9,9
39,add,8,2,2,1,10,10
39,add,8,3,3,1,11,11
39,add,8,4,4,1,12,12
39,add,8,5,5,1,13,13
39,add,8,6,6,1,14,14
39,add,8,7,7,1,15,15
39,add,8,8,8,1,16,16
39,add,8,9,9,1,17,17
39,add,9,1,1,1,10,10
39,add,9,2,2,1,11,11
39,add,9,3,3,1,12,12
39,add,9,4,4,1,13,13
39,add,9,5,5,1,14,14
39,add,9,6,6,1,15,15
39,add,9,7,7,1,16,16
39,add,9,8,8,1,17,17
39,add,9,9,9,1,18,18
39,subtract,1,1,1,1,0,0
39,subtract,1,2,2,1,0,0
39,subtract,1,3,3,1,0,0
39,subtract,1,4,4,1,0,0
39,subtract,1,5,5,1,0,0
39,subtract,1,6,6,1,0,0
39,subtract,1,7,7,1,0,0
39,subtract,1,8,8,1,0,0
39,subtract,1,9,9,1,0,0
39,subtract,2,1,1,1,1,1
39,subtract,2,2,2,1,0,0
39,subtract,2,3,3,1,0,0
39,subtract,2,4,4,1,0,0
39,subtract,2,5,5,1,0,0
39,subtract,2,6,6,1,0,0
39,subtract,2,7,7,1,0,0
39,subtract,2,8,8,1,0,0
39,subtract,2,9,9,1,0,0
39,subtract,3,1,1,1,2,2
39,subtract,3,2,2,1,1,1
39,subtract,3,3,3,1,0,0
39,subtract,3,4,4,1,0,0
39,subtract,3,5,5,1,0,0
39,subtract,3,6,6,1,0,0
39,subtract,3,7,7,1,0,0
39,subtract,3,8,8,1,0,0
39,subtract,3,9,9,1,0,0
39,subtract,4,1,1,1,3,3
39,subtract,4,2,2,1,2,2
39,subtract,4,3,3,1,1,1
39,subtract,4,4,4,1,0,0
39,subtract,4,5,5,1,0,0
39,subtract,4,6,6,1,0,0
39,subtract,4,7,7,1,0,0
39,subtract,4,8,8,1,0,0
39,subtract,4,9,9,1,0,0
39,subtract,5,1,1,1,4,4
39,subtract,5,2,2,1,3,3
39,subtract,5,3,3,1,2,2
39,subtract,5,4,4,1,1,1
39,subtract,5,5,5,1,0,0
39,subtract,5,6,6,1,0,0
39,subtract,5,7,7,1,0,0
39,subtract,5,8,8,1,0,0
39,subtract,5,9,9,1,0,0
39,subtract,6,1,1,1,5,5
39,subtract,6,2,2,1,4,4
39,subtract,6,3,3,1,3,3
39,subtract,6,4,4,1,2,2
39,subtract,6,5,5,1,1,1
39,subtract,6,6,6,1,0,0
39,subtract,6,7,7,1,0,0
39,subtract,6,8,8,1,0,0
39,subtract,6,9,9,1,0,0
39,subtract,7,1,1,1,6,6
39,subtract,7,2,2,1,5,5
39,subtract,7,3,3,1,4,4
39,subtract,7,4,4,1,3,3
39,subtract,7,5,5,1,2,2
39,subtract,7,6,6,1,1,1
39,subtract,7,7,7,1,0,0
39,subtract,7,8,8,1,0,0
39,subtract,7,9,9,1,0,0
39,subtract,8,1,1,1,7,7
39,subtract,8,2,2,1,6,6
39,subtract,8,3,3,1,5,5
39,subtract,8,4,4,1,4,4
39,subtract,8,5,5,1,3,3
39,subtract,8,6,6,1,2,2
39,subtract,8,7,7,1,1,1
39,subtract,8,8,8,1,0,0
39,subtract,8,9,9,1,0,0
39,subtract,9,1,1,1,8,8
39,subtract,9,2,2,1,7,7
39,subtract,9,3,3,1,6,6
39,subtract,9,4,4,1,5,5
39,subtract,9,5,5,1,4,4
39,subtract,9,6,6,1,3,3
39,subtract,9,7,7,1,2,2
39,subtract,9,8,8,1,1,1
39,subtract,9,9,9,1,0,0
39,multiply,1,1,1,1,1,1
39,multiply,1,2,2,1,2,2
39,multiply,1,3,3,1,3,3
39,multiply,1,4,4,1,4,4
39,multiply,1,5,5,1,5,5
39,multiply,1,6,6,1,6,6
39,multiply,1,7,7,1,7,7
39,multiply,1,8,8,1,8,8
39,multiply,1,9,9,1,9,9
39,multiply,2,1,2,1,2,2
39,multiply,2,2,4,1,4,4
39,multiply,2,3,6,1,6,6
39,multiply,2,4,8,1,8,8
39,multiply,2,5,10,1,10,10
39,multiply,2,6,12,1,12,12
39,multiply,2,7,14,1,14,14
39,multiply,2,8,16,1,16,16
39,multiply,2,9,18,1,18,18
39,multiply,3,1,3,1,3,3
39,multiply,3,2,6,1,6,6
39,multiply,3,3,9,1,9,9
39,multiply,3,4,12,1,12,12
39,multiply,3,5,15,1,15,15
39,multiply,3,6,18,1,18,18
39,multiply,3,7,21,1,21,21
39,multiply,3,8,24,1,24,24
39,multiply,3,9,27,1,27,27
39,multiply,4,1,4,1,4,4
39,multiply,4,2,8,1,8,8
39,multiply,4,3,12,1,12,12
39,multiply,4,4,16,1,16,16
39,multiply,4,5,20,1,20,20
39,multiply,4,6,24,1,24,24
39,multiply,4,7,28,1,28,28
39,multiply,4,8,32,1,32,32
39,multiply,4,9,36,1,36,36
39,multiply,5,1,5,1,5,5
39,multiply,5,2,10,1,10,10
39,multiply,5,3,15,1,15,15
39,multiply,5,4,20,1,20,20
39,multiply,5,5,25,1,25,25
39,multiply,5,6,30,1,30,30
39,multiply,5,7,35,1,35,35
39,multiply,5,8,40,1,40,40
39,multiply,5,9,45,1,45,45
39,multiply,6,1,6,1,6,6
39,multiply,6,2,12,1,12,12
39,multiply,6,3,18,1,18,18
39,multiply,6,4,24,1,24,24
39,multiply,6,5,30,1,30,30
39,multiply,6,6,36,1,36,36
39,multiply,6,7,42,1,42,42
39,multiply,6,8,48,1,48,48
39,multiply,6,9,54,1,54,54
39,multiply,7,1,7,1,7,7
39,multiply,7,2,14,1,14,14
39,multiply,7,3,21,1,21,21
39,multiply,7,4,28,1,28,28
39,multiply,7,5,35,1,35,35
39,multiply,7,6,42,1,42,42
39,multiply,7,7,49,1,49,49
39,multiply,7,8,56,1,56,56
39,multiply,7,9,63,1,63,63
39,multiply,8,1,8,1,8,8
39,multiply,8,2,16,1,16,16
39,multiply,8,3,24,1,24,24
39,multiply,8,4,32,1,32,32
39,multiply,8,5,40,1,40,40
39,multiply,8,6,48,1,48,48
39,multiply,8,7,56,1,56,56
39,multiply,8,8,64,1,64,64
39,multiply,8,9,72,1,72,72
39,multiply,9,1,9,1,9,9
39,multiply,9,2,18,1,18,18
39,multiply,9,3,27,1,27,27
39,multiply,9,4,36,1,36,36
39,multiply,9,5,45,1,45,45
39,multiply,9,6,54,1,54,54
39,multiply,9,7,63,1,63,63
39,multiply,9,8,72,1,72,72
39,multiply,9,9,81,1,81,81
39,divide,1,1,1,1,1,1
39,divide,1,2,0,1,0,0
39,divide,1,3,0,1,0,0
39,divide,1,4,0,1,0,0
39,divide,1,5,0,1,0,0
39,divide,1,6,0,1,0,0
39,divide,1,7,0,1,0,0
39,divide,1,8,0,1,0,0
39,divide,1,9,0,1,0,0
39,divide,2,1,2,1,2,2
39,divide,2,2,2,1,1,1
39,divide,2,3,0,1,0,0
39,divide,2,4,0,1,0,0
39,divide,2,5,0,1,0,0
39,divide,2,6,0,1,0,0
39,divide,2,7,0,1,0,0
39,divide,2,8,0,1,0,0
39,divide,2,9,0,1,0,0
39,divide,3,1,3,1,3,3
39,divide,3,2,2,1,1,1
39,divide,3,3,3,1,1,1
39,divide,3,4,0,1,0,0
39,divide,3,5,0,1,0,0
39,divide,3,6,0,1,0,0
39,divide,3,7,0,1,0,0
39,divide,3,8,0,1,0,0
39,divide,3,9,0,1,0,0
39,divide,4,1,4,1,4,4
39,divide,4,2,4,1,2,2
39,divide,4,3,3,1,1,1
39,divide,4,4,4,1,1,1
39,divide,4,5,0,1,0,0
39,divide,4,6,0,1,0,0
39,divide,4,7,0,1,0,0
39,divide,4,8,0,1,0,0
39,divide,4,9,0,1,0,0
39,divide,5,1,5,1,5,5
39,divide,5,2,4,1,2,2
39,divide,5,3,3,1,1,1
39,divide,5,4,4,1,1,1
39,divide,5,5,5,1,1,1
39,divide,5,6,0,1,0,0
39,divide,5,7,0,1,0,0
39,divide,5,8,0,1,0,0
39,divide,5,9,0,1,0,0
39,divide,6,1,6,1,6,6
39,divide,6,2,6,1,3,3
39,divide,6,3,6,1,2,2
39,divide,6,4,4,1,1,1
39,divide,6,5,5,1,1,1
39,divide,6,6,6,1,1,1
39,divide,6,7,0,1,0,0
39,divide,6,8,0,1,0,0
39,divide,6,9,0,1,0,0
39,divide,7,1,7,1,7,7
39,divide,7,2,6,1,3,3
39,divide,7,3,6,1,2,2
39,divide,7,4,4,1,1,1
39,divide,7,5,5,1,1,1
39,divide,7,6,6,1,1,1
39,divide,7,7,7,1,1,1
39,divide,7,8,0,1,0,0
39,divide,7,9,0,1,0,0
39,divide,8,1,8,1,8,8
39,divide,8,2,8,1,4,4
39,divide,8,3,6,1,2,2
39,divide,8,4,8,1,2,2
39,divide,8,5,5,1,1,1
39,divide,8,6,6,1,1,1
39,divide,8,7,7,1,1,1
39,divide,8,8,8,1,1,1
39,divide,8,9,0,1,0,0
39,divide,9,1,9,1,9,9
39,divide,9,2,8,1,4,4
39,divide,9,3,9,1,3,3
39,divide,9,4,8,1,2,2
39,divide,9,5,5,1,1,1
39,divide,9,6,6,1,1,1
39,divide,9,7,7,1,1,1
39,divide,9,8,8,1,1,1
39,divide,9,9,9,1,1,1
48,add,1,1,1,1,2,2
48,add,1,2,2,1,3,3
48,add,1,3,3,1,4,4
48,add,1,4,4,1,5,5
48,add,1,5,5,1,6,6
48,add,1,6,6,1,7,7
48,add,1,7,7,1,8,8
48,add,1,8,8,1,9,9
48,add,1,9,9,1,10,10
48,add,2,1,1,1,3,3
48,add,2,2,2,1,4,4
48,add,2,3,3,1,5,5
48,add,2,4,4,1,6,6
48,add,2,5,5,1,7,7
48,add,2,6,6,1,8,8
48,add,2,7,7,1,9,9
48,add,2,8,8,1,10,10
48,add,2,9,9,1,11,11
48,add,3,1,1,1,4,4
48,add,3,2,2,1,5,5
48,add,3,3,3,1,6,6
48,add,3,4,4,1,7,7
48,add,3,5,5,1,8,8
48,add,3,6,6,1,9,9
48,add,3,7,7,1,10,10
48,add,3,8,8,1,11,11
48,add,3,9,9,1,12,12
48,add,4,1,1,1,5,5
48,add,4,2,2,1,6,6
48,add,4,3,3,1,7,7
48,add,4,4,4,1,8,8
48,add,4,5,5,1,9,9
48,add,4,6,6,1,10,10
48,add,4,7,7,1,11,11
48,add,4,8,8,1,12,12
48,add,4,9,9,1,13,13
48,add,5,1,1,1,6,6
48,add,5,2,2,1,7,7
48,add,5,3,3,1,8,8
48,add,5,4,4,1,9,9
48,add,5,5,5,1,10,10
48,add,5,6,6,1,11,11
48,add,5,7,7,1,12,12
48,add,5,8,8,1,13,13
48,add,5,9,9,1,14,14
48,add,6,1,1,1,7,7
48,add,6,2,2,1,8,8
48,add,6,3,3,1,9,9
48,add,6,4,4,1,10,10
48,add,6,5,5,1,11,11
48,add,6,6,6,1,12,12
48,add,6,7,7,1,13,13
48,add,6,8,8,1,14,14
48,add,6,9,9,1,15,15
48,add,7,1,1,1,8,8
48,add,7,2,2,1,9,9
48,add,7,3,3,1,10,10
48,add,7,4,4,1,11,11
48,add,7,5,5,1,12,12
48,add,7,6,6,1,13,13
48,add,7,7,7,1,14,14
48,add,7,8,8,1,15,15
48,add,7,9,9,1,16,16
48,add,8,1,1,1,9,9
48,add,8,2,2,1,10,10
48,add,8,3,3,1,11,11
48,add,8,4,4,1,12,12
48,add,8,5,5,1,13,13
48,add,8,6,6,1,14,14
48,add,8,7,7,1,15,15
48,add,8,8,8,1,16,16
48,add,8,9,9,1,17,17
48,add,9,1,1,1,10,10
48,add,9,2,2,1,11,11
48,add,9,3,3,1,12,12
48,add,9,4,4,1,13,13
48,add,9,5,5,1,14,14
48,add,9,6,6,1,15,15
48,add,9,7,7,1,16,16
48,add,9,8,8,1,17,17
48,add,9,9,9,1,18,18
48,subtract,1,1,1,1,0,0
48,subtract,1,2,2,1,0,0
48,subtract,1,3,3,1,0,0
48,subtract,1,4,4,1,0,0
48,subtract,1,5,5,1,0,0
48,subtract,1,6,6,1,0,0
48,subtract,1,7,7,1,0,0
48,subtract,1,8,8,1,0,0
48,subtract,1,9,9,1,0,0
48,subtract,2,1,1,1,1,1
48,subtract,2,2,2,1,0,0
48,subtract,2,3,3,1,0,0
48,subtract,2,4,4,1,0,0
48,subtract,2,5,5,1,0,0
48,subtract,2,6,6,1,0,0
48,subtract,2,7,7,1,0,0
48,subtract,2,8,8,1,0,0
48,subtract,2,9,9,1,0,0
48,subtract,3,1,1,1,2,2
48,subtract,3,2,2,1,1,1
48,subtract,3,3,3,1,0,0
48,subtract,3,4,4,1,0,0
48,subtract,3,5,5,1,0,0
48,subtract,3,6,6,1,0,0
48,subtract,3,7,7,1,0,0
48,subtract,3,8,8,1,0,0
48,subtract,3,9,9,1,0,0
48,subtract,4,1,1,1,3,3
48,subtract,4,2,2,1,2,2
48,subtract,4,3,3,1,1,1
48,subtract,4,4,4,1,0,0
48,subtract,4,5,5,1,0,0
48,subtract,4,6,6,1,0,0
48,subtract,4,7,7,1,0,0
48,subtract,4,8,8,1,0,0
48,subtract,4,9,9,1,0,0
48,subtract,5,1,1,1,4,4
48,subtract,5,2,2,1,3,3
48,subtract,5,3,3,1,2,2
48,subtract,5,4,4,1,1,1
48,subtract,5,5,5,1,0,0
48,subtract,5,6,6,1,0,0
48,subtract,5,7,7,1,0,0
48,subtract,5,8,8,1,0,0
48,subtract,5,9,9,1,0,0
48,subtract,6,1,1,1,5,5
48,subtract,6,2,2,1,4,4
48,subtract,6,3,3,1,3,3
48,subtract,6,4,4,1,2,2
48,subtract,6,5,5,1,1,1
48,subtract,6,6,6,1,0,0
48,subtract,6,7,7,1,0,0
48,subtract,6,8,8,1,0,0
48,subtract,6,9,9,1,0,0
48,subtract,7,1,1,1,6,6
48,subtract,7,2,2,1,5,5
48,subtract,7,3,3,1,4,4
48,subtract,7,4,4,1,3,3
48,subtract,7,5,5,1,2,2
48,subtract,7,6,6,1,1,1
48,subtract,7,7,7,1,0,0
48,subtract,7,8,8,1,0,0
48,subtract,7,9,9,1,0,0
48,subtract,8,1,1,1,7,7
48,subtract,8,2,2,1,6,6
48,subtract,8,3,3,1,5,5
48,subtract,8,4,4,1,4,4
48,subtract,8,5,5,1,3,3
48,subtract,8,6,6,1,2,2
48,subtract,8,7,7,1,1,1
48,subtract,8,8,8,1,0,0
48,subtract,8,9,9,1,0,0
48,subtract,9,1,1,1,8,8
48,subtract,9,2,2,1,7,7
48,subtract,9,3,3,1,6,6
48,subtract,9,4,4,1,5,5
48,subtract,9,5,5,1,4,4
48,subtract,9,6,6,1,3,3
48,subtract,9,7,7,1,2,2
48,subtract,9,8,8,1,1,1
48,subtract,9,9,9,1,0,0
48,multiply,1,1,1,1,1,1
48,multiply,1,2,2,1,2,2
48,multiply,1,3,3,1,3,3
48,multiply,1,4,4,1,4,4
48,multiply,1,5,5,1,5,5
48,multiply,1,6,6,1,6,6
48,multiply,1,7,7,1,7,7
48,multiply,1,8,8,1,8,8
48,multiply,1,9,9,1,9,9
48,multiply,2,1,2,1,2,2
48,multiply,2,2,4,1,4,4
48,multiply,2,3,6,1,6,6
48,multiply,2,4,8,1,8,8
48,multiply,2,5,10,1,10,10
48,multiply,2,6,12,1,12,12
48,multiply,2,7,14,1,14,14
48,multiply,2,8,16,1,16,16
48,multiply,2,9,18,1,18,18
48,multiply,3,1,3,1,3,3
48,multiply,3,2,6,1,6,6
48,multiply,3,3,9,1,9,9
48,multiply,3,4,12,1,12,12
48,multiply,3,5,15,1,15,15
48,multiply,3,6,18,1,18,18
48,multiply,3,7,21,1,21,21
48,multiply,3,8,24,1,24,24
48,multiply,3,9,27,1,27,27
48,multiply,4,1,4,1,4,4
48,multiply,4,2,8,1,8,8
48,multiply,4,3,12,1,12,12
48,multiply,4,4,16,1,16,16
48,multiply,4,5,20,1,20,20
48,multiply,4,6,24,1,24,24
48,multiply,4,7,28,1,28,28
48,multiply,4,8,32,1,32,32
48,multiply,4,9,36,1,36,36
48,multiply,5,1,5,1,5,5
48,multiply,5,2,10,1,10,10
48,multiply,5,3,15,1,15,15
48,multiply,5,4,20,1,20,20
48,multiply,5,5,25,1,25,25
48,multiply,5,6,30,1,30,30
48,multiply,5,7,35,1,35,35
48,multiply,5,8,40,1,40,40
48,multiply,5,9,45,1,45,45
48,multiply,6,1,6,1,6,6
48,multiply,6,2,12,1,12,12
48,multiply,6,3,18,1,18,18
48,multiply,6,4,24,1,24,24
48,multiply,6,5,30,1,30,30
48,multiply,6,6,36,1,36,36
48,multiply,6,7,42,1,42,42
48,multiply,6,8,48,1,48,48
48,multiply,6,9,54,1,54,54
48,multiply,7,1,7,1,7,7
48,multiply,7,2,14,1,14,14
48,multiply,7,3,21,1,21,21
48,multiply,7,4,28,1,28,28
48,multiply,7,5,35,1,35,35
48,multiply,7,6,42,1,42,42
48,multiply,7,7,49,1,49,49
48,multiply,7,8,56,1,56,56
48,multiply,7,9,63,1,63,63
48,multiply,8,1,8,1,8,8
48,multiply,8,2,16,1,16,16
48,multiply,8,3,24,1,24,24
48,multiply,8,4,32,1,32,32
48,multiply,8,5,40,1,40,40
48,multiply,8,6,48,1,48,48
48,multiply,8,7,56,1,56,56
48,multiply,8,8,64,1,64,64
48,multiply,8,9,72,1,72,72
48,multiply,9,1,9,1,9,9
48,multiply,9,2,18,1,18,18
48,multiply,9,3,27,1,27,27
48,multiply,9,4,36,1,36,36
48,multiply,9,5,45,1,45,45
48,multiply,9,6,54,1,54,54
48,multiply,9,7,63,1,63,63
48,multiply,9,8,72,1,72,72
48,multiply,9,9,81,1,81,81
48,divide,1,1,1,1,1,1
48,divide,1,2,0,1,0,0
48,divide,1,3,0,1,0,0
48,divide,1,4,0,1,0,0
48,divide,1,5,0,1,0,0
48,divide,1,6,0,1,0,0
48,divide,1,7,0,1,0,0
48,divide,1,8,0,1,0,0
48,divide,1,9,0,1,0,0
48,divide,2,1,2,1,2,2
48,divide,2,2,2,1,1,1
48,divide,2,3,0,1,0,0
48,divide,2,4,0,1,0,0
48,divide,2,5,0,1,0,0
48,divide,2,6,0,1,0,0
48,divide,2,7,0,1,0,0
48,divide,2,8,0,1,0,0
48,divide,2,9,0,1,0,0
48,divide,3,1,3,1,3,3
48,divide,3,2,2,1,1,1
48,divide,3,3,3,1,1,1
48,divide,3,4,0,1,0,0
48,divide,3,5,0,1,0,0
48,divide,3,6,0,1,0,0
48,divide,3,7,0,1,0,0
48,divide,3,8,0,1,0,0
48,divide,3,9,0,1,0,0
48,divide,4,1,4,1,4,4
48,divide,4,2,4,1,2,2
48,divide,4,3,3,1,1,1
48,divide,4,4,4,1,1,1
48,divide,4,5,0,1,0,0
48,divide,4,6,0,1,0,0
48,divide,4,7,0,1,0,0
48,divide,4,8,0,1,0,0
48,divide,4,9,0,1,0,0
48,divide,5,1,5,1,5,5
48,divide,5,2,4,1,2,2
48,divide,5,3,3,1,1,1
48,divide,5,4,4,1,1,1
48,divide,5,5,5,1,1,1
48,divide,5,6,0,1,0,0
48,divide,5,7,0,1,0,0
48,divide,5,8,0,1,0,0
48,divide,5,9,0,1,0,0
48,divide,6,1,6,1,6,6
48,divide,6,2,6,1,3,3
48,divide,6,3,6,1,2,2
48,divide,6,4,4,1,1,1
48,divide,6,5,5,1,1,1
48,divide,6,6,6,1,1,1
48,divide,6,7,0,1,0,0
48,divide,6,8,0,1,0,0
48,divide,6,9,0,1,0,0
48,divide,7,1,7,1,7,7
48,divide,7,2,6,1,3,3
48,divide,7,3,6,1,2,2
48,divide,7,4,4,1,1,1
48,divide,7,5,5,1,1,1
48,divide,7,6,6,1,1,1
48,divide,7,7,7,1,1,1
48,divide,7,8,0,1,0,0
48,divide,7,9,0,1,0,0
48,divide,8,1,8,1,8,8
48,divide,8,2,8,1,4,4
48,divide,8,3,6,1,2,2
48,divide,8,4,8,1,2,2
48,divide,8,5,5,1,1,1
48,divide,8,6,6,1,1,1
48,divide,8,7,7,1,1,1
48,divide,8,8,8,1,1,1
48,divide,8,9,0,1,0,0
48,divide,9,1,9,1,9,9
48,divide,9,2,8,1,4,4
48,divide,9,3,9,1,3,3
48,divide,9,4,8,1,2,2
48,divide,9,5,5,1,1,1
48,divide,9,6,6,1,1,1
48,divide,9,7,7,1,1,1
48,divide,9,8,8,1,1,1
48,divide,9,9,9,1,1,1
58,add,1,1,1,1,2,2
58,add,1,2,2,1,3,3
58,add,1,3,3,1,4,4
58,add,1,4,4,1,5,5
58,add,1,5,5,1,6,6
58,add,1,6,6,1,7,7
58,add,1,7,7,1,8,8
58,add,1,8,8,1,9,9
58,add,1,9,9,1,10,10
58,add,2,1,1,1,3,3
58,add,2,2,2,1,4,4
58,add,2,3,3,1,5,5
58,add,2,4,4,1,6,6
58,add,2,5,5,1,7,7
58,add,2,6,6,1,8,8
58,add,2,7,7,1,9,9
58,add,2,8,8,1,10,10
58,add,2,9,9,1,11,11
58,add,3,1,1,1,4,4
58,add,3,2,2,1,5,5
58,add,3,3,3,1,6,6
58,add,3,4,4,1,7,7
58,add,3,5,5,1,8,8
58,add,3,6,6,1,9,9
58,add,3,7,7,1,10,10
58,add,3,8,8,1,11,11
58,add,3,9,9,1,12,12
58,add,4,1,1,1,5,5
58,add,4,2,2,1,6,6
58,add,4,3,3,1,7,7
58,add,4,4,4,1,8,8
58,add,4,5,5,1,9,9
58,add,4,6,6,1,10,10
58,add,4,7,7,1,11,11
58,add,4,8,8,1,12,12
58,add,4,9,9,1,13,13
58,add,5,1,1,1,6,6
58,add,5,2,2,1,7,7
58,add,5,3,3,1,8,8
58,add,5,4,4,1,9,9
58,add,5,5,5,1,10,10
58,add,5,6,6,1,11,11
58,add,5,7,7,1,12,12
58,add,5,8,8,1,13,13
58,add,5,9,9,1,14,14
58,add,6,1,1,1,7,7
58,add,6,2,2,1,8,8
58,add,6,3,3,1,9,9
58,add,6,4,4,1,10,10
58,add,6,5,5,1,11,11
58,add,6,6,6,1,12,12
58,add,6,7,7,1,13,13
58,add,6,8,8,1,14,14
58,add,6,9,9,1,15,15
58,add,7,1,1,1,8,8
58,add,7,2,2,1,9,9
58,add,7,3,3,1,10,10
58,add,7,4,4,1,11,11
58,add,7,5,5,1,12,12
58,add,7,6,6,1,13,13
58,add,7,7,7,1,14,14
58,add,7,8,8,1,15,15
58,add,7,9,9,1,16,16
58,add,8,1,1,1,9,9
58,add,8,2,2,1,10,10
58,add,8,3,3,1,11,11
58,add,8,4,4,1,12,12
58,add,8,5,5,1,13,13
58,add,8,6,6,1,14,14
58,add,8,7,7,1,15,15
58,add,8,8,8,1,16,16
58,add,8,9,9,1,17,17
58,add,9,1,1,1,10,10
58,add,9,2,2,1,11,11
58,add,9,3,3,1,12,12
58,add,9,4,4,1,13,13
58,add,9,5,5,1,14,14
58,add,9,6,6,1,15,15
58,add,9,7,7,1,16,16
58,add,9,8,8,1,17,17
58,add,9,9,9,1,18,18
58,subtract,1,1,1,1,0,0
58,subtract,1,2,2,1,0,0
58,subtract,1,3,3,1,0,0
58,subtract,1,4,4,1,0,0
58,subtract,1,5,5,1,0,0
58,subtract,1,6,6,1,0,0
58,subtract,1,7,7,1,0,0
58,subtract,1,8,8,1,0,0
58,subtract,1,9,9,1,0,0
58,subtract,2,1,1,1,1,1
58,subtract,2,2,2,1,0,0
58,subtract,2,3,3,1,0,0
58,subtract,2,4,4,1,0,0
58,subtract,2,5,5,1,0,0
58,subtract,2,6,6,1,0,0
58,subtract,2,7,7,1,0,0
58,subtract,2,8,8,1,0,0
58,subtract,2,9,9,1,0,0
58,subtract,3,1,1,1,2,2
58,subtract,3,2,2,1,1,1
58,subtract,3,3,3,1,0,0
58,subtract,3,4,4,1,0,0
58,subtract,3,5,5,1,0,0
58,subtract,3,6,6,1,0,0
58,subtract,3,7,7,1,0,0
58,subtract,3,8,8,1,0,0
58,subtract,3,9,9,1,0,0
58,subtract,4,1,1,1,3,3
58,subtract,4,2,2,1,2,2
58,subtract,4,3,3,1,1,1
58,subtract,4,4,4,1,0,0
58,subtract,4,5,5,1,0,0
58,subtract,4,6,6,1,0,0
58,subtract,4,7,7,1,0,0
58,subtract,4,8,8,1,0,0
58,subtract,4,9,9,1,0,0
58,subtract,5,1,1,1,4,4
58,subtract,5,2,2,1,3,3
58,subtract,5,3,3,1,2,2
58,subtract,5,4,4,1,1,1
58,subtract,5,5,5,1,0,0
58,subtract,5,6,6,1,0,0
58,subtract,5,7,7,1,0,0
58,subtract,5,8,8,1,0,0
58,subtract,5,9,9,1,0,0
58,subtract,6,1,1,1,5,5
58,subtract,6,2,2,1,4,4
58,subtract,6,3,3,1,3,3
58,subtract,6,4,4,1,2,2
58,subtract,6,5,5,1,1,1
58,subtract,6,6,6,1,0,0
58,subtract,6,7,7,1,0,0
58,subtract,6,8,8,1,0,0
58,subtract,6,9,9,1,0,0
58,subtract,7,1,1,1,6,6
58,subtract,7,2,2,1,5,5
58,subtract,7,3,3,1,4,4
58,subtract,7,4,4,1,3,3
58,subtract,7,5,5,1,2,2
58,subtract,7,6,6,1,1,1
58,subtract,7,7,7,1,0,0
58,subtract,7,8,8,1,0,0
58,subtract,7,9,9,1,0,0
58,subtract,8,1,1,1,7,7
58,subtract,8,2,2,1,6,6
58,subtract,8,3,3,1,5,5
58,subtract,8,4,4,1,4,4
58,subtract,8,5,5,1,3,3
58,subtract,8,6,6,1,2,2
58,subtract,8,7,7,1,1,1
58,subtract,8,8,8,1,0,0
58,subtract,8,9,9,1,0,0
58,subtract,9,1,1,1,8,8
58,subtract,9,2,2,1,7,7
58,subtract,9,3,3,1,6,6
58,subtract,9,4,4,1,5,5
58,subtract,9,5,5,1,4,4
58,subtract,9,6,6,1,3,3
58,subtract,9,7,7,1,2,2
58,subtract,9,8,8,1,1,1
58,subtract,9,9,9,1,0,0
58,multiply,1,1,1,1,1,1
58,multiply,1,2,2,1,2,2
58,multiply,1,3,3,1,3,3
58,multiply,1,4,4,1,4,4
58,multiply,1,5,5,1,5,5
58,multiply,1,6,6,1,6,6
58,multiply,1,7,7,1,7,7
58,multiply,1,8,8,1,8,8
58,multiply,1,9,9,1,9,9
58,multiply,2,1,2,1,2,2
58,multiply,2,2,4,1,4,4
58,multiply,2,3,6,1,6,6
58,multiply,2,4,8,1,8,8
58,multiply,2,5,10,1,10,10
58,multiply,2,6,12,1,12,12
58,multiply,2,7,14,1,14,14
58,multiply,2,8,16,1,16,16
58,multiply,2,9,18,1,18,18
58,multiply,3,1,3,1,3,3
58,multiply,3,2,6,1,6,6
58,multiply,3,3,9,1,9,9
58,multiply,3,4,12,1,12,12
58,multiply,3,5,15,1,15,15
58,multiply,3,6,18,1,18,18
58,multiply,3,7,21,1,21,21
58,multiply,3,8,24,1,24,24
58,multiply,3,9,27,1,27,27
58,multiply,4,1,4,1,4,4
58,multiply,4,2,8,1,8,8
58,multiply,4,3,12,1,12,12
58,multiply,4,4,16,1,16,16
58,multiply,4,5,20,1,20,20
58,multiply,4,6,24,1,24,24
58,multiply,4,7,28,1,28,28
58,multiply,4,8,32,1,32,32
58,multiply,4,9,36,1,36,36
58,multiply,5,1,5,1,5,5
58,multiply,5,2,10,1,10,10
58,multiply,5,3,15,1,15,15
58,multiply,5,4,20,1,20,20
58,multiply,5,5,25,1,25,25
58,multiply,5,6,30,1,30,30
58,multiply,5,7,35,1,35,35
58,multiply,5,8,40,1,40,40
58,multiply,5,9,45,1,45,45
58,multiply,6,1,6,1,6,6
58,multiply,6,2,12,1,12,12
58,multiply,6,3,18,1,18,18
58,multiply,6,4,24,1,24,24
58,multiply,6,5,30,1,30,30
58,multiply,6,6,36,1,36,36
58,multiply,6,7,42,1,42,42
58,multiply,6,8,48,1,48,48
58,multiply,6,9,54,1,54,54
58,multiply,7,1,7,1,7,7
58,multiply,7,2,14,1,14,14
58,multiply,7,3,21,1,21,21
58,multiply,7,4,28,1,28,28
58,multiply,7,5,35,1,35,35
58,multiply,7,6,42,1,42,42
58,multiply,7,7,49,1,49,49
58,multiply,7,8,56,1,56,56
58,multiply,7,9,63,1,63,63
58,multiply,8,1,8,1,8,8
58,multiply,8,2,16,1,16,16
58,multiply,8,3,24,1,24,24
58,multiply,8,4,32,1,32,32
58,multiply,8,5,40,1,40,40
58,multiply,8,6,48,1,48,48
58,multiply,8,7,56,1,56,56
58,multiply,8,8,64,1,64,64
58,multiply,8,9,72,1,72,72
58,multiply,9,1,9,1,9,9
58,multiply,9,2,18,1,18,18
58,multiply,9,3,27,1,27,27
58,multiply,9,4,36,1,36,36
58,multiply,9,5,45,1,45,45
58,multiply,9,6,54,1,54,54
58,multiply,9,7,63,1,63,63
58,multiply,9,8,72,1,72,72
58,multiply,9,9,81,1,81,81
58,divide,1,1,1,1,1,1
58,divide,1,2,0,1,0,0
58,divide,1,3,0,1,0,0
58,divide,1,4,0,1,0,0
58,divide,1,5,0,1,0,0
58,divide,1,6,0,1,0,0
58,divide,1,7,0,1,0,0
58,divide,1,8,0,1,0,0
58,divide,1,9,0,1,0,0
58,divide,2,1,2,1,2,2
58,divide,2,2,2,1,1,1
58,divide,2,3,0,1,0,0
58,divide,2,4,0,1,0,0
58,divide,2,5,0,1,0,0
58,divide,2,6,0,1,0,0
58,divide,2,7,0,1,0,0
58,divide,2,8,0,1,0,0
58,divide,2,9,0,1,0,0
58,divide,3,1,3,1,3,3
58,divide,3,2,2,1,1,1
58,divide,3,3,3,1,1,1
58,divide,3,4,0,1,0,0
58,divide,3,5,0,1,0,0
58,divide,3,6,0,1,0,0
58,divide,3,7,0,1,0,0
58,divide,3,8,0,1,0,0
58,divide,3,9,0,1,0,0
58,divide,4,1,4,1,4,4
58,divide,4,2,4,1,2,2
58,divide,4,3,3,1,1,1
58,divide,4,4,4,1,1,1
58,divide,4,5,0,1,0,0
58,divide,4,6,0,1,0,0
58,divide,4,7,0,1,0,0
58,divide,4,8,0,1,0,0
58,divide,4,9,0,1,0,0
58,divide,5,1,5,1,5,5
58,divide,5,2,4,1,2,2
58,divide,5,3,3,1,1,1
58,divide,5,4,4,1,1,1
58,divide,5,5,5,1,1,1
58,divide,5,6,0,1,0,0
58,divide,5,7,0,1,0,0
58,divide,5,8,0,1,0,0
58,divide,5,9,0,1,0,0
58,divide,6,1,6,1,6,6
58,divide,6,2,6,1,3,3
58,divide,6,3,6,1,2,2
58,divide,6,4,4,1,1,1
58,divide,6,5,5,1,1,1
58,divide,6,6,6,1,1,1
58,divide,6,7,0,1,0,0
58,divide,6,8,0,1,0,0
58,divide,6,9,0,1,0,0
58,divide,7,1,7,1,7,7
58,divide,7,2,6,1,3,3
58,divide,7,3,6,1,2,2
58,divide,7,4,4,1,1,1
58,divide,7,5,5,1,1,1
58,divide,7,6,6,1,1,1
58,divide,7,7,7,1,1,1
58,divide,7,8,0,1,0,0
58,divide,7,9,0,1,0,0
58,divide,8,1,8,1,8,8
58,divide,8,2,8,1,4,4
58,divide,8,3,6,1,2,2
58,divide,8,4,8,1,2,2
58,divide,8,5,5,1,1,1
58,divide,8,6,6,1,1,1
58,divide,8,7,7,1,1,1
58,divide,8,8,8,1,1,1
58,divide,8,9,0,1,0,0
58,divide,9,1,9,1,9,9
58,divide,9,2,8,1,4,4
58,divide,9,3,9,1,3,3
58,divide,9,4,8,1,2,2
58,divide,9,5,5,1,1,1
58,divide,9,6,6,1,1,1
58,divide,9,7,7,1,1,1
58,divide,9,8,8,1,1,1
58,divide,9,9,9,1,1,1
65,add,1,1,1,1,2,2
65,add,1,2,2,1,3,3
65,add,1,3,3,1,4,4
65,add,1,4,4,1,5,5
65,add,1,5,5,1,6,6
65,add,1,6,6,1,7,7
65,add,1,7,7,1,8,8
65,add,1,8,8,1,9,9
65,add,1,9,9,1,10,10
65,add,2,1,1,1,3,3
65,add,2,2,2,1,4,4
65,add,2,3,3,1,5,5
65,add,2,4,4,1,6,6
65,add,2,5,5,1,7,7
65,add,2,6,6,1,8,8
65,add,2,7,7,1,9,9
65,add,2,8,8,1,10,10
65,add,2,9,9,1,11,11
65,add,3,1,1,1,4,4
65,add,3,2,2,1,5,5
65,add,3,3,3,1,6,6
65,add,3,4,4,1,7,7
65,add,3,5,5,1,8,8
65,add,3,6,6,1,9,9
65,add,3,7,7,1,10,10
65,add,3,8,8,1,11,11
65,add,3,9,9,1,12,12
65,add,4,1,1,1,5,5
65,add,4,2,2,1,6,6
65,add,4,3,3,1,7,7
65,add,4,4,4,1,8,8
65,add,4,5,5,1,9,9
65,add,4,6,6,1,10,10
65,add,4,7,7,1,11,11
65,add,4,8,8,1,12,12
65,add,4,9,9,1,13,13
65,add,5,1,1,1,6,6
65,add,5,2,2,1,7,7
65,add,5,3,3,1,8,8
65,add,5,4,4,1,9,9
65,add,5,5,5,1,10,10
65,add,5,6,6,1,11,11
65,add,5,7,7,1,12,12
65,add,5,8,8,1,13,13
65,add,5,9,9,1,14,14
65,add,6,1,1,1,7,7
65,add,6,2,2,1,8,8
65,add,6,3,3,1,9,9
65,add,6,4,4,1,10,10
65,add,6,5,5,1,11,11
65,add,6,6,6,1,12,12
65,add,6,7,7,1,13,13
65,add,6,8,8,1,14,14
65,add,6,9,9,1,15,15
65,add,7,1,1,1,8,8
65,add,7,2,2,1,9,9
65,add,7,3,3,1,10,10
65,add,7,4,4,1,11,11
65,add,7,5,5,1,12,12
65,add,7,6,6,1,13,13
65,add,7,7,7,1,14,14
65,add,7,8,8,1,15,15
65,add,7,9,9,1,16,16
65,add,8,1,1,1,9,9
65,add,8,2,2,1,10,10
65,add,8,3,3,1,11,11
65,add,8,4,4,1,12,12
65,add,8,5,5,1,13,13
65,add,8,6,6,1,14,14
65,add,8,7,7,1,15,15
65,add,8,8,8,1,16,16
65,add,8,9,9,1,17,17
65,add,9,1,1,1,10,10
65,add,9,2,2,1,11,11
65,add,9,3,3,1,12,12
65,add,9,4,4,1,13,13
65,add,9,5,5,1,14,14
65,add,9,6,6,1,15,15
65,add,9,7,7,1,16,16
65,add,9,8,8,1,17,17
65,add,9,9,9,1,18,18
65,subtract,1,1,1,1,0,0
65,subtract,1,2,2,1,0,0
65,subtract,1,3,3,1,0,0
65,subtract,1,4,4,1,0,0
65,subtract,1,5,5,1,0,0
65,subtract,1,6,6,1,0,0
65,subtract,1,7,7,1,0,0
65,subtract,1,8,8,1,0,0
65,subtract,1,9,9,1,0,0
65,subtract,2,1,1,1,1,1
65,subtract,2,2,2,1,0,0
65,subtract,2,3,3,1,0,0
65,subtract,2,4,4,1,0,0
65,subtract,2,5,5,1,0,0
65,subtract,2,6,6,1,0,0
65,subtract,2,7,7,1,0,0
65,subtract,2,8,8,1,0,0
65,subtract,2,9,9,1,0,0
65,subtract,3,1,1,1,2,2
65,subtract,3,2,2,1,1,1
65,subtract,3,3,3,1,0,0
65,subtract,3,4,4,1,0,0
65,subtract,3,5,5,1,0,0
65,subtract,3,6,6,1,0,0
65,subtract,3,7,7,1,0,0
65,subtract,3,8,8,1,0,0
65,subtract,3,9,9,1,0,0
65,subtract,4,1,1,1,3,3
65,subtract,4,2,2,1,2,2
65,subtract,4,3,3,1,1,1
65,subtract,4,4,4,1,0,0
65,subtract,4,5,5,1,0,0
65,subtract,4,6,6,1,0,0
65,subtract,4,7,7,1,0,0
65,subtract,4,8,8,1,0,0
65,subtract,4,9,9,1,0,0
65,subtract,5,1,1,1,4,4
65,subtract,5,2,2,1,3,3
65,subtract,5,3,3,1,2,2
65,subtract,5,4,4,1,1,1
65,subtract,5,5,5,1,0,0
65,subtract,5,6,6,1,0,0
65,subtract,5,7,7,1,0,0
65,subtract,5,8,8,1,0,0
65,subtract,5,9,9,1,0,0
65,subtract,6,1,1,1,5,5
65,subtract,6,2,2,1,4,4
65,subtract,6,3,3,1,3,3
65,subtract,6,4,4,1,2,2
65,subtract,6,5,5,1,1,1
65,subtract,6,6,6,1,0,0
65,subtract,6,7,7,1,0,0
65,subtract,6,8,8,1,0,0
65,subtract,6,9,9,1,0,0
65,subtract,7,1,1,1,6,6
65,subtract,7,2,2,1,5,5
65,subtract,7,3,3,1,4,4
65,subtract,7,4,4,1,3,3
65,subtract,7,5,5,1,2,2
65,subtract,7,6,6,1,1,1
65,subtract,7,7,7,1,0,0
65,subtract,7,8,8,1,0,0
65,subtract,7,9,9,1,0,0
65,subtract,8,1,1,1,7,7
65,subtract,8,2,2,1,6,6
65,subtract,8,3,3,1,5,5
65,subtract,8,4,4,1,4,4
65,subtract,8,5,5,1,3,3
65,subtract,8,6,6,1,2,2
65,subtract,8,7,7,1,1,1
65,subtract,8,8,8,1,0,0
65,subtract,8,9,9,1,0,0
65,subtract,9,1,1,1,8,8
65,subtract,9,2,2,1,7,7
65,subtract,9,3,3,1,6,6
65,subtract,9,4,4,1,5,5
65,subtract,9,5,5,1,4,4
65,subtract,9,6,6,1,3,3
65,subtract,9,7,7,1,2,2
65,subtract,9,8,8,1,1,1
65,subtract,9,9,9,1,0,0
65,multiply,1,1,1,1,1,1
65,multiply,1,2,2,1,2,2
65,multiply,1,3,3,1,3,3
65,multiply,1,4,4,1,4,4
65,multiply,1,5,5,1,5,5
65,multiply,1,6,6,1,6,6
65,multiply,1,7,7,1,7,7
65,multiply,1,8,8,1,8,8
65,multiply,1,9,9,1,9,9
65,multiply,2,1,2,1,2,2
65,multiply,2,2,4,1,4,4
65,multiply,2,3,6,1,6,6
65,multiply,2,4,8,1,8,8
65,multiply,2,5,10,1,10,10
65,multiply,2,6,12,1,12,12
65,multiply,2,7,14,1,14,14
65,multiply,2,8,16,1,16,16
65,multiply,2,9,18,1,18,18
65,multiply,3,1,3,1,3,3
65,multiply,3,2,6,1,6,6
65,multiply,3,3,9,1,9,9
65,multiply,3,4,12,1,12,12
65,multiply,3,5,15,1,15,15
65,multiply,3,6,18,1,18,18
65,multiply,3,7,21,1,21,21
65,multiply,3,8,24,1,24,24
65,multiply,3,9,27,1,27,27
65,multiply,4,1,4,1,4,4
65,multiply,4,2,8,1,8,8
65,multiply,4,3,12,1,12,12
65,multiply,4,4,16,1,16,16
65,multiply,4,5,20,1,20,20
65,multiply,4,6,24,1,24,24
65,multiply,4,7,28,1,28,28
65,multiply,4,8,32,1,32,32
65,multiply,4,9,36,1,36,36
65,multiply,5,1,5,1,5,5
65,multiply,5,2,10,1,10,10
65,multiply,5,3,15,1,15,15
65,multiply,5,4,20,1,20,20
65,multiply,5,5,25,1,25,25
65,multiply,5,6,30,1,30,30
65,multiply,5,7,35,1,35,35
65,multiply,5,8,40,1,40,40
65,multiply,5,9,45,1,45,45
65,multiply,6,1,6,1,6,6
65,multiply,6,2,12,1,12,12
65,multiply,6,3,18,1,18,18
65,multiply,6,4,24,1,24,24
65,multiply,6,5,30,1,30,30
65,multiply,6,6,36,1,36,36
65,multiply,6,7,42,1,42,42
65,multiply,6,8,48,1,48,48
65,multiply,6,9,54,1,54,54
65,multiply,7,1,7,1,7,7
65,multiply,7,2,14,1,14,14
65,multiply,7,3,21,1,21,21
65,multiply,7,4,28,1,28,28
65,multiply,7,5,35,1,35,35
65,multiply,7,6,42,1,42,42
65,multiply,7,7,49,1,49,49
65,multiply,7,8,56,1,56,56
65,multiply,7,9,63,1,63,63
65,multiply,8,1,8,1,8,8
65,multiply,8,2,16,1,16,16
65,multiply,8,3,24,1,24,24
65,multiply,8,4,32,1,32,32
65,multiply,8,5,40,1,40,40
65,multiply,8,6,48,1,48,48
65,multiply,8,7,56,1,56,56
65,multiply,8,8,64,1,64,64
65,multiply,8,9,72,1,72,72
65,multiply,9,1,9,1,9,9
65,multiply,9,2,18,1,18,18
65,multiply,9,3,27,1,27,27
65,multiply,9,4,36,1,36,36
65,multiply,9,5,45,1,45,45
65,multiply,9,6,54,1,54,54
65,multiply,9,7,63,1,63,63
65,multiply,9,8,72,1,72,72
65,multiply,9,9,81,1,81,81
65,divide,1,1,1,1,1,1
65,divide,1,2,0,1,0,0
65,divide,1,3,0,1,0,0
65,divide,1,4,0,1,0,0
65,divide,1,5,0,1,0,0
65,divide,1,6,0,1,0,0
65,divide,1,7,0,1,0,0
65,divide,1,8,0,1,0,0
65,divide,1,9,0,1,0,0
65,divide,2,1,2,1,2,2
65,divide,2,2,2,1,1,1
65,divide,2,3,0,1,0,0
65,divide,2,4,0,1,0,0
65,divide,2,5,0,1,0,0
65,divide,2,6,0,1,0,0
65,divide,2,7,0,1,0,0
65,divide,2,8,0,1,0,0
65,divide,2,9,0,1,0,0
65,divide,3,1,3,1,3,3
65,divide,3,2,2,1,1,1
65,divide,3,3,3,1,1,1
65,divide,3,4,0,1,0,0
65,divide,3,5,0,1,0,0
65,divide,3,6,0,1,0,0
65,divide,3,7,0,1,0,0
65,divide,3,8,0,1,0,0
65,divide,3,9,0,1,0,0
65,divide,4,1,4,1,4,4
65,divide,4,2,4,1,2,2
65,divide,4,3,3,1,1,1
65,divide,4,4,4,1,1,1
65,divide,4,5,0,1,0,0
65,divide,4,6,0,1,0,0
65,divide,4,7,0,1,0,0
65,divide,4,8,0,1,0,0
65,divide,4,9,0,1,0,0
65,divide,5,1,5,1,5,5
65,divide,5,2,4,1,2,2
65,divide,5,3,3,1,1,1
65,divide,5,4,4,1,1,1
65,divide,5,5,5,1,1,1
65,divide,5,6,0,1,0,0
65,divide,5,7,0,1,0,0
65,divide,5,8,0,1,0,0
65,divide,5,9,0,1,0,0
65,divide,6,1,6,1,6,6
65,divide,6,2,6,1,3,3
65,divide,6,3,6,1,2,2
65,divide,6,4,4,1,1,1
65,divide,6,5,5,1,1,1
65,divide,6,6,6,1,1,1
65,divide,6,7,0,1,0,0
65,divide,6,8,0,1,0,0
65,divide,6,9,0,1,0,0
65,divide,7,1,7,1,7,7
65,divide,7,2,6,1,3,3
65,divide,7,3,6,1,2,2
65,divide,7,4,4,1,1,1
65,divide,7,5,5,1,1,1
65,divide,7,6,6,1,1,1
65,divide,7,7,7,1,1,1
65,divide,7,8,0,1,0,0
65,divide,7,9,0,1,0,0
65,divide,8,1,8,1,8,8
65,divide,8,2,8,1,4,4
65,divide,8,3,6,1,2,2
65,divide,8,4,8,1,2,2
65,divide,8,5,5,1,1,1
65,divide,8,6,6,1,1,1
65,divide,8,7,7,1,1,1
65,divide,8,8,8,1,1,1
65,divide,8,9,0,1,0,0
65,divide,9,1,9,1,9,9
65,divide,9,2,8,1,4,4
65,divide,9,3,9,1,3,3
65,divide,9,4,8,1,2,2
65,divide,9,5,5,1,1,1
65,divide,9,6,6,1,1,1
65,divide,9,7,7,1,1,1
65,divide,9,8,8,1,1,1
65,divide,9,9,9,1,1,1
71,add,1,1,1,1,2,2
71,add,1,2,2,1,3,3
71,add,1,3,3,1,4,4
71,add,1,4,4,1,5,5
71,add,1,5,5,1,6,6
71,add,1,6,6,1,7,7
71,add,1,7,7,1,8,8
71,add,1,8,8,1,9,9
71,add,1,9,9,1,10,10
71,add,2,1,1,1,3,3
71,add,2,2,2,1,4,4
71,add,2,3,3,1,5,5
71,add,2,4,4,1,6,6
71,add,2,5,5,1,7,7
71,add,2,6,6,1,8,8
71,add,2,7,7,1,9,9
71,add,2,8,8,1,10,10
71,add,2,9,9,1,11,11
71,add,3,1,1,1,4,4
71,add,3,2,2,1,5,5
71,add,3,3,3,1,6,6
71,add,3,4,4,1,7,7
71,add,3,5,5,1,8,8
71,add,3,6,6,1,9,9
71,add,3,7,7,1,10,10
71,add,3,8,8,1,11,11
71,add,3,9,9,1,12,12
71,add,4,1,1,1,5,5
71,add,4,2,2,1,6,6
71,add,4,3,3,1,7,7
71,add,4,4,4,1,8,8
71,add,4,5,5,1,9,9
71,add,4,6,6,1,10,10
71,add,4,7,7,1,11,11
71,add,4,8,8,1,12,12
71,add,4,9,9,1,13,13
71,add,5,1,1,1,6,6
71,add,5,2,2,1,7,7
71,add,5,3,3,1,8,8
71,add,5,4,4,1,9,9
71,add,5,5,5,1,10,10
71,add,5,6,6,1,11,11
71,add,5,7,7,1,12,12
71,add,5,8,8,1,13,13
71,add,5,9,9,1,14,14
71,add,6,1,1,1,7,7
71,add,6,2,2,1,8,8
71,add,6,3,3,1,9,9
71,add,6,4,4,1,10,10
71,add,6,5,5,1,11,11
71,add,6,6,6,1,12,12
71,add,6,7,7,1,13,13
71,add,6,8,8,1,14,14
71,add,6,9,9,1,15,15
71,add,7,1,1,1,8,8
71,add,7,2,2,1,9,9
71,add,7,3,3,1,10,10
71,add,7,4,4,1,11,11
71,add,7,5,5,1,12,12
71,add,7,6,6,1,13,13
71,add,7,7,7,1,14,14
71,add,7,8,8,1,15,15
71,add,7,9,9,1,16,16
71,add,8,1,1,1,9,9
71,add,8,2,2,1,10,10
71,add,8,3,3,1,11,11
71,add,8,4,4,1,12,12
71,add,8,5,5,1,13,13
71,add,8,6,6,1,14,14
71,add,8,7,7,1,15,15
71,add,8,8,8,1,16,16
71,add,8,9,9,1,17,17
71,add,9,1,1,1,10,10
71,add,9,2,2,1,11,11
71,add,9,3,3,1,12,12
71,add,9,4,4,1,13,13
71,add,9,5,5,1,14,14
71,add,9,6,6,1,15,15
71,add,9,7,7,1,16,16
71,add,9,8,8,1,17,17
71,add,9,9,9,1,18,18
71,subtract,1,1,1,1,0,0
71,subtract,1,2,2,1,0,0
71,subtract,1,3,3,1,0,0
71,subtract,1,4,4,1,0,0
71,subtract,1,5,5,1,0,0
71,subtract,1,6,6,1,0,0
71,subtract,1,7,7,1,0,0
71,subtract,1,8,8,1,0,0
71,subtract,1,9,9,1,0,0
71,subtract,2,1,1,1,1,1
71,subtract,2,2,2,1,0,0
71,subtract,2,3,3,1,0,0
71,subtract,2,4,4,1,0,0
71,subtract,2,5,5,1,0,0
71,subtract,2,6,6,1,0,0
71,subtract,2,7,7,1,0,0
71,subtract,2,8,8,1,0,0
71,subtract,2,9,9,1,0,0
71,subtract,3,1,1,1,2,2
71,subtract,3,2,2,1,1,1
71,subtract,3,3,3,1,0,0
71,subtract,3,4,4,1,0,0
71,subtract,3,5,5,1,0,0
71,subtract,3,6,6,1,0,0
71,subtract,3,7,7,1,0,0
71,subtract,3,8,8,1,0,0
71,subtract,3,9,9,1,0,0
71,subtract,4,1,1,1,3,3
71,subtract,4,2,2,1,2,2
71,subtract,4,3,3,1,1,1
71,subtract,4,4,4,1,0,0
71,subtract,4,5,5,1,0,0
71,subtract,4,6,6,1,0,0
71,subtract,4,7,7,1,0,0
71,subtract,4,8,8,1,0,0
71,subtract,4,9,9,1,0,0
71,subtract,5,1,1,1,4,4
71,subtract,5,2,2,1,3,3
71,subtract,5,3,3,1,2,2
71,subtract,5,4,4,1,1,1
71,subtract,5,5,5,1,0,0
71,subtract,5,6,6,1,0,0
71,subtract,5,7,7,1,0,0
71,subtract,5,8,8,1,0,0
71,subtract,5,9,9,1,0,0
71,subtract,6,1,1,1,5,5
71,subtract,6,2,2,1,4,4
71,subtract,6,3,3,1,3,3
71,subtract,6,4,4,1,2,2
71,subtract,6,5,5,1,1,1
71,subtract,6,6,6,1,0,0
71,subtract,6,7,7,1,0,0
71,subtract,6,8,8,1,0,0
71,subtract,6,9,9,1,0,0
71,subtract,7,1,1,1,6,6
71,subtract,7,2,2,1,5,5
71,subtract,7,3,3,1,4,4
71,subtract,7,4,4,1,3,3
71,subtract,7,5,5,1,2,2
71,subtract,7,6,6,1,1,1
71,subtract,7,7,7,1,0,0
71,subtract,7,8,8,1,0,0
71,subtract,7,9,9,1,0,0
71,subtract,8,1,1,1,7,7
71,subtract,8,2,2,1,6,6
71,subtract,8,3,3,1,5,5
71,subtract,8,4,4,1,4,4
71,subtract,8,5,5,1,3,3
71,subtract,8,6,6,1,2,2
71,subtract,8,7,7,1,1,1
71,subtract,8,8,8,1,0,0
71,subtract,8,9,9,1,0,0
71,subtract,9,1,1,1,8,8
71,subtract,9,2,2,1,7,7
71,subtract,9,3,3,1,6,6
71,subtract,9,4,4,1,5,5
71,subtract,9,5,5,1,4,4
71,subtract,9,6,6,1,3,3
71,subtract,9,7,7,1,2,2
71,subtract,9,8,8,1,1,1
71,subtract,9,9,9,1,0,0
71,multiply,1,1,1,1,1,1
71,multiply,1,2,2,1,2,2
71,multiply,1,3,3,1,3,3
71,multiply,1,4,4,1,4,4
71,multiply,1,5,5,1,5,5
71,multiply,1,6,6,1,6,6
71,multiply,1,7,7,1,7,7
71,multiply,1,8,8,1,8,8
71,multiply,1,9,9,1,9,9
71,multiply,2,1,2,1,2,2
71,multiply,2,2,4,1,4,4
71,multiply,2,3,6,1,6,6
71,multiply,2,4,8,1,8,8
71,multiply,2,5,10,1,10,10
71,multiply,2,6,12,1,12,12
71,multiply,2,7,14,1,14,14
71,multiply,2,8,16,1,16,16
71,multiply,2,9,18,1,18,18
71,multiply,3,1,3,1,3,3
71,multiply,3,2,6,1,6,6
71,multiply,3,3,9,1,9,9
71,multiply,3,4,12,1,12,12
71,multiply,3,5,15,1,15,15
71,multiply,3,6,18,1,18,18
71,multiply,3,7,21,1,21,21
71,multiply,3,8,24,1,24,24
71,multiply,3,9,27,1,27,27
71,multiply,4,1,4,1,4,4
71,multiply,4,2,8,1,8,8
71,multiply,4,3,12,1,12,12
71,multiply,4,4,16,1,16,16
71,multiply,4,5,20,1,20,20
71,multiply,4,6,24,1,24,24
71,multiply,4,7,28,1,28,28
71,multiply,4,8,32,1,32,32
71,multiply,4,9,36,1,36,36
71,multiply,5,1,5,1,5,5
71,multiply,5,2,10,1,10,10
71,multiply,5,3,15,1,15,15
71,multiply,5,4,20,1,20,20
71,multiply,5,5,25,1,25,25
71,multiply,5,6,30,1,30,30
71,multiply,5,7,35,1,35,35
71,multiply,5,8,40,1,40,40
71,multiply,5,9,45,1,45,45
71,multiply,6,1,6,1,6,6
71,multiply,6,2,12,1,12,12
71,multiply,6,3,18,1,18,18
71,multiply,6,4,24,1,24,24
71,multiply,6,5,30,1,30,30
71,multiply,6,6,36,1,36,36
71,multiply,6,7,42,1,42,42
71,multiply,6,8,48,1,48,48
71,multiply,6,9,54,1,54,54
71,multiply,7,1,7,1,7,7
71,multiply,7,2,14,1,14,14
71,multiply,7,3,21,1,21,21
71,multiply,7,4,28,1,28,28
71,multiply,7,5,35,1,35,35
71,multiply,7,6,42,1,42,42
71,multiply,7,7,49,1,49,49
71,multiply,7,8,56,1,56,56
71,multiply,7,9,63,1,63,63
71,multiply,8,1,8,1,8,8
71,multiply,8,2,16,1,16,16
71,multiply,8,3,24,1,24,24
71,multiply,8,4,32,1,32,32
71,multiply,8,5,40,1,40,40
71,multiply,8,6,48,1,48,48
71,multiply,8,7,56,1,56,56
71,multiply,8,8,64,1,64,64
71,multiply,8,9,72,1,72,72
71,multiply,9,1,9,1,9,9
71,multiply,9,2,18,1,18,18
71,multiply,9,3,27,1,27,27
71,multiply,9,4,36,1,36,36
71,multiply,9,5,45,1,45,45
71,multiply,9,6,54,1,54,54
71,multiply,9,7,63,1,63,63
71,multiply,9,8,72,1,72,72
71,multiply,9,9,81,1,81,81
71,divide,1,1,1,1,1,1
71,divide,1,2,0,1,0,0
71,divide,1,3,0,1,0,0
71,divide,1,4,0,1,0,0
71,divide,1,5,0,1,0,0
71,divide,1,6,0,1,0,0
71,divide,1,7,0,1,0,0
71,divide,1,8,0,1,0,0
71,divide,1,9,0,1,0,0
71,divide,2,1,2,1,2,2
71,divide,2,2,2,1,1,1
71,divide,2,3,0,1,0,0
71,divide,2,4,0,1,0,0
71,divide,2,5,0,1,0,0
71,divide,2,6,0,1,0,0
71,divide,2,7,0,1,0,0
71,divide,2,8,0,1,0,0
71,divide,2,9,0,1,0,0
71,divide,3,1,3,1,3,3
71,divide,3,2,2,1,1,1
71,divide,3,3,3,1,1,1
71,divide,3,4,0,1,0,0
71,divide,3,5,0,1,0,0
71,divide,3,6,0,1,0,0
71,divide,3,7,0,1,0,0
71,divide,3,8,0,1,0,0
71,divide,3,9,0,1,0,0
71,divide,4,1,4,1,4,4
71,divide,4,2,4,1,2,2
71,divide,4,3,3,1,1,1
71,divide,4,4,4,1,1,1
71,divide,4,5,0,1,0,0
71,divide,4,6,0,1,0,0
71,divide,4,7,0,1,0,0
71,divide,4,8,0,1,0,0
71,divide,4,9,0,1,0,0
71,divide,5,1,5,1,5,5
71,divide,5,2,4,1,2,2
71,divide,5,3,3,1,1,1
71,divide,5,4,4,1,1,1
71,divide,5,5,5,1,1,1
71,divide,5,6,0,1,0,0
71,divide,5,7,0,1,0,0
71,divide,5,8,0,1,0,0
71,divide,5,9,0,1,0,0
71,divide,6,1,6,1,6,6
71,divide,6,2,6,1,3,3
71,divide,6,3,6,1,2,2
71,divide,6,4,4,1,1,1
71,divide,6,5,5,1,1,1
71,divide,6,6,6,1,1,1
71,divide,6,7,0,1,0,0
71,divide,6,8,0,1,0,0
71,divide,6,9,0,1,0,0
71,divide,7,1,7,1,7,7
71,divide,7,2,6,1,3,3
71,divide,7,3,6,1,2,2
71,divide,7,4,4,1,1,1
71,divide,7,5,5,1,1,1
71,divide,7,6,6,1,1,1
71,divide,7,7,7,1,1,1
71,divide,7,8,0,1,0,0
71,divide,7,9,0,1,0,0
71,divide,8,1,8,1,8,8
71,divide,8,2,8,1,4,4
71,divide,8,3,6,1,2,2
71,divide,8,4,8,1,2,2
71,divide,8,5,5,1,1,1
71,divide,8,6,6,1,1,1
71,divide,8,7,7,1,1,1
71,divide,8,8,8,1,1,1
71,divide,8,9,0,1,0,0
71,divide,9,1,9,1,9,9
71,divide,9,2,8,1,4,4
71,divide,9,3,9,1,3,3
71,divide,9,4,8,1,2,2
71,divide,9,5,5,1,1,1
71,divide,9,6,6,1,1,1
71,divide,9,7,7,1,1,1
71,divide,9,8,8,1,1,1
71,divide,9,9,9,1,1,1
77,add,1,1,1,1,2,2
77,add,1,2,2,1,3,3
77,add,1,3,3,1,4,4
77,add,1,4,4,1,5,5
77,add,1,5,5,1,6,6
77,add,1,6,6,1,7,7
77,add,1,7,7,1,8,8
77,add,1,8,8,1,9,9
77,add,1,9,9,1,10,10
77,add,2,1,1,1,3,3
77,add,2,2,2,1,4,4
77,add,2,3,3,1,5,5
77,add,2,4,4,1,6,6
77,add,2,5,5,1,7,7
77,add,2,6,6,1,8,8
77,add,2,7,7,1,9,9
77,add,2,8,8,1,10,10
77,add,2,9,9,1,11,11
77,add,3,1,1,1,4,4
77,add,3,2,2,1,5,5
77,add,3,3,3,1,6,6
77,add,3,4,4,1,7,7
77,add,3,5,5,1,8,8
77,add,3,6,6,1,9,9
77,add,3,7,7,1,10,10
77,add,3,8,8,1,11,11
77,add,3,9,9,1,12,12
77,add,4,1,1,1,5,5
77,add,4,2,2,1,6,6
77,add,4,3,3,1,7,7
77,add,4,4,4,1,8,8
77,add,4,5,5,1,9,9
77,add,4,6,6,1,10,10
77,add,4,7,7,1,11,11
77,add,4,8,8,1,12,12
77,add,4,9,9,1,13,13
77,add,5,1,1,1,6,6
77,add,5,2,2,1,7,7
77,add,5,3,3,1,8,8
77,add,5,4,4,1,9,9
77,add,5,5,5,1,10,10
77,add,5,6,6,1,11,11
77,add,5,7,7,1,12,12
77,add,5,8,8,1,13,13
77,add,5,9,9,1,14,14
77,add,6,1,1,1,7,7
77,add,6,2,2,1,8,8
77,add,6,3,3,1,9,9
77,add,6,4,4,1,10,10
77,add,6,5,5,1,11,11
77,add,6,6,6,1,12,12
77,add,6,7,7,1,13,13
77,add,6,8,8,1,14,14
77,add,6,9,9,1,15,15
77,add,7,1,1,1,8,8
77,add,7,2,2,1,9,9
77,add,7,3,3,1,10,10
77,add,7,4,4,1,11,11
77,add,7,5,5,1,12,12
77,add,7,6,6,1,13,13
77,add,7,7,7,1,14,14
77,add,7,8,8,1,15,15
77,add,7,9,9,1,16,16
77,add,8,1,1,1,9,9
77,add,8,2,2,1,10,10
77,add,8,3,3,1,11,11
77,add,8,4,4,1,12,12
77,add,8,5,5,1,13,13
77,add,8,6,6,1,14,14
77,add,8,7,7,1,15,15
77,add,8,8,8,1,16,16
77,add,8,9,9,1,17,17
77,add,9,1,1,1,10,10
77,add,9,2,2,1,11,11
77,add,9,3,3,1,12,12
77,add,9,4,4,1,13,13
77,add,9,5,5,1,14,14
77,add,9,6,6,1,15,15
77,add,9,7,7,1,16,16
77,add,9,8,8,1,17,17
77,add,9,9,9,1,18,18
77,subtract,1,1,1,1,0,0
77,subtract,1,2,2,1,0,0
77,subtract,1,3,3,1,0,0
77,subtract,1,4,4,1,0,0
77,subtract,1,5,5,1,0,0
77,subtract,1,6,6,1,0,0
77,subtract,1,7,7,1,0,0
77,subtract,1,8,8,1,0,0
77,subtract,1,9,9,1,0,0
77,subtract,2,1,1,1,1,1
77,subtract,2,2,2,1,0,0
77,subtract,2,3,3,1,0,0
77,subtract,2,4,4,1,0,0
77,subtract,2,5,5,1,0,0
77,subtract,2,6,6,1,0,0
77,subtract,2,7,7,1,0,0
77,subtract,2,8,8,1,0,0
77,subtract,2,9,9,1,0,0
77,subtract,3,1,1,1,2,2
77,subtract,3,2,2,1,1,1
77,subtract,3,3,3,1,0,0
77,subtract,3,4,4,1,0,0
77,subtract,3,5,5,1,0,0
77,subtract,3,6,6,1,0,0
77,subtract,3,7,7,1,0,0
77,subtract,3,8,8,1,0,0
77,subtract,3,9,9,1,0,0
77,subtract,4,1,1,1,3,3
77,subtract,4,2,2,1,2,2
77,subtract,4,3,3,1,1,1
77,subtract,4,4,4,1,0,0
77,subtract,4,5,5,1,0,0
77,subtract,4,6,6,1,0,0
77,subtract,4,7,7,1,0,0
77,subtract,4,8,8,1,0,0
77,subtract,4,9,9,1,0,0
77,subtract,5,1,1,1,4,4
77,subtract,5,2,2,1,3,3
77,subtract,5,3,3,1,2,2
77,subtract,5,4,4,1,1,1
77,subtract,5,5,5,1,0,0
77,subtract,5,6,6,1,0,0
77,subtract,5,7,7,1,0,0
77,subtract,5,8,8,1,0,0
77,subtract,5,9,9,1,0,0
77,subtract,6,1,1,1,5,5
77,subtract,6,2,2,1,4,4
77,subtract,6,3,3,1,3,3
77,subtract,6,4,4,1,2,2
77,subtract,6,5,5,1,1,1
77,subtract,6,6,6,1,0,0
77,subtract,6,7,7,1,0,0
77,subtract,6,8,8,1,0,0
77,subtract,6,9,9,1,0,0
77,subtract,7,1,1,1,6,6
77,subtract,7,2,2,1,5,5
77,subtract,7,3,3,1,4,4
77,subtract,7,4,4,1,3,3
77,subtract,7,5,5,1,2,2
77,subtract,7,6,6,1,1,1
77,subtract,7,7,7,1,0,0
77,subtract,7,8,8,1,0,0
77,subtract,7,9,9,1,0,0
77,subtract,8,1,1,1,7,7
77,subtract,8,2,2,1,6,6
77,subtract,8,3,3,1,5,5
77,subtract,8,4,4,1,4,4
77,subtract,8,5,5,1,3,3
77,subtract,8,6,6,1,2,2
77,subtract,8,7,7,1,1,1
77,subtract,8,8,8,1,0,0
77,subtract,8,9,9,1,0,0
77,subtract,9,1,1,1,8,8
77,subtract,9,2,2,1,7,7
77,subtract,9,3,3,1,6,6
77,subtract,9,4,4,1,5,5
77,subtract,9,5,5,1,4,4
77,subtract,9,6,6,1,3,3
77,subtract,9,7,7,1,2,2
77,subtract,9,8,8,1,1,1
77,subtract,9,9,9,1,0,0
77,multiply,1,1,1,1,1,1
77,multiply,1,2,2,1,2,2
77,multiply,1,3,3,1,3,3
77,multiply,1,4,4,1,4,4
77,multiply,1,5,5,1,5,5
77,multiply,1,6,6,1,6,6
77,multiply,1,7,7,1,7,7
77,multiply,1,8,8,1,8,8
77,multiply,1,9,9,1,9,9
77,multiply,2,1,2,1,2,2
77,multiply,2,2,4,1,4,4
77,multiply,2,3,6,1,6,6
77,multiply,2,4,8,1,8,8
77,multiply,2,5,10,1,10,10
77,multiply,2,6,12,1,12,12
77,multiply,2,7,14,1,14,14
77,multiply,2,8,16,1,16,16
77,multiply,2,9,18,1,18,18
77,multiply,3,1,3,1,3,3
77,multiply,3,2,6,1,6,6
77,multiply,3,3,9,1,9,9
77,multiply,3,4,12,1,12,12
77,multiply,3,5,15,1,15,15
77,multiply,3,6,18,1,18,18
77,multiply,3,7,21,1,21,21
77,multiply,3,8,24,1,24,24
77,multiply,3,9,27,1,27,27
77,multiply,4,1,4,1,4,4
77,multiply,4,2,8,1,8,8
77,multiply,4,3,12,1,12,12
77,multiply,4,4,16,1,16,16
77,multiply,4,5,20,1,20,20
77,multiply,4,6,24,1,24,24
77,multiply,4,7,28,1,28,28
77,multiply,4,8,32,1,32,32
77,multiply,4,9,36,1,36,36
77,multiply,5,1,5,1,5,5
77,multiply,5,2,10,1,10,10
77,multiply,5,3,15,1,15,15
77,multiply,5,4,20,1,20,20
77,multiply,5,5,25,1,25,25
77,multiply,5,6,30,1,30,30
77,multiply,5,7,35,1,35,35
77,multiply,5,8,40,1,40,40
77,multiply,5,9,45,1,45,45
77,multiply,6,1,6,1,6,6
77,multiply,6,2,12,1,12,12
77,multiply,6,3,18,1,18,18
77,multiply,6,4,24,1,24,24
77,multiply,6,5,30,1,30,30
77,multiply,6,6,36,1,36,36
77,multiply,6,7,42,1,42,42
77,multiply,6,8,48,1,48,48
77,multiply,6,9,54,1,54,54
77,multiply,7,1,7,1,7,7
77,multiply,7,2,14,1,14,14
77,multiply,7,3,21,1,21,21
77,multiply,7,4,28,1,28,28
77,multiply,7,5,35,1,35,35
77,multiply,7,6,42,1,42,42
77,multiply,7,7,49,1,49,49
77,multiply,7,8,56,1,56,56
77,multiply,7,9,63,1,63,63
77,multiply,8,1,8,1,8,8
77,multiply,8,2,16,1,16,16
77,multiply,8,3,24,1,24,24
77,multiply,8,4,32,1,32,32
77,multiply,8,5,40,1,40,40
77,multiply,8,6,48,1,48,48
77,multiply,8,7,56,1,56,56
77,multiply,8,8,64,1,64,64
77,multiply,8,9,72,1,72,72
77,multiply,9,1,9,1,9,9
77,multiply,9,2,18,1,18,18
77,multiply,9,3,27,1,27,27
77,multiply,9,4,36,1,36,36
77,multiply,9,5,45,1,45,45
77,multiply,9,6,54,1,54,54
77,multiply,9,7,63,1,63,63
77,multiply,9,8,72,1,72,72
77,multiply,9,9,81,1,81,81
77,divide,1,1,1,1,1,1
77,divide,1,2,0,1,0,0
77,divide,1,3,0,1,0,0
77,divide,1,4,0,1,0,0
77,divide,1,5,0,1,0,0
77,divide,1,6,0,1,0,0
77,divide,1,7,0,1,0,0
77,divide,1,8,0,1,0,0
77,divide,1,9,0,1,0,0
77,divide,2,1,2,1,2,2
77,divide,2,2,2,1,1,1
77,divide,2,3,0,1,0,0
77,divide,2,4,0,1,0,0
77,divide,2,5,0,1,0,0
77,divide,2,6,0,1,0,0
77,divide,2,7,0,1,0,0
77,divide,2,8,0,1,0,0
77,divide,2,9,0,1,0,0
77,divide,3,1,3,1,3,3
77,divide,3,2,2,1,1,1
77,divide,3,3,3,1,1,1
77,divide,3,4,0,1,0,0
77,divide,3,5,0,1,0,0
77,divide,3,6,0,1,0,0
77,divide,3,7,0,1,0,0
77,divide,3,8,0,1,0,0
77,divide,3,9,0,1,0,0
77,divide,4,1,4,1,4,4
77,divide,4,2,4,1,2,2
77,divide,4,3,3,1,1,1
77,divide,4,4,4,1,1,1
77,divide,4,5,0,1,0,0
77,divide,4,6,0,1,0,0
77,divide,4,7,0,1,0,0
77,divide,4,8,0,1,0,0
77,divide,4,9,0,1,0,0
77,divide,5,1,5,1,5,5
77,divide,5,2,4,1,2,2
77,divide,5,3,3,1,1,1
77,divide,5,4,4,1,1,1
77,divide,5,5,5,1,1,1
77,divide,5,6,0,1,0,0
77,divide,5,7,0,1,0,0
77,divide,5,8,0,1,0,0
77,divide,5,9,0,1,0,0
77,divide,6,1,6,1,6,6
77,divide,6,2,6,1,3,3
77,divide,6,3,6,1,2,2
77,divide,6,4,4,1,1,1
77,divide,6,5,5,1,1,1
77,divide,6,6,6,1,1,1
77,divide,6,7,0,1,0,0
77,divide,6,8,0,1,0,0
77,divide,6,9,0,1,0,0
77,divide,7,1,7,1,7,7
77,divide,7,2,6,1,3,3
77,divide,7,3,6,1,2,2
77,divide,7,4,4,1,1,1
77,divide,7,5,5,1,1,1
77,divide,7,6,6,1,1,1
77,divide,7,7,7,1,1,1
77,divide,7,8,0,1,0,0
77,divide,7,9,0,1,0,0
77,divide,8,1,8,1,8,8
77,divide,8,2,8,1,4,4
77,divide,8,3,6,1,2,2
77,divide,8,4,8,1,2,2
77,divide,8,5,5,1,1,1
77,divide,8,6,6,1,1,1
77,divide,8,7,7,1,1,1
77,divide,8,8,8,1,1,1
77,divide,8,9,0,1,0,0
77,divide,9,1,9,1,9,9
77,divide,9,2,8,1,4,4
77,divide,9,3,9,1,3,3
77,divide,9,4,8,1,2,2
77,divide,9,5,5,1,1,1
77,divide,9,6,6,1,1,1
77,divide,9,7,7,1,1,1
77,divide,9,8,8,1,1,1
77,divide,9,9,9,1,1,1
83,add,1,1,1,1,2,2
83,add,1,2,2,1,3,3
83,add,1,3,3,1,4,4
83,add,1,4,4,1,5,5
83,add,1,5,5,1,6,6
83,add,1,6,6,1,7,7
83,add,1,7,7,1,8,8
83,add,1,8,8,1,9,9
83,add,1,9,9,1,10,10
83,add,2,1,1,1,3,3
83,add,2,2,2,1,4,4
83,add,2,3,3,1,5,5
83,add,2,4,4,1,6,6
83,add,2,5,5,1,7,7
83,add,2,6,6,1,8,8
83,add,2,7,7,1,9,9
83,add,2,8,8,1,10,10
83,add,2,9,9,1,11,11
83,add,3,1,1,1,4,4
83,add,3,2,2,1,5,5
83,add,3,3,3,1,6,6
83,add,3,4,4,1,7,7
83,add,3,5,5,1,8,8
83,add,3,6,6,1,9,9
83,add,3,7,7,1,10,10
83,add,3,8,8,1,11,11
83,add,3,9,9,1,12,12
83,add,4,1,1,1,5,5
83,add,4,2,2,1,6,6
83,add,4,3,3,1,7,7
83,add,4,4,4,1,8,8
83,add,4,5,5,1,9,9
83,add,4,6,6,1,10,10
83,add,4,7,7,1,11,11
83,add,4,8,8,1,12,12
83,add,4,9,9,1,13,13
83,add,5,1,1,1,6,6
83,add,5,2,2,1,7,7
83,add,5,3,3,1,8,8
83,add,5,4,4,1,9,9
83,add,5,5,5,1,10,10
83,add,5,6,6,1,11,11
83,add,5,7,7,1,12,12
83,add,5,8,8,1,13,13
83,add,5,9,9,1,14,14
83,add,6,1,1,1,7,7
83,add,6,2,2,1,8,8
83,add,6,3,3,1,9,9
83,add,6,4,4,1,10,10
83,add,6,5,5,1,11,11
83,add,6,6,6,1,12,12
83,add,6,7,7,1,13,13
83,add,6,8,8,1,14,14
83,add,6,9,9,1,15,15
83,add,7,1,1,1,8,8
83,add,7,2,2,1,9,9
83,add,7,3,3,1,10,10
83,add,7,4,4,1,11,11
83,add,7,5,5,1,12,12
83,add,7,6,6,1,13,13
83,add,7,7,7,1,14,14
83,add,7,8,8,1,15,15
83,add,7,9,9,1,16,16
83,add,8,1,1,1,9,9
83,add,8,2,2,1,10,10
83,add,8,3,3,1,11,11
83,add,8,4,4,1,12,12
83,add,8,5,5,1,13,13
83,add,8,6,6,1,14,14
83,add,8,7,7,1,15,15
83,add,8,8,8,1,16,16
83,add,8,9,9,1,17,17
83,add,9,1,1,1,10,10
83,add,9,2,2,1,11,11
83,add,9,3,3,1,12,12
83,add,9,4,4,1,13,13
83,add,9,5,5,1,14,14
83,add,9,6,6,1,15,15
83,add,9,7,7,1,16,16
83,add,9,8,8,1,17,17
83,add,9,9,9,1,18,18
83,subtract,1,1,1,1,0,0
83,subtract,1,2,2,1,0,0
83,subtract,1,3,3,1,0,0
83,subtract,1,4,4,1,0,0
83,subtract,1,5,5,1,0,0
83,subtract,1,6,6,1,0,0
83,subtract,1,7,7,1,0,0
83,subtract,1,8,8,1,0,0
83,subtract,1,9,9,1,0,0
83,subtract,2,1,1,1,1,1
83,subtract,2,2,2,1,0,0
83,subtract,2,3,3,1,0,0
83,subtract,2,4,4,1,0,0
83,subtract,2,5,5,1,0,0
83,subtract,2,6,6,1,0,0
83,subtract,2,7,7,1,0,0
83,subtract,2,8,8,1,0,0
83,subtract,2,9,9,1,0,0
83,subtract,3,1,1,1,2,2
83,subtract,3,2,2,1,1,1
83,subtract,3,3,3,1,0,0
83,subtract,3,4,4,1,0,0
83,subtract,3,5,5,1,0,0
83,subtract,3,6,6,1,0,0
83,subtract,3,7,7,1,0,0
83,subtract,3,8,8,1,0,0
83,subtract,3,9,9,1,0,0
83,subtract,4,1,1,1,3,3
83,subtract,4,2,2,1,2,2
83,subtract,4,3,3,1,1,1
83,subtract,4,4,4,1,0,0
83,subtract,4,5,5,1,0,0
83,subtract,4,6,6,1,0,0
83,subtract,4,7,7,1,0,0
83,subtract,4,8,8,1,0,0
83,subtract,4,9,9,1,0,0
83,subtract,5,1,1,1,4,4
83,subtract,5,2,2,1,3,3
83,subtract,5,3,3,1,2,2
83,subtract,5,4,4,1,1,1
83,subtract,5,5,5,1,0,0
83,subtract,5,6,6,1,0,0
83,subtract,5,7,7,1,0,0
83,subtract,5,8,8,1,0,0
83,subtract,5,9,9,1,0,0
83,subtract,6,1,1,1,5,5
83,subtract,6,2,2,1,4,4
83,subtract,6,3,3,1,3,3
83,subtract,6,4,4,1,2,2
83,subtract,6,5,5,1,1,1
83,subtract,6,6,6,1,0,0
83,subtract,6,7,7,1,0,0
83,subtract,6,8,8,1,0,0
83,subtract,6,9,9,1,0,0
83,subtract,7,1,1,1,6,6
83,subtract,7,2,2,1,5,5
83,subtract,7,3,3,1,4,4
83,subtract,7,4,4,1,3,3
83,subtract,7,5,5,1,2,2
83,subtract,7,6,6,1,1,1
83,subtract,7,7,7,1,0,0
83,subtract,7,8,8,1,0,0
83,subtract,7,9,9,1,0,0
83,subtract,8,1,1,1,7,7
83,subtract,8,2,2,1,6,6
83,subtract,8,3,3,1,5,5
83,subtract,8,4,4,1,4,4
83,subtract,8,5,5,1,3,3
83,subtract,8,6,6,1,2,2
83,subtract,8,7,7,1,1,1
83,subtract,8,8,8,1,0,0
83,subtract,8,9,9,1,0,0
83,subtract,9,1,1,1,8,8
83,subtract,9,2,2,1,7,7
83,subtract,9,3,3,1,6,6
83,subtract,9,4,4,1,5,5
83,subtract,9,5,5,1,4,4
83,subtract,9,6,6,1,3,3
83,subtract,9,7,7,1,2,2
83,subtract,9,8,8,1,1,1
83,subtract,9,9,9,1,0,0
83,multiply,1,1,1,1,1,1
83,multiply,1,2,2,1,2,2
83,multiply,1,3,3,1,3,3
83,multiply,1,4,4,1,4,4
83,multiply,1,5,5,1,5,5
83,multiply,1,6,6,1,6,6
83,multiply,1,7,7,1,7,7
83,multiply,1,8,8,1,8,8
83,multiply,1,9,9,1,9,9
83,multiply,2,1,2,1,2,2
83,multiply,2,2,4,1,4,4
83,multiply,2,3,6,1,6,6
83,multiply,2,4,8,1,8,8
83,multiply,2,5,10,1,10,10
83,multiply,2,6,12,1,12,12
83,multiply,2,7,14,1,14,14
83,multiply,2,8,16,1,16,16
83,multiply,2,9,18,1,18,18
83,multiply,3,1,3,1,3,3
83,multiply,3,2,6,1,6,6
83,multiply,3,3,9,1,9,9
83,multiply,3,4,12,1,12,12
83,multiply,3,5,15,1,15,15
83,multiply,3,6,18,1,18,18
83,multiply,3,7,21,1,21,21
83,multiply,3,8,24,1,24,24
83,multiply,3,9,27,1,27,27
83,multiply,4,1,4,1,4,4
83,multiply,4,2,8,1,8,8
83,multiply,4,3,12,1,12,12
83,multiply,4,4,16,1,16,16
83,multiply,4,5,20,1,20,20
83,multiply,4,6,24,1,24,24
83,multiply,4,7,28,1,28,28
83,multiply,4,8,32,1,32,32
83,multiply,4,9,36,1,36,36
83,multiply,5,1,5,1,5,5
83,multiply,5,2,10,1,10,10
83,multiply,5,3,15,1,15,15
83,multiply,5,4,20,1,20,20
83,multiply,5,5,25,1,25,25
83,multiply,5,6,30,1,30,30
83,multiply,5,7,35,1,35,35
83,multiply,5,8,40,1,40,40
83,multiply,5,9,45,1,45,45
83,multiply,6,1,6,1,6,6
83,multiply,6,2,12,1,12,12
83,multiply,6,3,18,1,18,18
83,multiply,6,4,24,1,24,24
83,multiply,6,5,30,1,30,30
83,multiply,6,6,36,1,36,36
83,multiply,6,7,42,1,42,42
83,multiply,6,8,48,1,48,48
83,multiply,6,9,54,1,54,54
83,multiply,7,1,7,1,7,7
83,multiply,7,2,14,1,14,14
83,multiply,7,3,21,1,21,21
83,multiply,7,4,28,1,28,28
83,multiply,7,5,35,1,35,35
83,multiply,7,6,42,1,42,42
83,multiply,7,7,49,1,49,49
83,multiply,7,8,56,1,56,56
83,multiply,7,9,63,1,63,63
83,multiply,8,1,8,1,8,8
83,multiply,8,2,16,1,16,16
83,multiply,8,3,24,1,24,24
83,multiply,8,4,32,1,32,32
83,multiply,8,5,40,1,40,40
83,multiply,8,6,48,1,48,48
83,multiply,8,7,56,1,56,56
83,multiply,8,8,64,1,64,64
83,multiply,8,9,72,1,72,72
83,multiply,9,1,9,1,9,9
83,multiply,9,2,18,1,18,18
83,multiply,9,3,27,1,27,27
83,multiply,9,4,36,1,36,36
83,multiply,9,5,45,1,45,45
83,multiply,9,6,54,1,54,54
83,multiply,9,7,63,1,63,63
83,multiply,9,8,72,1,72,72
83,multiply,9,9,81,1,81,81
83,divide,1,1,1,1,1,1
83,divide,1,2,0,1,0,0
83,divide,1,3,0,1,0,0
83,divide,1,4,0,1,0,0
83,divide,1,5,0,1,0,0
83,divide,1,6,0,1,0,0
83,divide,1,7,0,1,0,0
83,divide,1,8,0,1,0,0
83,divide,1,9,0,1,0,0
83,divide,2,1,2,1,2,2
83,divide,2,2,2,1,1,1
83,divide,2,3,0,1,0,0
83,divide,2,4,0,1,0,0
83,divide,2,5,0,1,0,0
83,divide,2,6,0,1,0,0
83,divide,2,7,0,1,0,0
83,divide,2,8,0,1,0,0
83,divide,2,9,0,1,0,0
83,divide,3,1,3,1,3,3
83,divide,3,2,2,1,1,1
83,divide,3,3,3,1,1,1
83,divide,3,4,0,1,0,0
83,divide,3,5,0,1,0,0
83,divide,3,6,0,1,0,0
83,divide,3,7,0,1,0,0
83,divide,3,8,0,1,0,0
83,divide,3,9,0,1,0,0
83,divide,4,1,4,1,4,4
83,divide,4,2,4,1,2,2
83,divide,4,3,3,1,1,1
83,divide,4,4,4,1,1,1
83,divide,4,5,0,1,0,0
83,divide,4,6,0,1,0,0
83,divide,4,7,0,1,0,0
83,divide,4,8,0,1,0,0
83,divide,4,9,0,1,0,0
83,divide,5,1,5,1,5,5
83,divide,5,2,4,1,2,2
83,divide,5,3,3,1,1,1
83,divide,5,4,4,1,1,1
83,divide,5,5,5,1,1,1
83,divide,5,6,0,1,0,0
83,divide,5,7,0,1,0,0
83,divide,5,8,0,1,0,0
83,divide,5,9,0,1,0,0
83,divide,6,1,6,1,6,6
83,divide,6,2,6,1,3,3
83,divide,6,3,6,1,2,2
83,divide,6,4,4,1,1,1
83,divide,6,5,5,1,1,1
83,divide,6,6,6,1,1,1
83,divide,6,7,0,1,0,0
83,divide,6,8,0,1,0,0
83,divide,6,9,0,1,0,0
83,divide,7,1,7,1,7,7
83,divide,7,2,6,1,3,3
83,divide,7,3,6,1,2,2
83,divide,7,4,4,1,1,1
83,divide,7,5,5,1,1,1
83,divide,7,6,6,1,1,1
83,divide,7,7,7,1,1,1
83,divide,7,8,0,1,0,0
83,divide,7,9,0,1,0,0
83,divide,8,1,8,1,8,8
83,divide,8,2,8,1,4,4
83,divide,8,3,6,1,2,2
83,divide,8,4,8,1,2,2
83,divide,8,5,5,1,1,1
83,divide,8,6,6,1,1,1
83,divide,8,7,7,1,1,1
83,divide,8,8,8,1,1,1
83,divide,8,9,0,1,0,0
83,divide,9,1,9,1,9,9
83,divide,9,2,8,1,4,4
83,divide,9,3,9,1,3,3
83,divide,9,4,8,1,2,2
83,divide,9,5,5,1,1,1
83,divide,9,6,6,1,1,1
83,divide,9,7,7,1,1,1
83,divide,9,8,8,1,1,1
83,divide,9,9,9,1,1,1
91,add,1,1,1,1,2,2
91,add,1,2,2,1,3,3
91,add,1,3,3,1,4,4
91,add,1,4,4,1,5,5
91,add,1,5,5,1,6,6
91,add,1,6,6,1,7,7
91,add,1,7,7,1,8,8
91,add,1,8,8,1,9,9
91,add,1,9,9,1,10,10
91,add,2,1,1,1,3,3
91,add,2,2,2,1,4,4
91,add,2,3,3,1,5,5
91,add,2,4,4,1,6,6
91,add,2,5,5,1,7,7
91,add,2,6,6,1,8,8
91,add,2,7,7,1,9,9
91,add,2,8,8,1,10,10
91,add,2,9,9,1,11,11
91,add,3,1,1,1,4,4
91,add,3,2,2,1,5,5
91,add,3,3,3,1,6,6
91,add,3,4,4,1,7,7
91,add,3,5,5,1,8,8
91,add,3,6,6,1,9,9
91,add,3,7,7,1,10,10
91,add,3,8,8,1,11,11
91,add,3,9,9,1,12,12
91,add,4,1,1,1,5,5
91,add,4,2,2,1,6,6
91,add,4,3,3,1,7,7
91,add,4,4,4,1,8,8
91,add,4,5,5,1,9,9
91,add,4,6,6,1,10,10
91,add,4,7,7,1,11,11
91,add,4,8,8,1,12,12
91,add,4,9,9,1,13,13
91,add,5,1,1,1,6,6
91,add,5,2,2,1,7,7
91,add,5,3,3,1,8,8
91,add,5,4,4,1,9,9
91,add,5,5,5,1,10,10
91,add,5,6,6,1,11,11
91,add,5,7,7,1,12,12
91,add,5,8,8,1,13,13
91,add,5,9,9,1,14,14
91,add,6,1,1,1,7,7
91,add,6,2,2,1,8,8
91,add,6,3,3,1,9,9
91,add,6,4,4,1,10,10
91,add,6,5,5,1,11,11
91,add,6,6,6,1,12,12
91,add,6,7,7,1,13,13
91,add,6,8,8,1,14,14
91,add,6,9,9,1,15,15
91,add,7,1,1,1,8,8
91,add,7,2,2,1,9,9
91,add,7,3,3,1,10,10
91,add,7,4,4,1,11,11
91,add,7,5,5,1,12,12
91,add,7,6,6,1,13,13
91,add,7,7,7,1,14,14
91,add,7,8,8,1,15,15
91,add,7,9,9,1,16,16
91,add,8,1,1,1,9,9
91,add,8,2,2,1,10,10
91,add,8,3,3,1,11,11
91,add,8,4,4,1,12,12
91,add,8,5,5,1,13,13
91,add,8,6,6,1,14,14
91,add,8,7,7,1,15,15
91,add,8,8,8,1,16,16
91,add,8,9,9,1,17,17
91,add,9,1,1,1,10,10
91,add,9,2,2,1,11,11
91,add,9,3,3,1,12,12
91,add,9,4,4,1,13,13
91,add,9,5,5,1,14,14
91,add,9,6,6,1,15,15
91,add,9,7,7,1,16,16
91,add,9,8,8,1,17,17
91,add,9,9,9,1,18,18
91,subtract,1,1,1,1,0,0
91,subtract,1,2,2,1,0,0
91,subtract,1,3,3,1,0,0
91,subtract,1,4,4,1,0,0
91,subtract,1,5,5,1,0,0
91,subtract,1,6,6,1,0,0
91,subtract,1,7,7,1,0,0
91,subtract,1,8,8,1,0,0
91,subtract,1,9,9,1,0,0
91,subtract,2,1,1,1,1,1
91,subtract,2,2,2,1,0,0
91,subtract,2,3,3,1,0,0
91,subtract,2,4,4,1,0,0
91,subtract,2,5,5,1,0,0
91,subtract,2,6,6,1,0,0
91,subtract,2,7,7,1,0,0
91,subtract,2,8,8,1,0,0
91,subtract,2,9,9,1,0,0
91,subtract,3,1,1,1,2,2
91,subtract,3,2,2,1,1,1
91,subtract,3,3,3,1,0,0
91,subtract,3,4,4,1,0,0
91,subtract,3,5,5,1,0,0
91,subtract,3,6,6,1,0,0
91,subtract,3,7,7,1,0,0
91,subtract,3,8,8,1,0,0
91,subtract,3,9,9,1,0,0
91,subtract,4,1,1,1,3,3
91,subtract,4,2,2,1,2,2
91,subtract,4,3,3,1,1,1
91,subtract,4,4,4,1,0,0
91,subtract,4,5,5,1,0,0
91,subtract,4,6,6,1,0,0
91,subtract,4,7,7,1,0,0
91,subtract,4,8,8,1,0,0
91,subtract,4,9,9,1,0,0
91,subtract,5,1,1,1,4,4
91,subtract,5,2,2,1,3,3
91,subtract,5,3,3,1,2,2
91,subtract,5,4,4,1,1,1
91,subtract,5,5,5,1,0,0
91,subtract,5,6,6,1,0,0
91,subtract,5,7,7,1,0,0
91,subtract,5,8,8,1,0,0
91,subtract,5,9,9,1,0,0
91,subtract,6,1,1,1,5,5
91,subtract,6,2,2,1,4,4
91,subtract,6,3,3,1,3,3
91,subtract,6,4,4,1,2,2
91,subtract,6,5,5,1,1,1
91,subtract,6,6,6,1,0,0
91,subtract,6,7,7,1,0,0
91,subtract,6,8,8,1,0,0
91,subtract,6,9,9,1,0,0
91,subtract,7,1,1,1,6,6
91,subtract,7,2,2,1,5,5
91,subtract,7,3,3,1,4,4
91,subtract,7,4,4,1,3,3
91,subtract,7,5,5,1,2,2
91,subtract,7,6,6,1,1,1
91,subtract,7,7,7,1,0,0
91,subtract,7,8,8,1,0,0
91,subtract,7,9,9,1,0,0
91,subtract,8,1,1,1,7,7
91,subtract,8,2,2,1,6,6
91,subtract,8,3,3,1,5,5
91,subtract,8,4,4,1,4,4
91,subtract,8,5,5,1,3,3
91,subtract,8,6,6,1,2,2
91,subtract,8,7,7,1,1,1
91,subtract,8,8,8,1,0,0
91,subtract,8,9,9,1,0,0
91,subtract,9,1,1,1,8,8
91,subtract,9,2,2,1,7,7
91,subtract,9,3,3,1,6,6
91,subtract,9,4,4,1,5,5
91,subtract,9,5,5,1,4,4
91,subtract,9,6,6,1,3,3
91,subtract,9,7,7,1,2,2
91,subtract,9,8,8,1,1,1
91,subtract,9,9,9,1,0,0
91,multiply,1,1,1,1,1,1
91,multiply,1,2,2,1,2,2
91,multiply,1,3,3,1,3,3
91,multiply,1,4,4,1,4,4
91,multiply,1,5,5,1,5,5
91,multiply,1,6,6,1,6,6
91,multiply,1,7,7,1,7,7
91,multiply,1,8,8,1,8,8
91,multiply,1,9,9,1,9,9
91,multiply,2,1,2,1,2,2
91,multiply,2,2,4,1,4,4
91,multiply,2,3,6,1,6,6
91,multiply,2,4,8,1,8,8
91,multiply,2,5,10,1,10,10
91,multiply,2,6,12,1,12,12
91,multiply,2,7,14,1,14,14
91,multiply,2,8,16,1,16,16
91,multiply,2,9,18,1,18,18
91,multiply,3,1,3,1,3,3
91,multiply,3,2,6,1,6,6
91,multiply,3,3,9,1,9,9
91,multiply,3,4,12,1,12,12
91,multiply,3,5,15,1,15,15
91,multiply,3,6,18,1,18,18
91,multiply,3,7,21,1,21,21
91,multiply,3,8,24,1,24,24
91,multiply,3,9,27,1,27,27
91,multiply,4,1,4,1,4,4
91,multiply,4,2,8,1,8,8
91,multiply,4,3,12,1,12,12
91,multiply,4,4,16,1,16,16
91,multiply,4,5,20,1,20,20
91,multiply,4,6,24,1,24,24
91,multiply,4,7,28,1,28,28
91,multiply,4,8,32,1,32,32
91,multiply,4,9,36,1,36,36
91,multiply,5,1,5,1,5,5
91,multiply,5,2,10,1,10,10
91,multiply,5,3,15,1,15,15
91,multiply,5,4,20,1,20,20
91,multiply,5,5,25,1,25,25
91,multiply,5,6,30,1,30,30
91,multiply,5,7,35,1,35,35
91,multiply,5,8,40,1,40,40
91,multiply,5,9,45,1,45,45
91,multiply,6,1,6,1,6,6
91,multiply,6,2,12,1,12,12
91,multiply,6,3,18,1,18,18
91,multiply,6,4,24,1,24,24
91,multiply,6,5,30,1,30,30
91,multiply,6,6,36,1,36,36
91,multiply,6,7,42,1,42,42
91,multiply,6,8,48,1,48,48
91,multiply,6,9,54,1,54,54
91,multiply,7,1,7,1,7,7
91,multiply,7,2,14,1,14,14
91,multiply,7,3,21,1,21,21
91,multiply,7,4,28,1,28,28
91,multiply,7,5,35,1,35,35
91,multiply,7,6,42,1,42,42
91,multiply,7,7,49,1,49,49
91,multiply,7,8,56,1,56,56
91,multiply,7,9,63,1,63,63
91,multiply,8,1,8,1,8,8
91,multiply,8,2,16,1,16,16
91,multiply,8,3,24,1,24,24
91,multiply,8,4,32,1,32,32
91,multiply,8,5,40,1,40,40
91,multiply,8,6,48,1,48,48
91,multiply,8,7,56,1,56,56
91,multiply,8,8,64,1,64,64
91,multiply,8,9,72,1,72,72
91,multiply,9,1,9,1,9,9
91,multiply,9,2,18,1,18,18
91,multiply,9,3,27,1,27,27
91,multiply,9,4,36,1,36,36
91,multiply,9,5,45,1,45,45
91,multiply,9,6,54,1,54,54
91,multiply,9,7,63,1,63,63
91,multiply,9,8,72,1,72,72
91,multiply,9,9,81,1,81,81
91,divide,1,1,1,1,1,1
91,divide,1,2,0,1,0,0
91,divide,1,3,0,1,0,0
91,divide,1,4,0,1,0,0
91,divide,1,5,0,1,0,0
91,divide,1,6,0,1,0,0
91,divide,1,7,0,1,0,0
91,divide,1,8,0,1,0,0
91,divide,1,9,0,1,0,0
91,divide,2,1,2,1,2,2
91,divide,2,2,2,1,1,1
91,divide,2,3,0,1,0,0
91,divide,2,4,0,1,0,0
91,divide,2,5,0,1,0,0
91,divide,2,6,0,1,0,0
91,divide,2,7,0,1,0,0
91,divide,2,8,0,1,0,0
91,divide,2,9,0,1,0,0
91,divide,3,1,3,1,3,3
91,divide,3,2,2,1,1,1
91,divide,3,3,3,1,1,1
91,divide,3,4,0,1,0,0
91,divide,3,5,0,1,0,0
91,divide,3,6,0,1,0,0
91,divide,3,7,0,1,0,0
91,divide,3,8,0,1,0,0
91,divide,3,9,0,1,0,0
91,divide,4,1,4,1,4,4
91,divide,4,2,4,1,2,2
91,divide,4,3,3,1,1,1
91,divide,4,4,4,1,1,1
91,divide,4,5,0,1,0,0
91,divide,4,6,0,1,0,0
91,divide,4,7,0,1,0,0
91,divide,4,8,0,1,0,0
91,divide,4,9,0,1,0,0
91,divide,5,1,5,1,5,5
91,divide,5,2,4,1,2,2
91,divide,5,3,3,1,1,1
91,divide,5,4,4,1,1,1
91,divide,5,5,5,1,1,1
91,divide,5,6,0,1,0,0
91,divide,5,7,0,1,0,0
91,divide,5,8,0,1,0,0
91,divide,5,9,0,1,0,0
91,divide,6,1,6,1,6,6
91,divide,6,2,6,1,3,3
91,divide,6,3,6,1,2,2
91,divide,6,4,4,1,1,1
91,divide,6,5,5,1,1,1
91,divide,6,6,6,1,1,1
91,divide,6,7,0,1,0,0
91,divide,6,8,0,1,0,0
91,divide,6,9,0,1,0,0
91,divide,7,1,7,1,7,7
91,divide,7,2,6,1,3,3
91,divide,7,3,6,1,2,2
91,divide,7,4,4,1,1,1
91,divide,7,5,5,1,1,1
91,divide,7,6,6,1,1,1
91,divide,7,7,7,1,1,1
91,divide,7,8,0,1,0,0
91,divide,7,9,0,1,0,0
91,divide,8,1,8,1,8,8
91,divide,8,2,8,1,4,4
91,divide,8,3,6,1,2,2
91,divide,8,4,8,1,2,2
91,divide,8,5,5,1,1,1
91,divide,8,6,6,1,1,1
91,divide,8,7,7,1,1,1
91,divide,8,8,8,1,1,1
91,divide,8,9,0,1,0,0
91,divide,9,1,9,1,9,9
91,divide,9,2,8,1,4,4
91,divide,9,3,9,1,3,3
91,divide,9,4,8,1,2,2
91,divide,9,5,5,1,1,1
91,divide,9,6,6,1,1,1
91,divide,9,7,7,1,1,1
91,divide,9,8,8,1,1,1
91,divide,9,9,9,1,1,1
20,add,1,1,1,1,2,2
20,add,1,2,2,1,3,3
20,add,1,3,3,1,4,4
20,add,1,4,4,1,5,5
20,add,1,5,5,1,6,6
20,add,1,6,6,1,7,7
20,add,1,7,7,1,8,8
20,add,1,8,8,1,9,9
20,add,1,9,9,1,10,10
20,add,2,1,1,1,3,3
20,add,2,2,2,1,4,4
20,add,2,3,3,1,5,5
20,add,2,4,4,1,6,6
20,add,2,5,5,1,7,7
20,add,2,6,6,1,8,8
20,add,2,7,7,1,9,9
20,add,2,8,8,1,10,10
20,add,2,9,9,1,11,11
20,add,3,1,1,1,4,4
20,add,3,2,2,1,5,5
20,add,3,3,3,1,6,6
20,add,3,4,4,1,7,7
20,add,3,5,5,1,8,8
20,add,3,6,6,1,9,9
20,add,3,7,7,1,10,10
20,add,3,8,8,1,11,11
20,add,3,9,9,1,12,12
20,add,4,1,1,1,5,5
20,add,4,2,2,1,6,6
20,add,4,3,3,1,7,7
20,add,4,4,4,1,8,8
20,add,4,5,5,1,9,9
20,add,4,6,6,1,10,10
20,add,4,7,7,1,11,11
20,add,4,8,8,1,12,12
20,add,4,9,9,1,13,13
20,add,5,1,1,1,6,6
20,add,5,2,2,1,7,7
20,add,5,3,3,1,8,8
20,add,5,4,4,1,9,9
20,add,5,5,5,1,10,10
20,add,5,6,6,1,11,11
20,add,5,7,7,1,12,12
20,add,5,8,8,1,13,13
20,add,5,9,9,1,14,14
20,add,6,1,1,1,7,7
20,add,6,2,2,1,8,8
20,add,6,3,3,1,9,9
20,add,6,4,4,1,10,10
20,add,6,5,5,1,11,11
20,add,6,6,6,1,12,12
20,add,6,7,7,1,13,13
20,add,6,8,8,1,14,14
20,add,6,9,9,1,15,15
20,add,7,1,1,1,8,8
20,add,7,2,2,1,9,9
20,add,7,3,3,1,10,10
20,add,7,4,4,1,11,11
20,add,7,5,5,1,12,12
20,add,7,6,6,1,13,13
20,add,7,7,7,1,14,14
20,add,7,8,8,1,15,15
20,add,7,9,9,1,16,16
20,add,8,1,1,1,9,9
20,add,8,2,2,1,10,10
20,add,8,3,3,1,11,11
20,add,8,4,4,1,12,12
20,add,8,5,5,1,13,13
20,add,8,6,6,1,14,14
20,add,8,7,7,1,15,15
20,add,8,8,8,1,16,16
20,add,8,9,9,1,17,17
20,add,9,1,1,1,10,10
20,add,9,2,2,1,11,11
20,add,9,3,3,1,12,12
20,add,9,4,4,1,13,13
20,add,9,5,5,1,14,14
20,add,9,6,6,1,15,15
20,add,9,7,7,1,16,16
20,add,9,8,8,1,17,17
20,add,9,9,9,1,18,18
20,subtract,1,1,1,1,0,0
20,subtract,1,2,2,1,0,0
20,subtract,1,3,3,1,0,0
20,subtract,1,4,4,1,0,0
20,subtract,1,5,5,1,0,0
20,subtract,1,6,6,1,0,0
20,subtract,1,7,7,1,0,0
20,subtract,1,8,8,1,0,0
20,subtract,1,9,9,1,0,0
20,subtract,2,1,1,1,1,1
20,subtract,2,2,2,1,0,0
20,subtract,2,3,3,1,0,0
20,subtract,2,4,4,1,0,0
20,subtract,2,5,5,1,0,0
20,subtract,2,6,6,1,0,0
20,subtract,2,7,7,1,0,0
20,subtract,2,8,8,1,0,0
20,subtract,2,9,9,1,0,0
20,subtract,3,1,1,1,2,2
20,subtract,3,2,2,1,1,1
20,subtract,3,3,3,1,0,0
20,subtract,3,4,4,1,0,0
20,subtract,3,5,5,1,0,0
20,subtract,3,6,6,1,0,0
20,subtract,3,7,7,1,0,0
20,subtract,3,8,8,1,0,0
20,subtract,3,9,9,1,0,0
20,subtract,4,1,1,1,3,3
20,subtract,4,2,2,1,2,2
20,subtract,4,3,3,1,1,1
20,subtract,4,4,4,1,0,0
20,subtract,4,5,5,1,0,0
20,subtract,4,6,6,1,0,0
20,subtract,4,7,7,1,0,0
20,subtract,4,8,8,1,0,0
20,subtract,4,9,9,1,0,0
20,subtract,5,1,1,1,4,4
20,subtract,5,2,2,1,3,3
20,subtract,5,3,3,1,2,2
20,subtract,5,4,4,1,1,1
20,subtract,5,5,5,1,0,0
20,subtract,5,6,6,1,0,0
20,subtract,5,7,7,1,0,0
20,subtract,5,8,8,1,0,0
20,subtract,5,9,9,1,0,0
20,subtract,6,1,1,1,5,5
20,subtract,6,2,2,1,4,4
20,subtract,6,3,3,1,3,3
20,subtract,6,4,4,1,2,2
20,subtract,6,5,5,1,1,1
20,subtract,6,6,6,1,0,0
20,subtract,6,7,7,1,0,0
20,subtract,6,8,8,1,0,0
20,subtract,6,9,9,1,0,0
20,subtract,7,1,1,1,6,6
20,subtract,7,2,2,1,5,5
20,subtract,7,3,3,1,4,4
20,subtract,7,4,4,1,3,3
20,subtract,7,5,5,1,2,2
20,subtract,7,6,6,1,1,1
20,subtract,7,7,7,1,0,0
20,subtract,7,8,8,1,0,0
20,subtract,7,9,9,1,0,0
20,subtract,8,1,1,1,7,7
20,subtract,8,2,2,1,6,6
20,subtract,8,3,3,1,5,5
20,subtract,8,4,4,1,4,4
20,subtract,8,5,5,1,3,3
20,subtract,8,6,6,1,2,2
20,subtract,8,7,7,1,1,1
20,subtract,8,8,8,1,0,0
20,subtract,8,9,9,1,0,0
20,subtract,9,1,1,1,8,8
20,subtract,9,2,2,1,7,7
20,subtract,9,3,3,1,6,6
20,subtract,9,4,4,1,5,5
20,subtract,9,5,5,1,4,4
20,subtract,9,6,6,1,3,3
20,subtract,9,7,7,1,2,2
20,subtract,9,8,8,1,1,1
20,subtract,9,9,9,1,0,0
20,multiply,1,1,1,1,1,1
20,multiply,1,2,2,1,2,2
20,multiply,1,3,3,1,3,3
20,multiply,1,4,4,1,4,4
20,multiply,1,5,5,1,5,5
20,multiply,1,6,6,1,6,6
20,multiply,1,7,7,1,7,7
20,multiply,1,8,8,1,8,8
20,multiply,1,9,9,1,9,9
20,multiply,2,1,2,1,2,2
20,multiply,2,2,4,1,4,4
20,multiply,2,3,6,1,6,6
20,multiply,2,4,8,1,8,8
20,multiply,2,5,10,1,10,10
20,multiply,2,6,12,1,12,12
20,multiply,2,7,14,1,14,14
20,multiply,2,8,16,1,16,16
20,multiply,2,9,18,1,18,18
20,multiply,3,1,3,1,3,3
20,multiply,3,2,6,1,6,6
20,multiply,3,3,9,1,9,9
20,multiply,3,4,12,1,12,12
20,multiply,3,5,15,1,15,15
20,multiply,3,6,18,1,18,18
20,multiply,3,7,21,1,21,21
20,multiply,3,8,24,1,24,24
20,multiply,3,9,27,1,27,27
20,multiply,4,1,4,1,4,4
20,multiply,4,2,8,1,8,8
20,multiply,4,3,12,1,12,12
20,multiply,4,4,16,1,16,16
20,multiply,4,5,20,1,20,20
20,multiply,4,6,24,1,24,24
20,multiply,4,7,28,1,28,28
20,multiply,4,8,32,1,32,32
20,multiply,4,9,36,1,36,36
20,multiply,5,1,5,1,5,5
20,multiply,5,2,10,1,10,10
20,multiply,5,3,15,1,15,15
20,multiply,5,4,20,1,20,20
20,multiply,5,5,25,1,25,25
20,multiply,5,6,30,1,30,30
20,multiply,5,7,35,1,35,35
20,multiply,5,8,40,1,40,40
20,multiply,5,9,45,1,45,45
20,multiply,6,1,6,1,6,6
20,multiply,6,2,12,1,12,12
20,multiply,6,3,18,1,18,18
20,multiply,6,4,24,1,24,24
20,multiply,6,5,30,1,30,30
20,multiply,6,6,36,1,36,36
20,multiply,6,7,42,1,42,42
20,multiply,6,8,48,1,48,48
20,multiply,6,9,54,1,54,54
20,multiply,7,1,7,1,7,7
20,multiply,7,2,14,1,14,14
20,multiply,7,3,21,1,21,21
20,multiply,7,4,28,1,28,28
20,multiply,7,5,35,1,35,35
20,multiply,7,6,42,1,42,42
20,multiply,7,7,49,1,49,49
20,multiply,7,8,56,1,56,56
20,multiply,7,9,63,1,63,63
20,multiply,8,1,8,1,8,8
20,multiply,8,2,16,1,16,16
20,multiply,8,3,24,1,24,24
20,multiply,8,4,32,1,32,32
20,multiply,8,5,40,1,40,40
20,multiply,8,6,48,1,48,48
20,multiply,8,7,56,1,56,56
20,multiply,8,8,64,1,64,64
20,multiply,8,9,72,1,72,72
20,multiply,9,1,9,1,9,9
20,multiply,9,2,18,1,18,18
20,multiply,9,3,27,1,27,27
20,multiply,9,4,36,1,36,36
20,multiply,9,5,45,1,45,45
20,multiply,9,6,54,1,54,54
20,multiply,9,7,63,1,63,63
20,multiply,9,8,72,1,72,72
20,multiply,9,9,81,1,81,81
20,divide,1,1,1,1,1,1
20,divide,1,2,0,1,0,0
20,divide,1,3,0,1,0,0
20,divide,1,4,0,1,0,0
20,divide,1,5,0,1,0,0
20,divide,1,6,0,1,0,0
20,divide,1,7,0,1,0,0
20,divide,1,8,0,1,0,0
20,divide,1,9,0,1,0,0
20,divide,2,1,2,1,2,2
20,divide,2,2,2,1,1,1
20,divide,2,3,0,1,0,0
20,divide,2,4,0,1,0,0
20,divide,2,5,0,1,0,0
20,divide,2,6,0,1,0,0
20,divide,2,7,0,1,0,0
20,divide,2,8,0,1,0,0
20,divide,2,9,0,1,0,0
20,divide,3,1,3,1,3,3
20,divide,3,2,2,1,1,1
20,divide,3,3,3,1,1,1
20,divide,3,4,0,1,0,0
20,divide,3,5,0,1,0,0
20,divide,3,6,0,1,0,0
20,divide,3,7,0,1,0,0
20,divide,3,8,0,1,0,0
20,divide,3,9,0,1,0,0
20,divide,4,1,4,1,4,4
20,divide,4,2,4,1,2,2
20,divide,4,3,3,1,1,1
20,divide,4,4,4,1,1,1
20,divide,4,5,0,1,0,0
20,divide,4,6,0,1,0,0
20,divide,4,7,0,1,0,0
20,divide,4,8,0,1,0,0
20,divide,4,9,0,1,0,0
20,divide,5,1,5,1,5,5
20,divide,5,2,4,1,2,2
20,divide,5,3,3,1,1,1
20,divide,5,4,4,1,1,1
20,divide,5,5,5,1,1,1
20,divide,5,6,0,1,0,0
20,divide,5,7,0,1,0,0
20,divide,5,8,0,1,0,0
20,divide,5,9,0,1,0,0
20,divide,6,1,6,1,6,6
20,divide,6,2,6,1,3,3
20,divide,6,3,6,1,2,2
20,divide,6,4,4,1,1,1
20,divide,6,5,5,1,1,1
20,divide,6,6,6,1,1,1
20,divide,6,7,0,1,0,0
20,divide,6,8,0,1,0,0
20,divide,6,9,0,1,0,0
20,divide,7,1,7,1,7,7
20,divide,7,2,6,1,3,3
20,divide,7,3,6,1,2,2
20,divide,7,4,4,1,1,1
20,divide,7,5,5,1,1,1
20,divide,7,6,6,1,1,1
20,divide,7,7,7,1,1,1
20,divide,7,8,0,1,0,0
20,divide,7,9,0,1,0,0
20,divide,8,1,8,1,8,8
20,divide,8,2,8,1,4,4
20,divide,8,3,6,1,2,2
20,divide,8,4,8,1,2,2
20,divide,8,5,5,1,1,1
20,divide,8,6,6,1,1,1
20,divide,8,7,7,1,1,1
20,divide,8,8,8,1,1,1
20,divide,8,9,0,1,0,0
20,divide,9,1,9,1,9,9
20,divide,9,2,8,1,4,4
20,divide,9,3,9,1,3,3
20,divide,9,4,8,1,2,2
20,divide,9,5,5,1,1,1
20,divide,9,6,6,1,1,1
20,divide,9,7,7,1,1,1
20,divide,9,8,8,1,1,1
20,divide,9,9,9,1,1,1
24,add,1,1,1,1,2,2
24,add,1,2,2,1,3,3
24,add,1,3,3,1,4,4
24,add,1,4,4,1,5,5
24,add,1,5,5,1,6,6
24,add,1,6,6,1,7,7
24,add,1,7,7,1,8,8
24,add,1,8,8,1,9,9
24,add,1,9,9,1,10,10
24,add,2,1,1,1,3,3
24,add,2,2,2,1,4,4
24,add,2,3,3,1,5,5
24,add,2,4,4,1,6,6
24,add,2,5,5,1,7,7
24,add,2,6,6,1,8,8
24,add,2,7,7,1,9,9
24,add,2,8,8,1,10,10
24,add,2,9,9,1,11,11
24,add,3,1,1,1,4,4
24,add,3,2,2,1,5,5
24,add,3,3,3,1,6,6
24,add,3,4,4,1,7,7
24,add,3,5,5,1,8,8
24,add,3,6,6,1,9,9
24,add,3,7,7,1,10,10
24,add,3,8,8,1,11,11
24,add,3,9,9,1,12,12
24,add,4,1,1,1,5,5
24,add,4,2,2,1,6,6
24,add,4,3,3,1,7,7
24,add,4,4,4,1,8,8
24,add,4,5,5,1,9,9
24,add,4,6,6,1,10,10
24,add,4,7,7,1,11,11
24,add,4,8,8,1,12,12
24,add,4,9,9,1,13,13
24,add,5,1,1,1,6,6
24,add,5,2,2,1,7,7
24,add,5,3,3,1,8,8
24,add,5,4,4,1,9,9
24,add,5,5,5,1,10,10
24,add,5,6,6,1,11,11
24,add,5,7,7,1,12,12
24,add,5,8,8,1,13,13
24,add,5,9,9,1,14,14
24,add,6,1,1,1,7,7
24,add,6,2,2,1,8,8
24,add,6,3,3,1,9,9
24,add,6,4,4,1,10,10
24,add,6,5,5,1,11,11
24,add,6,6,6,1,12,12
24,add,6,7,7,1,13,13
24,add,6,8,8,1,14,14
24,add,6,9,9,1,15,15
24,add,7,1,1,1,8,8
24,add,7,2,2,1,9,9
24,add,7,3,3,1,10,10
24,add,7,4,4,1,11,11
24,add,7,5,5,1,12,12
24,add,7,6,6,1,13,13
24,add,7,7,7,1,14,14
24,add,7,8,8,1,15,15
24,add,7,9,9,1,16,16
24,add,8,1,1,1,9,9
24,add,8,2,2,1,10,10
24,add,8,3,3,1,11,11
24,add,8,4,4,1,12,12
24,add,8,5,5,1,13,13
24,add,8,6,6,1,14,14
24,add,8,7,7,1,15,15
24,add,8,8,8,1,16,16
24,add,8,9,9,1,17,17
24,add,9,1,1,1,10,10
24,add,9,2,2,1,11,11
24,add,9,3,3,1,12,12
24,add,9,4,4,1,13,13
24,add,9,5,5,1,14,14
24,add,9,6,6,1,15,15
24,add,9,7,7,1,16,16
24,add,9,8,8,1,17,17
24,add,9,9,9,1,18,18
24,subtract,1,1,1,1,0,0
24,subtract,1,2,2,1,0,0
24,subtract,1,3,3,1,0,0
24,subtract,1,4,4,1,0,0
24,subtract,1,5,5,1,0,0
24,subtract,1,6,6,1,0,0
24,subtract,1,7,7,1,0,0
24,subtract,1,8,8,1,0,0
24,subtract,1,9,9,1,0,0
24,subtract,2,1,1,1,1,1
24,subtract,2,2,2,1,0,0
24,subtract,2,3,3,1,0,0
24,subtract,2,4,4,1,0,0
24,subtract,2,5,5,1,0,0
24,subtract,2,6,6,1,0,0
24,subtract,2,7,7,1,0,0
24,subtract,2,8,8,1,0,0
24,subtract,2,9,9,1,0,0
24,subtract,3,1,1,1,2,2
24,subtract,3,2,2,1,1,1
24,subtract,3,3,3,1,0,0
24,subtract,3,4,4,1,0,0
24,subtract,3,5,5,1,0,0
24,subtract,3,6,6,1,0,0
24,subtract,3,7,7,1,0,0
24,subtract,3,8,8,1,0,0
24,subtract,3,9,9,1,0,0
24,subtract,4,1,1,1,3,3
24,subtract,4,2,2,1,2,2
24,subtract,4,3,3,1,1,1
24,subtract,4,4,4,1,0,0
24,subtract,4,5,5,1,0,0
24,subtract,4,6,6,1,0,0
24,subtract,4,7,7,1,0,0
24,subtract,4,8,8,1,0,0
24,subtract,4,9,9,1,0,0
24,subtract,5,1,1,1,4,4
24,subtract,5,2,2,1,3,3
24,subtract,5,3,3,1,2,2
24,subtract,5,4,4,1,1,1
24,subtract,5,5,5,1,0,0
24,subtract,5,6,6,1,0,0
24,subtract,5,7,7,1,0,0
24,subtract,5,8,8,1,0,0
24,subtract,5,9,9,1,0,0
24,subtract,6,1,1,1,5,5
24,subtract,6,2,2,1,4,4
24,subtract,6,3,3,1,3,3
24,subtract,6,4,4,1,2,2
24,subtract,6,5,5,1,1,1
24,subtract,6,6,6,1,0,0
24,subtract,6,7,7,1,0,0
24,subtract,6,8,8,1,0,0
24,subtract,6,9,9,1,0,0
24,subtract,7,1,1,1,6,6
24,subtract,7,2,2,1,5,5
24,subtract,7,3,3,1,4,4
24,subtract,7,4,4,1,3,3
24,subtract,7,5,5,1,2,2
24,subtract,7,6,6,1,1,1
24,subtract,7,7,7,1,0,0
24,subtract,7,8,8,1,0,0
24,subtract,7,9,9,1,0,0
24,subtract,8,1,1,1,7,7
24,subtract,8,2,2,1,6,6
24,subtract,8,3,3,1,5,5
24,subtract,8,4,4,1,4,4
24,subtract,8,5,5,1,3,3
24,subtract,8,6,6,1,2,2
24,subtract,8,7,7,1,1,1
24,subtract,8,8,8,1,0,0
24,subtract,8,9,9,1,0,0
24,subtract,9,1,1,1,8,8
24,subtract,9,2,2,1,7,7
24,subtract,9,3,3,1,6,6
24,subtract,9,4,4,1,5,5
24,subtract,9,5,5,1,4,4
24,subtract,9,6,6,1,3,3
24,subtract,9,7,7,1,2,2
24,subtract,9,8,8,1,1,1
24,subtract,9,9,9,1,0,0
24,multiply,1,1,1,1,1,1
24,multiply,1,2,2,1,2,2
24,multiply,1,3,3,1,3,3
24,multiply,1,4,4,1,4,4
24,multiply,1,5,5,1,5,5
24,multiply,1,6,6,1,6,6
24,multiply,1,7,7,1,7,7
24,multiply,1,8,8,1,8,8
24,multiply,1,9,9,1,9,9
24,multiply,2,1,2,1,2,2
24,multiply,2,2,4,1,4,4
24,multiply,2,3,6,1,6,6
24,multiply,2,4,8,1,8,8
24,multiply,2,5,10,1,10,10
24,multiply,2,6,12,1,12,12
24,multiply,2,7,14,1,14,14
24,multiply,2,8,16,1,16,16
24,multiply,2,9,18,1,18,18
24,multiply,3,1,3,1,3,3
24,multiply,3,2,6,1,6,6
24,multiply,3,3,9,1,9,9
24,multiply,3,4,12,1,12,12
24,multiply,3,5,15,1,15,15
24,multiply,3,6,18,1,18,18
24,multiply,3,7,21,1,21,21
24,multiply,3,8,24,1,24,24
24,multiply,3,9,27,1,27,27
24,multiply,4,1,4,1,4,4
24,multiply,4,2,8,1,8,8
24,multiply,4,3,12,1,12,12
24,multiply,4,4,16,1,16,16
24,multiply,4,5,20,1,20,20
24,multiply,4,6,24,1,24,24
24,multiply,4,7,28,1,28,28
24,multiply,4,8,32,1,32,32
24,multiply,4,9,36,1,36,36
24,multiply,5,1,5,1,5,5
24,multiply,5,2,10,1,10,10
24,multiply,5,3,15,1,15,15
24,multiply,5,4,20,1,20,20
24,multiply,5,5,25,1,25,25
24,multiply,5,6,30,1,30,30
24,multiply,5,7,35,1,35,35
24,multiply,5,8,40,1,40,40
24,multiply,5,9,45,1,45,45
24,multiply,6,1,6,1,6,6
24,multiply,6,2,12,1,12,12
24,multiply,6,3,18,1,18,18
24,multiply,6,4,24,1,24,24
24,multiply,6,5,30,1,30,30
24,multiply,6,6,36,1,36,36
24,multiply,6,7,42,1,42,42
24,multiply,6,8,48,1,48,48
24,multiply,6,9,54,1,54,54
24,multiply,7,1,7,1,7,7
24,multiply,7,2,14,1,14,14
24,multiply,7,3,21,1,21,21
24,multiply,7,4,28,1,28,28
24,multiply,7,5,35,1,35,35
24,multiply,7,6,42,1,42,42
24,multiply,7,7,49,1,49,49
24,multiply,7,8,56,1,56,56
24,multiply,7,9,63,1,63,63
24,multiply,8,1,8,1,8,8
24,multiply,8,2,16,1,16,16
24,multiply,8,3,24,1,24,24
24,multiply,8,4,32,1,32,32
24,multiply,8,5,40,1,40,40
24,multiply,8,6,48,1,48,48
24,multiply,8,7,56,1,56,56
24,multiply,8,8,64,1,64,64
24,multiply,8,9,72,1,72,72
24,multiply,9,1,9,1,9,9
24,multiply,9,2,18,1,18,18
24,multiply,9,3,27,1,27,27
24,multiply,9,4,36,1,36,36
24,multiply,9,5,45,1,45,45
24,multiply,9,6,54,1,54,54
24,multiply,9,7,63,1,63,63
24,multiply,9,8,72,1,72,72
24,multiply,9,9,81,1,81,81
24,divide,1,1,1,1,1,1
24,divide,1,2,0,1,0,0
24,divide,1,3,0,1,0,0
24,divide,1,4,0,1,0,0
24,divide,1,5,0,1,0,0
24,divide,1,6,0,1,0,0
24,divide,1,7,0,1,0,0
24,divide,1,8,0,1,0,0
24,divide,1,9,0,1,0,0
24,divide,2,1,2,1,2,2
24,divide,2,2,2,1,1,1
24,divide,2,3,0,1,0,0
24,divide,2,4,0,1,0,0
24,divide,2,5,0,1,0,0
24,divide,2,6,0,1,0,0
24,divide,2,7,0,1,0,0
24,divide,2,8,0,1,0,0
24,divide,2,9,0,1,0,0
24,divide,3,1,3,1,3,3
24,divide,3,2,2,1,1,1
24,divide,3,3,3,1,1,1
24,divide,3,4,0,1,0,0
24,divide,3,5,0,1,0,0
24,divide,3,6,0,1,0,0
24,divide,3,7,0,1,0,0
24,divide,3,8,0,1,0,0
24,divide,3,9,0,1,0,0
24,divide,4,1,4,1,4,4
24,divide,4,2,4,1,2,2
24,divide,4,3,3,1,1,1
24,divide,4,4,4,1,1,1
24,divide,4,5,0,1,0,0
24,divide,4,6,0,1,0,0
24,divide,4,7,0,1,0,0
24,divide,4,8,0,1,0,0
24,divide,4,9,0,1,0,0
24,divide,5,1,5,1,5,5
24,divide,5,2,4,1,2,2
24,divide,5,3,3,1,1,1
24,divide,5,4,4,1,1,1
24,divide,5,5,5,1,1,1
24,divide,5,6,0,1,0,0
24,divide,5,7,0,1,0,0
24,divide,5,8,0,1,0,0
24,divide,5,9,0,1,0,0
24,divide,6,1,6,1,6,6
24,divide,6,2,6,1,3,3
24,divide,6,3,6,1,2,2
24,divide,6,4,4,1,1,1
24,divide,6,5,5,1,1,1
24,divide,6,6,6,1,1,1
24,divide,6,7,0,1,0,0
24,divide,6,8,0,1,0,0
24,divide,6,9,0,1,0,0
24,divide,7,1,7,1,7,7
24,divide,7,2,6,1,3,3
24,divide,7,3,6,1,2,2
24,divide,7,4,4,1,1,1
24,divide,7,5,5,1,1,1
24,divide,7,6,6,1,1,1
24,divide,7,7,7,1,1,1
24,divide,7,8,0,1,0,0
24,divide,7,9,0,1,0,0
24,divide,8,1,8,1,8,8
24,divide,8,2,8,1,4,4
24,divide,8,3,6,1,2,2
24,divide,8,4,8,1,2,2
24,divide,8,5,5,1,1,1
24,divide,8,6,6,1,1,1
24,divide,8,7,7,1,1,1
24,divide,8,8,8,1,1,1
24,divide,8,9,0,1,0,0
24,divide,9,1,9,1,9,9
24,divide,9,2,8,1,4,4
24,divide,9,3,9,1,3,3
24,divide,9,4,8,1,2,2
24,divide,9,5,5,1,1,1
24,divide,9,6,6,1,1,1
24,divide,9,7,7,1,1,1
24,divide,9,8,8,1,1,1
24,divide,9,9,9,1,1,1
32,add,1,1,1,1,2,2
32,add,1,2,2,1,3,3
32,add,1,3,3,1,4,4
32,add,1,4,4,1,5,5
32,add,1,5,5,1,6,6
32,add,1,6,6,1,7,7
32,add,1,7,7,1,8,8
32,add,1,8,8,1,9,9
32,add,1,9,9,1,10,10
32,add,2,1,1,1,3,3
32,add,2,2,2,1,4,4
32,add,2,3,3,1,5,5
32,add,2,4,4,1,6,6
32,add,2,5,5,1,7,7
32,add,2,6,6,1,8,8
32,add,2,7,7,1,9,9
32,add,2,8,8,1,10,10
32,add,2,9,9,1,11,11
32,add,3,1,1,1,4,4
32,add,3,2,2,1,5,5
32,add,3,3,3,1,6,6
32,add,3,4,4,1,7,7
32,add,3,5,5,1,8,8
32,add,3,6,6,1,9,9
32,add,3,7,7,1,10,10
32,add,3,8,8,1,11,11
32,add,3,9,9,1,12,12
32,add,4,1,1,1,5,5
32,add,4,2,2,1,6,6
32,add,4,3,3,1,7,7
32,add,4,4,4,1,8,8
32,add,4,5,5,1,9,9
32,add,4,6,6,1,10,10
32,add,4,7,7,1,11,11
32,add,4,8,8,1,12,12
32,add,4,9,9,1,13,13
32,add,5,1,1,1,6,6
32,add,5,2,2,1,7,7
32,add,5,3,3,1,8,8
32,add,5,4,4,1,9,9
32,add,5,5,5,1,10,10
32,add,5,6,6,1,11,11
32,add,5,7,7,1,12,12
32,add,5,8,8,1,13,13
32,add,5,9,9,1,14,14
32,add,6,1,1,1,7,7
32,add,6,2,2,1,8,8
32,add,6,3,3,1,9,9
32,add,6,4,4,1,10,10
32,add,6,5,5,1,11,11
32,add,6,6,6,1,12,12
32,add,6,7,7,1,13,13
32,add,6,8,8,1,14,14
32,add,6,9,9,1,15,15
32,add,7,1,1,1,8,8
32,add,7,2,2,1,9,9
32,add,7,3,3,1,10,10
32,add,7,4,4,1,11,11
32,add,7,5,5,1,12,12
32,add,7,6,6,1,13,13
32,add,7,7,7,1,14,14
32,add,7,8,8,1,15,15
32,add,7,9,9,1,16,16
32,add,8,1,1,1,9,9
32,add,8,2,2,1,10,10
32,add,8,3,3,1,11,11
32,add,8,4,4,1,12,12
32,add,8,5,5,1,13,13
32,add,8,6,6,1,14,14
32,add,8,7,7,1,15,15
32,add,8,8,8,1,16,16
32,add,8,9,9,1,17,17
32,add,9,1,1,1,10,10
32,add,9,2,2,1,11,11
32,add,9,3,3,1,12,12
32,add,9,4,4,1,13,13
32,add,9,5,5,1,14,14
32,add,9,6,6,1,15,15
32,add,9,7,7,1,16,16
32,add,9,8,8,1,17,17
32,add,9,9,9,1,18,18
32,subtract,1,1,1,1,0,0
32,subtract,1,2,2,1,0,0
32,subtract,1,3,3,1,0,0
32,subtract,1,4,4,1,0,0
32,subtract,1,5,5,1,0,0
32,subtract,1,6,6,1,0,0
32,subtract,1,7,7,1,0,0
32,subtract,1,8,8,1,0,0
32,subtract,1,9,9,1,0,0
32,subtract,2,1,1,1,1,1
32,subtract,2,2,2,1,0,0
32,subtract,2,3,3,1,0,0
32,subtract,2,4,4,1,0,0
32,subtract,2,5,5,1,0,0
32,subtract,2,6,6,1,0,0
32,subtract,2,7,7,1,0,0
32,subtract,2,8,8,1,0,0
32,subtract,2,9,9,1,0,0
32,subtract,3,1,1,1,2,2
32,subtract,3,2,2,1,1,1
32,subtract,3,3,3,1,0,0
32,subtract,3,4,4,1,0,0
32,subtract,3,5,5,1,0,0
32,subtract,3,6,6,1,0,0
32,subtract,3,7,7,1,0,0
32,subtract,3,8,8,1,0,0
32,subtract,3,9,9,1,0,0
32,subtract,4,1,1,1,3,3
32,subtract,4,2,2,1,2,2
32,subtract,4,3,3,1,1,1
32,subtract,4,4,4,1,0,0
32,subtract,4,5,5,1,0,0
32,subtract,4,6,6,1,0,0
32,subtract,4,7,7,1,0,0
32,subtract,4,8,8,1,0,0
32,subtract,4,9,9,1,0,0
32,subtract,5,1,1,1,4,4
32,subtract,5,2,2,1,3,3
32,subtract,5,3,3,1,2,2
32,subtract,5,4,4,1,1,1
32,subtract,5,5,5,1,0,0
32,subtract,5,6,6,1,0,0
32,subtract,5,7,7,1,0,0
32,subtract,5,8,8,1,0,0
32,subtract,5,9,9,1,0,0
32,subtract,6,1,1,1,5,5
32,subtract,6,2,2,1,4,4
32,subtract,6,3,3,1,3,3
32,subtract,6,4,4,1,2,2
32,subtract,6,5,5,1,1,1
32,subtract,6,6,6,1,0,0
32,subtract,6,7,7,1,0,0
32,subtract,6,8,8,1,0,0
32,subtract,6,9,9,1,0,0
32,subtract,7,1,1,1,6,6
32,subtract,7,2,2,1,5,5
32,subtract,7,3,3,1,4,4
32,subtract,7,4,4,1,3,3
32,subtract,7,5,5,1,2,2
32,subtract,7,6,6,1,1,1
32,subtract,7,7,7,1,0,0
32,subtract,7,8,8,1,0,0
32,subtract,7,9,9,1,0,0
32,subtract,8,1,1,1,7,7
32,subtract,8,2,2,1,6,6
32,subtract,8,3,3,1,5,5
32,subtract,8,4,4,1,4,4
32,subtract,8,5,5,1,3,3
32,subtract,8,6,6,1,2,2
32,subtract,8,7,7,1,1,1
32,subtract,8,8,8,1,0,0
32,subtract,8,9,9,1,0,0
32,subtract,9,1,1,1,8,8
32,subtract,9,2,2,1,7,7
32,subtract,9,3,3,1,6,6
32,subtract,9,4,4,1,5,5
32,subtract,9,5,5,1,4,4
32,subtract,9,6,6,1,3,3
32,subtract,9,7,7,1,2,2
32,subtract,9,8,8,1,1,1
32,subtract,9,9,9,1,0,0
32,multiply,1,1,1,1,1,1
32,multiply,1,2,2,1,2,2
32,multiply,1,3,3,1,3,3
32,multiply,1,4,4,1,4,4
32,multiply,1,5,5,1,5,5
32,multiply,1,6,6,1,6,6
32,multiply,1,7,7,1,7,7
32,multiply,1,8,8,1,8,8
32,multiply,1,9,9,1,9,9
32,multiply,2,1,2,1,2,2
32,multiply,2,2,4,1,4,4
32,multiply,2,3,6,1,6,6
32,multiply,2,4,8,1,8,8
32,multiply,2,5,10,1,10,10
32,multiply,2,6,12,1,12,12
32,multiply,2,7,14,1,14,14
32,multiply,2,8,16,1,16,16
32,multiply,2,9,18,1,18,18
32,multiply,3,1,3,1,3,3
32,multiply,3,2,6,1,6,6
32,multiply,3,3,9,1,9,9
32,multiply,3,4,12,1,12,12
32,multiply,3,5,15,1,15,15
32,multiply,3,6,18,1,18,18
32,multiply,3,7,21,1,21,21
32,multiply,3,8,24,1,24,24
32,multiply,3,9,27,1,27,27
32,multiply,4,1,4,1,4,4
32,multiply,4,2,8,1,8,8
32,multiply,4,3,12,1,12,12
32,multiply,4,4,16,1,16,16
32,multiply,4,5,20,1,20,20
32,multiply,4,6,24,1,24,24
32,multiply,4,7,28,1,28,28
32,multiply,4,8,32,1,32,32
32,multiply,4,9,36,1,36,36
32,multiply,5,1,5,1,5,5
32,multiply,5,2,10,1,10,10
32,multiply,5,3,15,1,15,15
32,multiply,5,4,20,1,20,20
32,multiply,5,5,25,1,25,25
32,multiply,5,6,30,1,30,30
32,multiply,5,7,35,1,35,35
32,multiply,5,8,40,1,40,40
32,multiply,5,9,45,1,45,45
32,multiply,6,1,6,1,6,6
32,multiply,6,2,12,1,12,12
32,multiply,6,3,18,1,18,18
32,multiply,6,4,24,1,24,24
32,multiply,6,5,30,1,30,30
32,multiply,6,6,36,1,36,36
32,multiply,6,7,42,1,42,42
32,multiply,6,8,48,1,48,48
32,multiply,6,9,54,1,54,54
32,multiply,7,1,7,1,7,7
32,multiply,7,2,14,1,14,14
32,multiply,7,3,21,1,21,21
32,multiply,7,4,28,1,28,28
32,multiply,7,5,35,1,35,35
32,multiply,7,6,42,1,42,42
32,multiply,7,7,49,1,49,49
32,multiply,7,8,56,1,56,56
32,multiply,7,9,63,1,63,63
32,multiply,8,1,8,1,8,8
32,multiply,8,2,16,1,16,16
32,multiply,8,3,24,1,24,24
32,multiply,8,4,32,1,32,32
32,multiply,8,5,40,1,40,40
32,multiply,8,6,48,1,48,48
32,multiply,8,7,56,1,56,56
32,multiply,8,8,64,1,64,64
32,multiply,8,9,72,1,72,72
32,multiply,9,1,9,1,9,9
32,multiply,9,2,18,1,18,18
32,multiply,9,3,27,1,27,27
32,multiply,9,4,36,1,36,36
32,multiply,9,5,45,1,45,45
32,multiply,9,6,54,1,54,54
32,multiply,9,7,63,1,63,63
32,multiply,9,8,72,1,72,72
32,multiply,9,9,81,1,81,81
32,divide,1,1,1,1,1,1
32,divide,1,2,0,1,0,0
32,divide,1,3,0,1,0,0
32,divide,1,4,0,1,0,0
32,divide,1,5,0,1,0,0
32,divide,1,6,0,1,0,0
32,divide,1,7,0,1,0,0
32,divide,1,8,0,1,0,0
32,divide,1,9,0,1,0,0
32,divide,2,1,2,1,2,2
32,divide,2,2,2,1,1,1
32,divide,2,3,0,1,0,0
32,divide,2,4,0,1,0,0
32,divide,2,5,0,1,0,0
32,divide,2,6,0,1,0,0
32,divide,2,7,0,1,0,0
32,divide,2,8,0,1,0,0
32,divide,2,9,0,1,0,0
32,divide,3,1,3,1,3,3
32,divide,3,2,2,1,1,1
32,divide,3,3,3,1,1,1
32,divide,3,4,0,1,0,0
32,divide,3,5,0,1,0,0
32,divide,3,6,0,1,0,0
32,divide,3,7,0,1,0,0
32,divide,3,8,0,1,0,0
32,divide,3,9,0,1,0,0
32,divide,4,1,4,1,4,4
32,divide,4,2,4,1,2,2
32,divide,4,3,3,1,1,1
32,divide,4,4,4,1,1,1
32,divide,4,5,0,1,0,0
32,divide,4,6,0,1,0,0
32,divide,4,7,0,1,0,0
32,divide,4,8,0,1,0,0
32,divide,4,9,0,1,0,0
32,divide,5,1,5,1,5,5
32,divide,5,2,4,1,2,2
32,divide,5,3,3,1,1,1
32,divide,5,4,4,1,1,1
32,divide,5,5,5,1,1,1
32,divide,5,6,0,1,0,0
32,divide,5,7,0,1,0,0
32,divide,5,8,0,1,0,0
32,divide,5,9,0,1,0,0
32,divide,6,1,6,1,6,6
32,divide,6,2,6,1,3,3
32,divide,6,3,6,1,2,2
32,divide,6,4,4,1,1,1
32,divide,6,5,5,1,1,1
32,divide,6,6,6,1,1,1
32,divide,6,7,0,1,0,0
32,divide,6,8,0,1,0,0
32,divide,6,9,0,1,0,0
32,divide,7,1,7,1,7,7
32,divide,7,2,6,1,3,3
32,divide,7,3,6,1,2,2
32,divide,7,4,4,1,1,1
32,divide,7,5,5,1,1,1
32,divide,7,6,6,1,1,1
32,divide,7,7,7,1,1,1
32,divide,7,8,0,1,0,0
32,divide,7,9,0,1,0,0
32,divide,8,1,8,1,8,8
32,divide,8,2,8,1,4,4
32,divide,8,3,6,1,2,2
32,divide,8,4,8,1,2,2
32,divide,8,5,5,1,1,1
32,divide,8,6,6,1,1,1
32,divide,8,7,7,1,1,1
32,divide,8,8,8,1,1,1
32,divide,8,9,0,1,0,0
32,divide,9,1,9,1,9,9
32,divide,9,2,8,1,4,4
32,divide,9,3,9,1,3,3
32,divide,9,4,8,1,2,2
32,divide,9,5,5,1,1,1
32,divide,9,6,6,1,1,1
32,divide,9,7,7,1,1,1
32,divide,9,8,8,1,1,1
32,divide,9,9,9,1,1,1
42,add,1,1,1,1,2,2
42,add,1,2,2,1,3,3
42,add,1,3,3,1,4,4
42,add,1,4,4,1,5,5
42,add,1,5,5,1,6,6
42,add,1,6,6,1,7,7
42,add,1,7,7,1,8,8
42,add,1,8,8,1,9,9
42,add,1,9,9,1,10,10
42,add,2,1,1,1,3,3
42,add,2,2,2,1,4,4
42,add,2,3,3,1,5,5
42,add,2,4,4,1,6,6
42,add,2,5,5,1,7,7
42,add,2,6,6,1,8,8
42,add,2,7,7,1,9,9
42,add,2,8,8,1,10,10
42,add,2,9,9,1,11,11
42,add,3,1,1,1,4,4
42,add,3,2,2,1,5,5
42,add,3,3,3,1,6,6
42,add,3,4,4,1,7,7
42,add,3,5,5,1,8,8
42,add,3,6,6,1,9,9
42,add,3,7,7,1,10,10
42,add,3,8,8,1,11,11
42,add,3,9,9,1,12,12
42,add,4,1,1,1,5,5
42,add,4,2,2,1,6,6
42,add,4,3,3,1,7,7
42,add,4,4,4,1,8,8
42,add,4,5,5,1,9,9
42,add,4,6,6,1,10,10
42,add,4,7,7,1,11,11
42,add,4,8,8,1,12,12
42,add,4,9,9,1,13,13
42,add,5,1,1,1,6,6
42,add,5,2,2,1,7,7
42,add,5,3,3,1,8,8
42,add,5,4,4,1,9,9
42,add,5,5,5,1,10,10
42,add,5,6,6,1,11,11
42,add,5,7,7,1,12,12
42,add,5,8,8,1,13,13
42,add,5,9,9,1,14,14
42,add,6,1,1,1,7,7
42,add,6,2,2,1,8,8
42,add,6,3,3,1,9,9
42,add,6,4,4,1,10,10
42,add,6,5,5,1,11,11
42,add,6,6,6,1,12,12
42,add,6,7,7,1,13,13
42,add,6,8,8,1,14,14
42,add,6,9,9,1,15,15
42,add,7,1,1,1,8,8
42,add,7,2,2,1,9,9
42,add,7,3,3,1,10,10
42,add,7,4,4,1,11,11
42,add,7,5,5,1,12,12
42,add,7,6,6,1,13,13
42,add,7,7,7,1,14,14
42,add,7,8,8,1,15,15
42,add,7,9,9,1,16,16
42,add,8,1,1,1,9,9
42,add,8,2,2,1,10,10
42,add,8,3,3,1,11,11
42,add,8,4,4,1,12,12
42,add,8,5,5,1,13,13
42,add,8,6,6,1,14,14
42,add,8,7,7,1,15,15
42,add,8,8,8,1,16,16
42,add,8,9,9,1,17,17
42,add,9,1,1,1,10,10
42,add,9,2,2,1,11,11
42,add,9,3,3,1,12,12
42,add,9,4,4,1,13,13
42,add,9,5,5,1,14,14
42,add,9,6,6,1,15,15
42,add,9,7,7,1,16,16
42,add,9,8,8,1,17,17
42,add,9,9,9,1,18,18
42,subtract,1,1,1,1,0,0
42,subtract,1,2,2,1,0,0
42,subtract,1,3,3,1,0,0
42,subtract,1,4,4,1,0,0
42,subtract,1,5,5,1,0,0
42,subtract,1,6,6,1,0,0
42,subtract,1,7,7,1,0,0
42,subtract,1,8,8,1,0,0
42,subtract,1,9,9,1,0,0
42,subtract,2,1,1,1,1,1
42,subtract,2,2,2,1,0,0
42,subtract,2,3,3,1,0,0
42,subtract,2,4,4,1,0,0
42,subtract,2,5,5,1,0,0
42,subtract,2,6,6,1,0,0
42,subtract,2,7,7,1,0,0
42,subtract,2,8,8,1,0,0
42,subtract,2,9,9,1,0,0
42,subtract,3,1,1,1,2,2
42,subtract,3,2,2,1,1,1
42,subtract,3,3,3,1,0,0
42,subtract,3,4,4,1,0,0
42,subtract,3,5,5,1,0,0
42,subtract,3,6,6,1,0,0
42,subtract,3,7,7,1,0,0
42,subtract,3,8,8,1,0,0
42,subtract,3,9,9,1,0,0
42,subtract,4,1,1,1,3,3
42,subtract,4,2,2,1,2,2
42,subtract,4,3,3,1,1,1
42,subtract,4,4,4,1,0,0
42,subtract,4,5,5,1,0,0
42,subtract,4,6,6,1,0,0
42,subtract,4,7,7,1,0,0
42,subtract,4,8,8,1,0,0
42,subtract,4,9,9,1,0,0
42,subtract,5,1,1,1,4,4
42,subtract,5,2,2,1,3,3
42,subtract,5,3,3,1,2,2
42,subtract,5,4,4,1,1,1
42,subtract,5,5,5,1,0,0
42,subtract,5,6,6,1,0,0
42,subtract,5,7,7,1,0,0
42,subtract,5,8,8,1,0,0
42,subtract,5,9,9,1,0,0
42,subtract,6,1,1,1,5,5
42,subtract,6,2,2,1,4,4
42,subtract,6,3,3,1,3,3
42,subtract,6,4,4,1,2,2
42,subtract,6,5,5,1,1,1
42,subtract,6,6,6,1,0,0
42,subtract,6,7,7,1,0,0
42,subtract,6,8,8,1,0,0
42,subtract,6,9,9,1,0,0
42,subtract,7,1,1,1,6,6
42,subtract,7,2,2,1,5,5
42,subtract,7,3,3,1,4,4
42,subtract,7,4,4,1,3,3
42,subtract,7,5,5,1,2,2
42,subtract,7,6,6,1,1,1
42,subtract,7,7,7,1,0,0
42,subtract,7,8,8,1,0,0
42,subtract,7,9,9,1,0,0
42,subtract,8,1,1,1,7,7
42,subtract,8,2,2,1,6,6
42,subtract,8,3,3,1,5,5
42,subtract,8,4,4,1,4,4
42,subtract,8,5,5,1,3,3
42,subtract,8,6,6,1,2,2
42,subtract,8,7,7,1,1,1
42,subtract,8,8,8,1,0,0
42,subtract,8,9,9,1,0,0
42,subtract,9,1,1,1,8,8
42,subtract,9,2,2,1,7,7
42,subtract,9,3,3,1,6,6
42,subtract,9,4,4,1,5,5
42,subtract,9,5,5,1,4,4
42,subtract,9,6,6,1,3,3
42,subtract,9,7,7,1,2,2
42,subtract,9,8,8,1,1,1
42,subtract,9,9,9,1,0,0
42,multiply,1,1,1,1,1,1
42,multiply,1,2,2,1,2,2
42,multiply,1,3,3,1,3,3
42,multiply,1,4,4,1,4,4
42,multiply,1,5,5,1,5,5
42,multiply,1,6,6,1,6,6
42,multiply,1,7,7,1,7,7
42,multiply,1,8,8,1,8,8
42,multiply,1,9,9,1,9,9
42,multiply,2,1,2,1,2,2
42,multiply,2,2,4,1,4,4
42,multiply,2,3,6,1,6,6
42,multiply,2,4,8,1,8,8
42,multiply,2,5,10,1,10,10
42,multiply,2,6,12,1,12,12
42,multiply,2,7,14,1,14,14
42,multiply,2,8,16,1,16,16
42,multiply,2,9,18,1,18,18
42,multiply,3,1,3,1,3,3
42,multiply,3,2,6,1,6,6
42,multiply,3,3,9,1,9,9
42,multiply,3,4,12,1,12,12
42,multiply,3,5,15,1,15,15
42,multiply,3,6,18,1,18,18
42,multiply,3,7,21,1,21,21
42,multiply,3,8,24,1,24,24
42,multiply,3,9,27,1,27,27
42,multiply,4,1,4,1,4,4
42,multiply,4,2,8,1,8,8
42,multiply,4,3,12,1,12,12
42,multiply,4,4,16,1,16,16
42,multiply,4,5,20,1,20,20
42,multiply,4,6,24,1,24,24
42,multiply,4,7,28,1,28,28
42,multiply,4,8,32,1,32,32
42,multiply,4,9,36,1,36,36
42,multiply,5,1,5,1,5,5
42,multiply,5,2,10,1,10,10
42,multiply,5,3,15,1,15,15
42,multiply,5,4,20,1,20,20
42,multiply,5,5,25,1,25,25
42,multiply,5,6,30,1,30,30
42,multiply,5,7,35,1,35,35
42,multiply,5,8,40,1,40,40
42,multiply,5,9,45,1,45,45
42,multiply,6,1,6,1,6,6
42,multiply,6,2,12,1,12,12
42,multiply,6,3,18,1,18,18
42,multiply,6,4,24,1,24,24
42,multiply,6,5,30,1,30,30
42,multiply,6,6,36,1,36,36
42,multiply,6,7,42,1,42,42
42,multiply,6,8,48,1,48,48
42,multiply,6,9,54,1,54,54
42,multiply,7,1,7,1,7,7
42,multiply,7,2,14,1,14,14
42,multiply,7,3,21,1,21,21
42,multiply,7,4,28,1,28,28
42,multiply,7,5,35,1,35,35
42,multiply,7,6,42,1,42,42
42,multiply,7,7,49,1,49,49
42,multiply,7,8,56,1,56,56
42,multiply,7,9,63,1,63,63
42,multiply,8,1,8,1,8,8
42,multiply,8,2,16,1,16,16
42,multiply,8,3,24,1,24,24
42,multiply,8,4,32,1,32,32
42,multiply,8,5,40,1,40,40
42,multiply,8,6,48,1,48,48
42,multiply,8,7,56,1,56,56
42,multiply,8,8,64,1,64,64
42,multiply,8,9,72,1,72,72
42,multiply,9,1,9,1,9,9
42,multiply,9,2,18,1,18,18
42,multiply,9,3,27,1,27,27
42,multiply,9,4,36,1,36,36
42,multiply,9,5,45,1,45,45
42,multiply,9,6,54,1,54,54
42,multiply,9,7,63,1,63,63
42,multiply,9,8,72,1,72,72
42,multiply,9,9,81,1,81,81
42,divide,1,1,1,1,1,1
42,divide,1,2,0,1,0,0
42,divide,1,3,0,1,0,0
42,divide,1,4,0,1,0,0
42,divide,1,5,0,1,0,0
42,divide,1,6,0,1,0,0
42,divide,1,7,0,1,0,0
42,divide,1,8,0,1,0,0
42,divide,1,9,0,1,0,0
42,divide,2,1,2,1,2,2
42,divide,2,2,2,1,1,1
42,divide,2,3,0,1,0,0
42,divide,2,4,0,1,0,0
42,divide,2,5,0,1,0,0
42,divide,2,6,0,1,0,0
42,divide,2,7,0,1,0,0
42,divide,2,8,0,1,0,0
42,divide,2,9,0,1,0,0
42,divide,3,1,3,1,3,3
42,divide,3,2,2,1,1,1
42,divide,3,3,3,1,1,1
42,divide,3,4,0,1,0,0
42,divide,3,5,0,1,0,0
42,divide,3,6,0,1,0,0
42,divide,3,7,0,1,0,0
42,divide,3,8,0,1,0,0
42,divide,3,9,0,1,0,0
42,divide,4,1,4,1,4,4
42,divide,4,2,4,1,2,2
42,divide,4,3,3,1,1,1
42,divide,4,4,4,1,1,1
42,divide,4,5,0,1,0,0
42,divide,4,6,0,1,0,0
42,divide,4,7,0,1,0,0
42,divide,4,8,0,1,0,0
42,divide,4,9,0,1,0,0
42,divide,5,1,5,1,5,5
42,divide,5,2,4,1,2,2
42,divide,5,3,3,1,1,1
42,divide,5,4,4,1,1,1
42,divide,5,5,5,1,1,1
42,divide,5,6,0,1,0,0
42,divide,5,7,0,1,0,0
42,divide,5,8,0,1,0,0
42,divide,5,9,0,1,0,0
42,divide,6,1,6,1,6,6
42,divide,6,2,6,1,3,3
42,divide,6,3,6,1,2,2
42,divide,6,4,4,1,1,1
42,divide,6,5,5,1,1,1
42,divide,6,6,6,1,1,1
42,divide,6,7,0,1,0,0
42,divide,6,8,0,1,0,0
42,divide,6,9,0,1,0,0
42,divide,7,1,7,1,7,7
42,divide,7,2,6,1,3,3
42,divide,7,3,6,1,2,2
42,divide,7,4,4,1,1,1
42,divide,7,5,5,1,1,1
42,divide,7,6,6,1,1,1
42,divide,7,7,7,1,1,1
42,divide,7,8,0,1,0,0
42,divide,7,9,0,1,0,0
42,divide,8,1,8,1,8,8
42,divide,8,2,8,1,4,4
42,divide,8,3,6,1,2,2
42,divide,8,4,8,1,2,2
42,divide,8,5,5,1,1,1
42,divide,8,6,6,1,1,1
42,divide,8,7,7,1,1,1
42,divide,8,8,8,1,1,1
42,divide,8,9,0,1,0,0
42,divide,9,1,9,1,9,9
42,divide,9,2,8,1,4,4
42,divide,9,3,9,1,3,3
42,divide,9,4,8,1,2,2
42,divide,9,5,5,1,1,1
42,divide,9,6,6,1,1,1
42,divide,9,7,7,1,1,1
42,divide,9,8,8,1,1,1
42,divide,9,9,9,1,1,1
52,add,1,1,1,1,2,2
52,add,1,2,2,1,3,3
52,add,1,3,3,1,4,4
52,add,1,4,4,1,5,5
52,add,1,5,5,1,6,6
52,add,1,6,6,1,7,7
52,add,1,7,7,1,8,8
52,add,1,8,8,1,9,9
52,add,1,9,9,1,10,10
52,add,2,1,1,1,3,3
52,add,2,2,2,1,4,4
52,add,2,3,3,1,5,5
52,add,2,4,4,1,6,6
52,add,2,5,5,1,7,7
52,add,2,6,6,1,8,8
52,add,2,7,7,1,9,9
52,add,2,8,8,1,10,10
52,add,2,9,9,1,11,11
52,add,3,1,1,1,4,4
52,add,3,2,2,1,5,5
52,add,3,3,3,1,6,6
52,add,3,4,4,1,7,7
52,add,3,5,5,1,8,8
52,add,3,6,6,1,9,9
52,add,3,7,7,1,10,10
52,add,3,8,8,1,11,11
52,add,3,9,9,1,12,12
52,add,4,1,1,1,5,5
52,add,4,2,2,1,6,6
52,add,4,3,3,1,7,7
52,add,4,4,4,1,8,8
52,add,4,5,5,1,9,9
52,add,4,6,6,1,10,10
52,add,4,7,7,1,11,11
52,add,4,8,8,1,12,12
52,add,4,9,9,1,13,13
52,add,5,1,1,1,6,6
52,add,5,2,2,1,7,7
52,add,5,3,3,1,8,8
52,add,5,4,4,1,9,9
52,add,5,5,5,1,10,10
52,add,5,6,6,1,11,11
52,add,5,7,7,1,12,12
52,add,5,8,8,1,13,13
52,add,5,9,9,1,14,14
52,add,6,1,1,1,7,7
52,add,6,2,2,1,8,8
52,add,6,3,3,1,9,9
52,add,6,4,4,1,10,10
52,add,6,5,5,1,11,11
52,add,6,6,6,1,12,12
52,add,6,7,7,1,13,13
52,add,6,8,8,1,14,14
52,add,6,9,9,1,15,15
52,add,7,1,1,1,8,8
52,add,7,2,2,1,9,9
52,add,7,3,3,1,10,10
52,add,7,4,4,1,11,11
52,add,7,5,5,1,12,12
52,add,7,6,6,1,13,13
52,add,7,7,7,1,14,14
52,add,7,8,8,1,15,15
52,add,7,9,9,1,16,16
52,add,8,1,1,1,9,9
52,add,8,2,2,1,10,10
52,add,8,3,3,1,11,11
52,add,8,4,4,1,12,12
52,add,8,5,5,1,13,13
52,add,8,6,6,1,14,14
52,add,8,7,7,1,15,15
52,add,8,8,8,1,16,16
52,add,8,9,9,1,17,17
52,add,9,1,1,1,10,10
52,add,9,2,2,1,11,11
52,add,9,3,3,1,12,12
52,add,9,4,4,1,13,13
52,add,9,5,5,1,14,14
52,add,9,6,6,1,15,15
52,add,9,7,7,1,16,16
52,add,9,8,8,1,17,17
52,add,9,9,9,1,18,18
52,subtract,1,1,1,1,0,0
52,subtract,1,2,2,1,0,0
52,subtract,1,3,3,1,0,0
52,subtract,1,4,4,1,0,0
52,subtract,1,5,5,1,0,0
52,subtract,1,6,6,1,0,0
52,subtract,1,7,7,1,0,0
52,subtract,1,8,8,1,0,0
52,subtract,1,9,9,1,0,0
52,subtract,2,1,1,1,1,1
52,subtract,2,2,2,1,0,0
52,subtract,2,3,3,1,0,0
52,subtract,2,4,4,1,0,0
52,subtract,2,5,5,1,0,0
52,subtract,2,6,6,1,0,0
52,subtract,2,7,7,1,0,0
52,subtract,2,8,8,1,0,0
52,subtract,2,9,9,1,0,0
52,subtract,3,1,1,1,2,2
52,subtract,3,2,2,1,1,1
52,subtract,3,3,3,1,0,0
52,subtract,3,4,4,1,0,0
52,subtract,3,5,5,1,0,0
52,subtract,3,6,6,1,0,0
52,subtract,3,7,7,1,0,0
52,subtract,3,8,8,1,0,0
52,subtract,3,9,9,1,0,0
52,subtract,4,1,1,1,3,3
52,subtract,4,2,2,1,2,2
52,subtract,4,3,3,1,1,1
52,subtract,4,4,4,1,0,0
52,subtract,4,5,5,1,0,0
52,subtract,4,6,6,1,0,0
52,subtract,4,7,7,1,0,0
52,subtract,4,8,8,1,0,0
52,subtract,4,9,9,1,0,0
52,subtract,5,1,1,1,4,4
52,subtract,5,2,2,1,3,3
52,subtract,5,3,3,1,2,2
52,subtract,5,4,4,1,1,1
52,subtract,5,5,5,1,0,0
52,subtract,5,6,6,1,0,0
52,subtract,5,7,7,1,0,0
52,subtract,5,8,8,1,0,0
52,subtract,5,9,9,1,0,0
52,subtract,6,1,1,1,5,5
52,subtract,6,2,2,1,4,4
52,subtract,6,3,3,1,3,3
52,subtract,6,4,4,1,2,2
52,subtract,6,5,5,1,1,1
52,subtract,6,6,6,1,0,0
52,subtract,6,7,7,1,0,0
52,subtract,6,8,8,1,0,0
52,subtract,6,9,9,1,0,0
52,subtract,7,1,1,1,6,6
52,subtract,7,2,2,1,5,5
52,subtract,7,3,3,1,4,4
52,subtract,7,4,4,1,3,3
52,subtract,7,5,5,1,2,2
52,subtract,7,6,6,1,1,1
52,subtract,7,7,7,1,0,0
52,subtract,7,8,8,1,0,0
52,subtract,7,9,9,1,0,0
52,subtract,8,1,1,1,7,7
52,subtract,8,2,2,1,6,6
52,subtract,8,3,3,1,5,5
52,subtract,8,4,4,1,4,4
52,subtract,8,5,5,1,3,3
52,subtract,8,6,6,1,2,2
52,subtract,8,7,7,1,1,1
52,subtract,8,8,8,1,0,0
52,subtract,8,9,9,1,0,0
52,subtract,9,1,1,1,8,8
52,subtract,9,2,2,1,7,7
52,subtract,9,3,3,1,6,6
52,subtract,9,4,4,1,5,5
52,subtract,9,5,5,1,4,4
52,subtract,9,6,6,1,3,3
52,subtract,9,7,7,1,2,2
52,subtract,9,8,8,1,1,1
52,subtract,9,9,9,1,0,0
52,multiply,1,1,1,1,1,1
52,multiply,1,2,2,1,2,2
52,multiply,1,3,3,1,3,3
52,multiply,1,4,4,1,4,4
52,multiply,1,5,5,1,5,5
52,multiply,1,6,6,1,6,6
52,multiply,1,7,7,1,7,7
52,multiply,1,8,8,1,8,8
52,multiply,1,9,9,1,9,9
52,multiply,2,1,2,1,2,2
52,multiply,2,2,4,1,4,4
52,multiply,2,3,6,1,6,6
52,multiply,2,4,8,1,8,8
52,multiply,2,5,10,1,10,10
52,multiply,2,6,12,1,12,12
52,multiply,2,7,14,1,14,14
52,multiply,2,8,16,1,16,16
52,multiply,2,9,18,1,18,18
52,multiply,3,1,3,1,3,3
52,multiply,3,2,6,1,6,6
52,multiply,3,3,9,1,9,9
52,multiply,3,4,12,1,12,12
52,multiply,3,5,15,1,15,15
52,multiply,3,6,18,1,18,18
52,multiply,3,7,21,1,21,21
52,multiply,3,8,24,1,24,24
52,multiply,3,9,27,1,27,27
52,multiply,4,1,4,1,4,4
52,multiply,4,2,8,1,8,8
52,multiply,4,3,12,1,12,12
52,multiply,4,4,16,1,16,16
52,multiply,4,5,20,1,20,20
52,multiply,4,6,24,1,24,24
52,multiply,4,7,28,1,28,28
52,multiply,4,8,32,1,32,32
52,multiply,4,9,36,1,36,36
52,multiply,5,1,5,1,5,5
52,multiply,5,2,10,1,10,10
52,multiply,5,3,15,1,15,15
52,multiply,5,4,20,1,20,20
52,multiply,5,5,25,1,25,25
52,multiply,5,6,30,1,30,30
52,multiply,5,7,35,1,35,35
52,multiply,5,8,40,1,40,40
52,multiply,5,9,45,1,45,45
52,multiply,6,1,6,1,6,6
52,multiply,6,2,12,1,12,12
52,multiply,6,3,18,1,18,18
52,multiply,6,4,24,1,24,24
52,multiply,6,5,30,1,30,30
52,multiply,6,6,36,1,36,36
52,multiply,6,7,42,1,42,42
52,multiply,6,8,48,1,48,48
52,multiply,6,9,54,1,54,54
52,multiply,7,1,7,1,7,7
52,multiply,7,2,14,1,14,14
52,multiply,7,3,21,1,21,21
52,multiply,7,4,28,1,28,28
52,multiply,7,5,35,1,35,35
52,multiply,7,6,42,1,42,42
52,multiply,7,7,49,1,49,49
52,multiply,7,8,56,1,56,56
52,multiply,7,9,63,1,63,63
52,multiply,8,1,8,1,8,8
52,multiply,8,2,16,1,16,16
52,multiply,8,3,24,1,24,24
52,multiply,8,4,32,1,32,32
52,multiply,8,5,40,1,40,40
52,multiply,8,6,48,1,48,48
52,multiply,8,7,56,1,56,56
52,multiply,8,8,64,1,64,64
52,multiply,8,9,72,1,72,72
52,multiply,9,1,9,1,9,9
52,multiply,9,2,18,1,18,18
52,multiply,9,3,27,1,27,27
52,multiply,9,4,36,1,36,36
52,multiply,9,5,45,1,45,45
52,multiply,9,6,54,1,54,54
52,multiply,9,7,63,1,63,63
52,multiply,9,8,72,1,72,72
52,multiply,9,9,81,1,81,81
52,divide,1,1,1,1,1,1
52,divide,1,2,0,1,0,0
52,divide,1,3,0,1,0,0
52,divide,1,4,0,1,0,0
52,divide,1,5,0,1,0,0
52,divide,1,6,0,1,0,0
52,divide,1,7,0,1,0,0
52,divide,1,8,0,1,0,0
52,divide,1,9,0,1,0,0
52,divide,2,1,2,1,2,2
52,divide,2,2,2,1,1,1
52,divide,2,3,0,1,0,0
52,divide,2,4,0,1,0,0
52,divide,2,5,0,1,0,0
52,divide,2,6,0,1,0,0
52,divide,2,7,0,1,0,0
52,divide,2,8,0,1,0,0
52,divide,2,9,0,1,0,0
52,divide,3,1,3,1,3,3
52,divide,3,2,2,1,1,1
52,divide,3,3,3,1,1,1
52,divide,3,4,0,1,0,0
52,divide,3,5,0,1,0,0
52,divide,3,6,0,1,0,0
52,divide,3,7,0,1,0,0
52,divide,3,8,0,1,0,0
52,divide,3,9,0,1,0,0
52,divide,4,1,4,1,4,4
52,divide,4,2,4,1,2,2
52,divide,4,3,3,1,1,1
52,divide,4,4,4,1,1,1
52,divide,4,5,0,1,0,0
52,divide,4,6,0,1,0,0
52,divide,4,7,0,1,0,0
52,divide,4,8,0,1,0,0
52,divide,4,9,0,1,0,0
52,divide,5,1,5,1,5,5
52,divide,5,2,4,1,2,2
52,divide,5,3,3,1,1,1
52,divide,5,4,4,1,1,1
52,divide,5,5,5,1,1,1
52,divide,5,6,0,1,0,0
52,divide,5,7,0,1,0,0
52,divide,5,8,0,1,0,0
52,divide,5,9,0,1,0,0
52,divide,6,1,6,1,6,6
52,divide,6,2,6,1,3,3
52,divide,6,3,6,1,2,2
52,divide,6,4,4,1,1,1
52,divide,6,5,5,1,1,1
52,divide,6,6,6,1,1,1
52,divide,6,7,0,1,0,0
52,divide,6,8,0,1,0,0
52,divide,6,9,0,1,0,0
52,divide,7,1,7,1,7,7
52,divide,7,2,6,1,3,3
52,divide,7,3,6,1,2,2
52,divide,7,4,4,1,1,1
52,divide,7,5,5,1,1,1
52,divide,7,6,6,1,1,1
52,divide,7,7,7,1,1,1
52,divide,7,8,0,1,0,0
52,divide,7,9,0,1,0,0
52,divide,8,1,8,1,8,8
52,divide,8,2,8,1,4,4
52,divide,8,3,6,1,2,2
52,divide,8,4,8,1,2,2
52,divide,8,5,5,1,1,1
52,divide,8,6,6,1,1,1
52,divide,8,7,7,1,1,1
52,divide,8,8,8,1,1,1
52,divide,8,9,0,1,0,0
52,divide,9,1,9,1,9,9
52,divide,9,2,8,1,4,4
52,divide,9,3,9,1,3,3
52,divide,9,4,8,1,2,2
52,divide,9,5,5,1,1,1
52,divide,9,6,6,1,1,1
52,divide,9,7,7,1,1,1
52,divide,9,8,8,1,1,1
52,divide,9,9,9,1,1,1
59,add,1,1,1,1,2,2
59,add,1,2,2,1,3,3
59,add,1,3,3,1,4,4
59,add,1,4,4,1,5,5
59,add,1,5,5,1,6,6
59,add,1,6,6,1,7,7
59,add,1,7,7,1,8,8
59,add,1,8,8,1,9,9
59,add,1,9,9,1,10,10
59,add,2,1,1,1,3,3
59,add,2,2,2,1,4,4
59,add,2,3,3,1,5,5
59,add,2,4,4,1,6,6
59,add,2,5,5,1,7,7
59,add,2,6,6,1,8,8
59,add,2,7,7,1,9,9
59,add,2,8,8,1,10,10
59,add,2,9,9,1,11,11
59,add,3,1,1,1,4,4
59,add,3,2,2,1,5,5
59,add,3,3,3,1,6,6
59,add,3,4,4,1,7,7
59,add,3,5,5,1,8,8
59,add,3,6,6,1,9,9
59,add,3,7,7,1,10,10
59,add,3,8,8,1,11,11
59,add,3,9,9,1,12,12
59,add,4,1,1,1,5,5
59,add,4,2,2,1,6,6
59,add,4,3,3,1,7,7
59,add,4,4,4,1,8,8
59,add,4,5,5,1,9,9
59,add,4,6,6,1,10,10
59,add,4,7,7,1,11,11
59,add,4,8,8,1,12,12
59,add,4,9,9,1,13,13
59,add,5,1,1,1,6,6
59,add,5,2,2,1,7,7
59,add,5,3,3,1,8,8
59,add,5,4,4,1,9,9
59,add,5,5,5,1,10,10
59,add,5,6,6,1,11,11
59,add,5,7,7,1,12,12
59,add,5,8,8,1,13,13
59,add,5,9,9,1,14,14
59,add,6,1,1,1,7,7
59,add,6,2,2,1,8,8
59,add,6,3,3,1,9,9
59,add,6,4,4,1,10,10
59,add,6,5,5,1,11,11
59,add,6,6,6,1,12,12
59,add,6,7,7,1,13,13
59,add,6,8,8,1,14,14
59,add,6,9,9,1,15,15
59,add,7,1,1,1,8,8
59,add,7,2,2,1,9,9
59,add,7,3,3,1,10,10
59,add,7,4,4,1,11,11
59,add,7,5,5,1,12,12
59,add,7,6,6,1,13,13
59,add,7,7,7,1,14,14
59,add,7,8,8,1,15,15
59,add,7,9,9,1,16,16
59,add,8,1,1,1,9,9
59,add,8,2,2,1,10,10
59,add,8,3,3,1,11,11
59,add,8,4,4,1,12,12
59,add,8,5,5,1,13,13
59,add,8,6,6,1,14,14
59,add,8,7,7,1,15,15
59,add,8,8,8,1,16,16
59,add,8,9,9,1,17,17
59,add,9,1,1,1,10,10
59,add,9,2,2,1,11,11
59,add,9,3,3,1,12,12
59,add,9,4,4,1,13,13
59,add,9,5,5,1,14,14
59,add,9,6,6,1,15,15
59,add,9,7,7,1,16,16
59,add,9,8,8,1,17,17
59,add,9,9,9,1,18,18
59,subtract,1,1,1,1,0,0
59,subtract,1,2,2,1,0,0
59,subtract,1,3,3,1,0,0
59,subtract,1,4,4,1,0,0
59,subtract,1,5,5,1,0,0
59,subtract,1,6,6,1,0,0
59,subtract,1,7,7,1,0,0
59,subtract,1,8,8,1,0,0
59,subtract,1,9,9,1,0,0
59,subtract,2,1,1,1,1,1
59,subtract,2,2,2,1,0,0
59,subtract,2,3,3,1,0,0
59,subtract,2,4,4,1,0,0
59,subtract,2,5,5,1,0,0
59,subtract,2,6,6,1,0,0
59,subtract,2,7,7,1,0,0
59,subtract,2,8,8,1,0,0
59,subtract,2,9,9,1,0,0
59,subtract,3,1,1,1,2,2
59,subtract,3,2,2,1,1,1
59,subtract,3,3,3,1,0,0
59,subtract,3,4,4,1,0,0
59,subtract,3,5,5,1,0,0
59,subtract,3,6,6,1,0,0
59,subtract,3,7,7,1,0,0
59,subtract,3,8,8,1,0,0
59,subtract,3,9,9,1,0,0
59,subtract,4,1,1,1,3,3
59,subtract,4,2,2,1,2,2
59,subtract,4,3,3,1,1,1
59,subtract,4,4,4,1,0,0
59,subtract,4,5,5,1,0,0
59,subtract,4,6,6,1,0,0
59,subtract,4,7,7,1,0,0
59,subtract,4,8,8,1,0,0
59,subtract,4,9,9,1,0,0
59,subtract,5,1,1,1,4,4
59,subtract,5,2,2,1,3,3
59,subtract,5,3,3,1,2,2
59,subtract,5,4,4,1,1,1
59,subtract,5,5,5,1,0,0
59,subtract,5,6,6,1,0,0
59,subtract,5,7,7,1,0,0
59,subtract,5,8,8,1,0,0
59,subtract,5,9,9,1,0,0
59,subtract,6,1,1,1,5,5
59,subtract,6,2,2,1,4,4
59,subtract,6,3,3,1,3,3
59,subtract,6,4,4,1,2,2
59,subtract,6,5,5,1,1,1
59,subtract,6,6,6,1,0,0
59,subtract,6,7,7,1,0,0
59,subtract,6,8,8,1,0,0
59,subtract,6,9,9,1,0,0
59,subtract,7,1,1,1,6,6
59,subtract,7,2,2,1,5,5
59,subtract,7,3,3,1,4,4
59,subtract,7,4,4,1,3,3
59,subtract,7,5,5,1,2,2
59,subtract,7,6,6,1,1,1
59,subtract,7,7,7,1,0,0
59,subtract,7,8,8,1,0,0
59,subtract,7,9,9,1,0,0
59,subtract,8,1,1,1,7,7
59,subtract,8,2,2,1,6,6
59,subtract,8,3,3,1,5,5
59,subtract,8,4,4,1,4,4
59,subtract,8,5,5,1,3,3
59,subtract,8,6,6,1,2,2
59,subtract,8,7,7,1,1,1
59,subtract,8,8,8,1,0,0
59,subtract,8,9,9,1,0,0
59,subtract,9,1,1,1,8,8
59,subtract,9,2,2,1,7,7
59,subtract,9,3,3,1,6,6
59,subtract,9,4,4,1,5,5
59,subtract,9,5,5,1,4,4
59,subtract,9,6,6,1,3,3
59,subtract,9,7,7,1,2,2
59,subtract,9,8,8,1,1,1
59,subtract,9,9,9,1,0,0
59,multiply,1,1,1,1,1,1
59,multiply,1,2,2,1,2,2
59,multiply,1,3,3,1,3,3
59,multiply,1,4,4,1,4,4
59,multiply,1,5,5,1,5,5
59,multiply,1,6,6,1,6,6
59,multiply,1,7,7,1,7,7
59,multiply,1,8,8,1,8,8
59,multiply,1,9,9,1,9,9
59,multiply,2,1,2,1,2,2
59,multiply,2,2,4,1,4,4
59,multiply,2,3,6,1,6,6
59,multiply,2,4,8,1,8,8
59,multiply,2,5,10,1,10,10
59,multiply,2,6,12,1,12,12
59,multiply,2,7,14,1,14,14
59,multiply,2,8,16,1,16,16
59,multiply,2,9,18,1,18,18
59,multiply,3,1,3,1,3,3
59,multiply,3,2,6,1,6,6
59,multiply,3,3,9,1,9,9
59,multiply,3,4,12,1,12,12
59,multiply,3,5,15,1,15,15
59,multiply,3,6,18,1,18,18
59,multiply,3,7,21,1,21,21
59,multiply,3,8,24,1,24,24
59,multiply,3,9,27,1,27,27
59,multiply,4,1,4,1,4,4
59,multiply,4,2,8,1,8,8
59,multiply,4,3,12,1,12,12
59,multiply,4,4,16,1,16,16
59,multiply,4,5,20,1,20,20
59,multiply,4,6,24,1,24,24
59,multiply,4,7,28,1,28,28
59,multiply,4,8,32,1,32,32
59,multiply,4,9,36,1,36,36
59,multiply,5,1,5,1,5,5
59,multiply,5,2,10,1,10,10
59,multiply,5,3,15,1,15,15
59,multiply,5,4,20,1,20,20
59,multiply,5,5,25,1,25,25
59,multiply,5,6,30,1,30,30
59,multiply,5,7,35,1,35,35
59,multiply,5,8,40,1,40,40
59,multiply,5,9,45,1,45,45
59,multiply,6,1,6,1,6,6
59,multiply,6,2,12,1,12,12
59,multiply,6,3,18,1,18,18
59,multiply,6,4,24,1,24,24
59,multiply,6,5,30,1,30,30
59,multiply,6,6,36,1,36,36
59,multiply,6,7,42,1,42,42
59,multiply,6,8,48,1,48,48
59,multiply,6,9,54,1,54,54
59,multiply,7,1,7,1,7,7
59,multiply,7,2,14,1,14,14
59,multiply,7,3,21,1,21,21
59,multiply,7,4,28,1,28,28
59,multiply,7,5,35,1,35,35
59,multiply,7,6,42,1,42,42
59,multiply,7,7,49,1,49,49
59,multiply,7,8,56,1,56,56
59,multiply,7,9,63,1,63,63
59,multiply,8,1,8,1,8,8
59,multiply,8,2,16,1,16,16
59,multiply,8,3,24,1,24,24
59,multiply,8,4,32,1,32,32
59,multiply,8,5,40,1,40,40
59,multiply,8,6,48,1,48,48
59,multiply,8,7,56,1,56,56
59,multiply,8,8,64,1,64,64
59,multiply,8,9,72,1,72,72
59,multiply,9,1,9,1,9,9
59,multiply,9,2,18,1,18,18
59,multiply,9,3,27,1,27,27
59,multiply,9,4,36,1,36,36
59,multiply,9,5,45,1,45,45
59,multiply,9,6,54,1,54,54
59,multiply,9,7,63,1,63,63
59,multiply,9,8,72,1,72,72
59,multiply,9,9,81,1,81,81
59,divide,1,1,1,1,1,1
59,divide,1,2,0,1,0,0
59,divide,1,3,0,1,0,0
59,divide,1,4,0,1,0,0
59,divide,1,5,0,1,0,0
59,divide,1,6,0,1,0,0
59,divide,1,7,0,1,0,0
59,divide,1,8,0,1,0,0
59,divide,1,9,0,1,0,0
59,divide,2,1,2,1,2,2
59,divide,2,2,2,1,1,1
59,divide,2,3,0,1,0,0
59,divide,2,4,0,1,0,0
59,divide,2,5,0,1,0,0
59,divide,2,6,0,1,0,0
59,divide,2,7,0,1,0,0
59,divide,2,8,0,1,0,0
59,divide,2,9,0,1,0,0
59,divide,3,1,3,1,3,3
59,divide,3,2,2,1,1,1
59,divide,3,3,3,1,1,1
59,divide,3,4,0,1,0,0
59,divide,3,5,0,1,0,0
59,divide,3,6,0,1,0,0
59,divide,3,7,0,1,0,0
59,divide,3,8,0,1,0,0
59,divide,3,9,0,1,0,0
59,divide,4,1,4,1,4,4
59,divide,4,2,4,1,2,2
59,divide,4,3,3,1,1,1
59,divide,4,4,4,1,1,1
59,divide,4,5,0,1,0,0
59,divide,4,6,0,1,0,0
59,divide,4,7,0,1,0,0
59,divide,4,8,0,1,0,0
59,divide,4,9,0,1,0,0
59,divide,5,1,5,1,5,5
59,divide,5,2,4,1,2,2
59,divide,5,3,3,1,1,1
59,divide,5,4,4,1,1,1
59,divide,5,5,5,1,1,1
59,divide,5,6,0,1,0,0
59,divide,5,7,0,1,0,0
59,divide,5,8,0,1,0,0
59,divide,5,9,0,1,0,0
59,divide,6,1,6,1,6,6
59,divide,6,2,6,1,3,3
59,divide,6,3,6,1,2,2
59,divide,6,4,4,1,1,1
59,divide,6,5,5,1,1,1
59,divide,6,6,6,1,1,1
59,divide,6,7,0,1,0,0
59,divide,6,8,0,1,0,0
59,divide,6,9,0,1,0,0
59,divide,7,1,7,1,7,7
59,divide,7,2,6,1,3,3
59,divide,7,3,6,1,2,2
59,divide,7,4,4,1,1,1
59,divide,7,5,5,1,1,1
59,divide,7,6,6,1,1,1
59,divide,7,7,7,1,1,1
59,divide,7,8,0,1,0,0
59,divide,7,9,0,1,0,0
59,divide,8,1,8,1,8,8
59,divide,8,2,8,1,4,4
59,divide,8,3,6,1,2,2
59,divide,8,4,8,1,2,2
59,divide,8,5,5,1,1,1
59,divide,8,6,6,1,1,1
59,divide,8,7,7,1,1,1
59,divide,8,8,8,1,1,1
59,divide,8,9,0,1,0,0
59,divide,9,1,9,1,9,9
59,divide,9,2,8,1,4,4
59,divide,9,3,9,1,3,3
59,divide,9,4,8,1,2,2
59,divide,9,5,5,1,1,1
59,divide,9,6,6,1,1,1
59,divide,9,7,7,1,1,1
59,divide,9,8,8,1,1,1
59,divide,9,9,9,1,1,1
68,add,1,1,1,1,2,2
68,add,1,2,2,1,3,3
68,add,1,3,3,1,4,4
68,add,1,4,4,1,5,5
68,add,1,5,5,1,6,6
68,add,1,6,6,1,7,7
68,add,1,7,7,1,8,8
68,add,1,8,8,1,9,9
68,add,1,9,9,1,10,10
68,add,2,1,1,1,3,3
68,add,2,2,2,1,4,4
68,add,2,3,3,1,5,5
68,add,2,4,4,1,6,6
68,add,2,5,5,1,7,7
68,add,2,6,6,1,8,8
68,add,2,7,7,1,9,9
68,add,2,8,8,1,10,10
68,add,2,9,9,1,11,11
68,add,3,1,1,1,4,4
68,add,3,2,2,1,5,5
68,add,3,3,3,1,6,6
68,add,3,4,4,1,7,7
68,add,3,5,5,1,8,8
68,add,3,6,6,1,9,9
68,add,3,7,7,1,10,10
68,add,3,8,8,1,11,11
68,add,3,9,9,1,12,12
68,add,4,1,1,1,5,5
68,add,4,2,2,1,6,6
68,add,4,3,3,1,7,7
68,add,4,4,4,1,8,8
68,add,4,5,5,1,9,9
68,add,4,6,6,1,10,10
68,add,4,7,7,1,11,11
68,add,4,8,8,1,12,12
68,add,4,9,9,1,13,13
68,add,5,1,1,1,6,6
68,add,5,2,2,1,7,7
68,add,5,3,3,1,8,8
68,add,5,4,4,1,9,9
68,add,5,5,5,1,10,10
68,add,5,6,6,1,11,11
68,add,5,7,7,1,12,12
68,add,5,8,8,1,13,13
68,add,5,9,9,1,14,14
68,add,6,1,1,1,7,7
68,add,6,2,2,1,8,8
68,add,6,3,3,1,9,9
68,add,6,4,4,1,10,10
68,add,6,5,5,1,11,11
68,add,6,6,6,1,12,12
68,add,6,7,7,1,13,13
68,add,6,8,8,1,14,14
68,add,6,9,9,1,15,15
68,add,7,1,1,1,8,8
68,add,7,2,2,1,9,9
68,add,7,3,3,1,10,10
68,add,7,4,4,1,11,11
68,add,7,5,5,1,12,12
68,add,7,6,6,1,13,13
68,add,7,7,7,1,14,14
68,add,7,8,8,1,15,15
68,add,7,9,9,1,16,16
68,add,8,1,1,1,9,9
68,add,8,2,2,1,10,10
68,add,8,3,3,1,11,11
68,add,8,4,4,1,12,12
68,add,8,5,5,1,13,13
68,add,8,6,6,1,14,14
68,add,8,7,7,1,15,15
68,add,8,8,8,1,16,16
68,add,8,9,9,1,17,17
68,add,9,1,1,1,10,10
68,add,9,2,2,1,11,11
68,add,9,3,3,1,12,12
68,add,9,4,4,1,13,13
68,add,9,5,5,1,14,14
68,add,9,6,6,1,15,15
68,add,9,7,7,1,16,16
68,add,9,8,8,1,17,17
68,add,9,9,9,1,18,18
68,subtract,1,1,1,1,0,0
68,subtract,1,2,2,1,0,0
68,subtract,1,3,3,1,0,0
68,subtract,1,4,4,1,0,0
68,subtract,1,5,5,1,0,0
68,subtract,1,6,6,1,0,0
68,subtract,1,7,7,1,0,0
68,subtract,1,8,8,1,0,0
68,subtract,1,9,9,1,0,0
68,subtract,2,1,1,1,1,1
68,subtract,2,2,2,1,0,0
68,subtract,2,3,3,1,0,0
68,subtract,2,4,4,1,0,0
68,subtract,2,5,5,1,0,0
68,subtract,2,6,6,1,0,0
68,subtract,2,7,7,1,0,0
68,subtract,2,8,8,1,0,0
68,subtract,2,9,9,1,0,0
68,subtract,3,1,1,1,2,2
68,subtract,3,2,2,1,1,1
68,subtract,3,3,3,1,0,0
68,subtract,3,4,4,1,0,0
68,subtract,3,5,5,1,0,0
68,subtract,3,6,6,1,0,0
68,subtract,3,7,7,1,0,0
68,subtract,3,8,8,1,0,0
68,subtract,3,9,9,1,0,0
68,subtract,4,1,1,1,3,3
68,subtract,4,2,2,1,2,2
68,subtract,4,3,3,1,1,1
68,subtract,4,4,4,1,0,0
68,subtract,4,5,5,1,0,0
68,subtract,4,6,6,1,0,0
68,subtract,4,7,7,1,0,0
68,subtract,4,8,8,1,0,0
68,subtract,4,9,9,1,0,0
68,subtract,5,1,1,1,4,4
68,subtract,5,2,2,1,3,3
68,subtract,5,3,3,1,2,2
68,subtract,5,4,4,1,1,1
68,subtract,5,5,5,1,0,0
68,subtract,5,6,6,1,0,0
68,subtract,5,7,7,1,0,0
68,subtract,5,8,8,1,0,0
68,subtract,5,9,9,1,0,0
68,subtract,6,1,1,1,5,5
68,subtract,6,2,2,1,4,4
68,subtract,6,3,3,1,3,3
68,subtract,6,4,4,1,2,2
68,subtract,6,5,5,1,1,1
68,subtract,6,6,6,1,0,0
68,subtract,6,7,7,1,0,0
68,subtract,6,8,8,1,0,0
68,subtract,6,9,9,1,0,0
68,subtract,7,1,1,1,6,6
68,subtract,7,2,2,1,5,5
68,subtract,7,3,3,1,4,4
68,subtract,7,4,4,1,3,3
68,subtract,7,5,5,1,2,2
68,subtract,7,6,6,1,1,1
68,subtract,7,7,7,1,0,0
68,subtract,7,8,8,1,0,0
68,subtract,7,9,9,1,0,0
68,subtract,8,1,1,1,7,7
68,subtract,8,2,2,1,6,6
68,subtract,8,3,3,1,5,5
68,subtract,8,4,4,1,4,4
68,subtract,8,5,5,1,3,3
68,subtract,8,6,6,1,2,2
68,subtract,8,7,7,1,1,1
68,subtract,8,8,8,1,0,0
68,subtract,8,9,9,1,0,0
68,subtract,9,1,1,1,8,8
68,subtract,9,2,2,1,7,7
68,subtract,9,3,3,1,6,6
68,subtract,9,4,4,1,5,5
68,subtract,9,5,5,1,4,4
68,subtract,9,6,6,1,3,3
68,subtract,9,7,7,1,2,2
68,subtract,9,8,8,1,1,1
68,subtract,9,9,9,1,0,0
68,multiply,1,1,1,1,1,1
68,multiply,1,2,2,1,2,2
68,multiply,1,3,3,1,3,3
68,multiply,1,4,4,1,4,4
68,multiply,1,5,5,1,5,5
68,multiply,1,6,6,1,6,6
68,multiply,1,7,7,1,7,7
68,multiply,1,8,8,1,8,8
68,multiply,1,9,9,1,9,9
68,multiply,2,1,2,1,2,2
68,multiply,2,2,4,1,4,4
68,multiply,2,3,6,1,6,6
68,multiply,2,4,8,1,8,8
68,multiply,2,5,10,1,10,10
68,multiply,2,6,12,1,12,12
68,multiply,2,7,14,1,14,14
68,multiply,2,8,16,1,16,16
68,multiply,2,9,18,1,18,18
68,multiply,3,1,3,1,3,3
68,multiply,3,2,6,1,6,6
68,multiply,3,3,9,1,9,9
68,multiply,3,4,12,1,12,12
68,multiply,3,5,15,1,15,15
68,multiply,3,6,18,1,18,18
68,multiply,3,7,21,1,21,21
68,multiply,3,8,24,1,24,24
68,multiply,3,9,27,1,27,27
68,multiply,4,1,4,1,4,4
68,multiply,4,2,8,1,8,8
68,multiply,4,3,12,1,12,12
68,multiply,4,4,16,1,16,16
68,multiply,4,5,20,1,20,20
68,multiply,4,6,24,1,24,24
68,multiply,4,7,28,1,28,28
68,multiply,4,8,32,1,32,32
68,multiply,4,9,36,1,36,36
68,multiply,5,1,5,1,5,5
68,multiply,5,2,10,1,10,10
68,multiply,5,3,15,1,15,15
68,multiply,5,4,20,1,20,20
68,multiply,5,5,25,1,25,25
68,multiply,5,6,30,1,30,30
68,multiply,5,7,35,1,35,35
68,multiply,5,8,40,1,40,40
68,multiply,5,9,45,1,45,45
68,multiply,6,1,6,1,6,6
68,multiply,6,2,12,1,12,12
68,multiply,6,3,18,1,18,18
68,multiply,6,4,24,1,24,24
68,multiply,6,5,30,1,30,30
68,multiply,6,6,36,1,36,36
68,multiply,6,7,42,1,42,42
68,multiply,6,8,48,1,48,48
68,multiply,6,9,54,1,54,54
68,multiply,7,1,7,1,7,7
68,multiply,7,2,14,1,14,14
68,multiply,7,3,21,1,21,21
68,multiply,7,4,28,1,28,28
68,multiply,7,5,35,1,35,35
68,multiply,7,6,42,1,42,42
68,multiply,7,7,49,1,49,49
68,multiply,7,8,56,1,56,56
68,multiply,7,9,63,1,63,63
68,multiply,8,1,8,1,8,8
68,multiply,8,2,16,1,16,16
68,multiply,8,3,24,1,24,24
68,multiply,8,4,32,1,32,32
68,multiply,8,5,40,1,40,40
68,multiply,8,6,48,1,48,48
68,multiply,8,7,56,1,56,56
68,multiply,8,8,64,1,64,64
68,multiply,8,9,72,1,72,72
68,multiply,9,1,9,1,9,9
68,multiply,9,2,18,1,18,18
68,multiply,9,3,27,1,27,27
68,multiply,9,4,36,1,36,36
68,multiply,9,5,45,1,45,45
68,multiply,9,6,54,1,54,54
68,multiply,9,7,63,1,63,63
68,multiply,9,8,72,1,72,72
68,multiply,9,9,81,1,81,81
68,divide,1,1,1,1,1,1
68,divide,1,2,0,1,0,0
68,divide,1,3,0,1,0,0
68,divide,1,4,0,1,0,0
68,divide,1,5,0,1,0,0
68,divide,1,6,0,1,0,0
68,divide,1,7,0,1,0,0
68,divide,1,8,0,1,0,0
68,divide,1,9,0,1,0,0
68,divide,2,1,2,1,2,2
68,divide,2,2,2,1,1,1
68,divide,2,3,0,1,0,0
68,divide,2,4,0,1,0,0
68,divide,2,5,0,1,0,0
68,divide,2,6,0,1,0,0
68,divide,2,7,0,1,0,0
68,divide,2,8,0,1,0,0
68,divide,2,9,0,1,0,0
68,divide,3,1,3,1,3,3
68,divide,3,2,2,1,1,1
68,divide,3,3,3,1,1,1
68,divide,3,4,0,1,0,0
68,divide,3,5,0,1,0,0
68,divide,3,6,0,1,0,0
68,divide,3,7,0,1,0,0
68,divide,3,8,0,1,0,0
68,divide,3,9,0,1,0,0
68,divide,4,1,4,1,4,4
68,divide,4,2,4,1,2,2
68,divide,4,3,3,1,1,1
68,divide,4,4,4,1,1,1
68,divide,4,5,0,1,0,0
68,divide,4,6,0,1,0,0
68,divide,4,7,0,1,0,0
68,divide,4,8,0,1,0,0
68,divide,4,9,0,1,0,0
68,divide,5,1,5,1,5,5
68,divide,5,2,4,1,2,2
68,divide,5,3,3,1,1,1
68,divide,5,4,4,1,1,1
68,divide,5,5,5,1,1,1
68,divide,5,6,0,1,0,0
68,divide,5,7,0,1,0,0
68,divide,5,8,0,1,0,0
68,divide,5,9,0,1,0,0
68,divide,6,1,6,1,6,6
68,divide,6,2,6,1,3,3
68,divide,6,3,6,1,2,2
68,divide,6,4,4,1,1,1
68,divide,6,5,5,1,1,1
68,divide,6,6,6,1,1,1
68,divide,6,7,0,1,0,0
68,divide,6,8,0,1,0,0
68,divide,6,9,0,1,0,0
68,divide,7,1,7,1,7,7
68,divide,7,2,6,1,3,3
68,divide,7,3,6,1,2,2
68,divide,7,4,4,1,1,1
68,divide,7,5,5,1,1,1
68,divide,7,6,6,1,1,1
68,divide,7,7,7,1,1,1
68,divide,7,8,0,1,0,0
68,divide,7,9,0,1,0,0
68,divide,8,1,8,1,8,8
68,divide,8,2,8,1,4,4
68,divide,8,3,6,1,2,2
68,divide,8,4,8,1,2,2
68,divide,8,5,5,1,1,1
68,divide,8,6,6,1,1,1
68,divide,8,7,7,1,1,1
68,divide,8,8,8,1,1,1
68,divide,8,9,0,1,0,0
68,divide,9,1,9,1,9,9
68,divide,9,2,8,1,4,4
68,divide,9,3,9,1,3,3
68,divide,9,4,8,1,2,2
68,divide,9,5,5,1,1,1
68,divide,9,6,6,1,1,1
68,divide,9,7,7,1,1,1
68,divide,9,8,8,1,1,1
68,divide,9,9,9,1,1,1
73,add,1,1,1,1,2,2
73,add,1,2,2,1,3,3
73,add,1,3,3,1,4,4
73,add,1,4,4,1,5,5
73,add,1,5,5,1,6,6
73,add,1,6,6,1,7,7
73,add,1,7,7,1,8,8
73,add,1,8,8,1,9,9
73,add,1,9,9,1,10,10
73,add,2,1,1,1,3,3
73,add,2,2,2,1,4,4
73,add,2,3,3,1,5,5
73,add,2,4,4,1,6,6
73,add,2,5,5,1,7,7
73,add,2,6,6,1,8,8
73,add,2,7,7,1,9,9
73,add,2,8,8,1,10,10
73,add,2,9,9,1,11,11
73,add,3,1,1,1,4,4
73,add,3,2,2,1,5,5
73,add,3,3,3,1,6,6
73,add,3,4,4,1,7,7
73,add,3,5,5,1,8,8
73,add,3,6,6,1,9,9
73,add,3,7,7,1,10,10
73,add,3,8,8,1,11,11
73,add,3,9,9,1,12,12
73,add,4,1,1,1,5,5
73,add,4,2,2,1,6,6
73,add,4,3,3,1,7,7
73,add,4,4,4,1,8,8
73,add,4,5,5,1,9,9
73,add,4,6,6,1,10,10
73,add,4,7,7,1,11,11
73,add,4,8,8,1,12,12
73,add,4,9,9,1,13,13
73,add,5,1,1,1,6,6
73,add,5,2,2,1,7,7
73,add,5,3,3,1,8,8
73,add,5,4,4,1,9,9
73,add,5,5,5,1,10,10
73,add,5,6,6,1,11,11
73,add,5,7,7,1,12,12
73,add,5,8,8,1,13,13
73,add,5,9,9,1,14,14
73,add,6,1,1,1,7,7
73,add,6,2,2,1,8,8
73,add,6,3,3,1,9,9
73,add,6,4,4,1,10,10
73,add,6,5,5,1,11,11
73,add,6,6,6,1,12,12
73,add,6,7,7,1,13,13
73,add,6,8,8,1,14,14
73,add,6,9,9,1,15,15
73,add,7,1,1,1,8,8
73,add,7,2,2,1,9,9
73,add,7,3,3,1,10,10
73,add,7,4,4,1,11,11
73,add,7,5,5,1,12,12
73,add,7,6,6,1,13,13
73,add,7,7,7,1,14,14
73,add,7,8,8,1,15,15
73,add,7,9,9,1,16,16
73,add,8,1,1,1,9,9
73,add,8,2,2,1,10,10
73,add,8,3,3,1,11,11
73,add,8,4,4,1,12,12
73,add,8,5,5,1,13,13
73,add,8,6,6,1,14,14
73,add,8,7,7,1,15,15
73,add,8,8,8,1,16,16
73,add,8,9,9,1,17,17
73,add,9,1,1,1,10,10
73,add,9,2,2,1,11,11
73,add,9,3,3,1,12,12
73,add,9,4,4,1,13,13
73,add,9,5,5,1,14,14
73,add,9,6,6,1,15,15
73,add,9,7,7,1,16,16
73,add,9,8,8,1,17,17
73,add,9,9,9,1,18,18
73,subtract,1,1,1,1,0,0
73,subtract,1,2,2,1,0,0
73,subtract,1,3,3,1,0,0
73,subtract,1,4,4,1,0,0
73,subtract,1,5,5,1,0,0
73,subtract,1,6,6,1,0,0
73,subtract,1,7,7,1,0,0
73,subtract,1,8,8,1,0,0
73,subtract,1,9,9,1,0,0
73,subtract,2,1,1,1,1,1
73,subtract,2,2,2,1,0,0
73,subtract,2,3,3,1,0,0
73,subtract,2,4,4,1,0,0
73,subtract,2,5,5,1,0,0
73,subtract,2,6,6,1,0,0
73,subtract,2,7,7,1,0,0
73,subtract,2,8,8,1,0,0
73,subtract,2,9,9,1,0,0
73,subtract,3,1,1,1,2,2
73,subtract,3,2,2,1,1,1
73,subtract,3,3,3,1,0,0
73,subtract,3,4,4,1,0,0
73,subtract,3,5,5,1,0,0
73,subtract,3,6,6,1,0,0
73,subtract,3,7,7,1,0,0
73,subtract,3,8,8,1,0,0
73,subtract,3,9,9,1,0,0
73,subtract,4,1,1,1,3,3
73,subtract,4,2,2,1,2,2
73,subtract,4,3,3,1,1,1
73,subtract,4,4,4,1,0,0
73,subtract,4,5,5,1,0,0
73,subtract,4,6,6,1,0,0
73,subtract,4,7,7,1,0,0
73,subtract,4,8,8,1,0,0
73,subtract,4,9,9,1,0,0
73,subtract,5,1,1,1,4,4
73,subtract,5,2,2,1,3,3
73,subtract,5,3,3,1,2,2
73,subtract,5,4,4,1,1,1
73,subtract,5,5,5,1,0,0
73,subtract,5,6,6,1,0,0
73,subtract,5,7,7,1,0,0
73,subtract,5,8,8,1,0,0
73,subtract,5,9,9,1,0,0
73,subtract,6,1,1,1,5,5
73,subtract,6,2,2,1,4,4
73,subtract,6,3,3,1,3,3
73,subtract,6,4,4,1,2,2
73,subtract,6,5,5,1,1,1
73,subtract,6,6,6,1,0,0
73,subtract,6,7,7,1,0,0
73,subtract,6,8,8,1,0,0
73,subtract,6,9,9,1,0,0
73,subtract,7,1,1,1,6,6
73,subtract,7,2,2,1,5,5
73,subtract,7,3,3,1,4,4
73,subtract,7,4,4,1,3,3
73,subtract,7,5,5,1,2,2
73,subtract,7,6,6,1,1,1
73,subtract,7,7,7,1,0,0
73,subtract,7,8,8,1,0,0
73,subtract,7,9,9,1,0,0
73,subtract,8,1,1,1,7,7
73,subtract,8,2,2,1,6,6
73,subtract,8,3,3,1,5,5
73,subtract,8,4,4,1,4,4
73,subtract,8,5,5,1,3,3
73,subtract,8,6,6,1,2,2
73,subtract,8,7,7,1,1,1
73,subtract,8,8,8,1,0,0
73,subtract,8,9,9,1,0,0
73,subtract,9,1,1,1,8,8
73,subtract,9,2,2,1,7,7
73,subtract,9,3,3,1,6,6
73,subtract,9,4,4,1,5,5
73,subtract,9,5,5,1,4,4
73,subtract,9,6,6,1,3,3
73,subtract,9,7,7,1,2,2
73,subtract,9,8,8,1,1,1
73,subtract,9,9,9,1,0,0
73,multiply,1,1,1,1,1,1
73,multiply,1,2,2,1,2,2
73,multiply,1,3,3,1,3,3
73,multiply,1,4,4,1,4,4
73,multiply,1,5,5,1,5,5
73,multiply,1,6,6,1,6,6
73,multiply,1,7,7,1,7,7
73,multiply,1,8,8,1,8,8
73,multiply,1,9,9,1,9,9
73,multiply,2,1,2,1,2,2
73,multiply,2,2,4,1,4,4
73,multiply,2,3,6,1,6,6
73,multiply,2,4,8,1,8,8
73,multiply,2,5,10,1,10,10
73,multiply,2,6,12,1,12,12
73,multiply,2,7,14,1,14,14
73,multiply,2,8,16,1,16,16
73,multiply,2,9,18,1,18,18
73,multiply,3,1,3,1,3,3
73,multiply,3,2,6,1,6,6
73,multiply,3,3,9,1,9,9
73,multiply,3,4,12,1,12,12
73,multiply,3,5,15,1,15,15
73,multiply,3,6,18,1,18,18
73,multiply,3,7,21,1,21,21
73,multiply,3,8,24,1,24,24
73,multiply,3,9,27,1,27,27
73,multiply,4,1,4,1,4,4
73,multiply,4,2,8,1,8,8
73,multiply,4,3,12,1,12,12
73,multiply,4,4,16,1,16,16
73,multiply,4,5,20,1,20,20
73,multiply,4,6,24,1,24,24
73,multiply,4,7,28,1,28,28
73,multiply,4,8,32,1,32,32
73,multiply,4,9,36,1,36,36
73,multiply,5,1,5,1,5,5
73,multiply,5,2,10,1,10,10
73,multiply,5,3,15,1,15,15
73,multiply,5,4,20,1,20,20
73,multiply,5,5,25,1,25,25
73,multiply,5,6,30,1,30,30
73,multiply,5,7,35,1,35,35
73,multiply,5,8,40,1,40,40
73,multiply,5,9,45,1,45,45
73,multiply,6,1,6,1,6,6
73,multiply,6,2,12,1,12,12
73,multiply,6,3,18,1,18,18
73,multiply,6,4,24,1,24,24
73,multiply,6,5,30,1,30,30
73,multiply,6,6,36,1,36,36
73,multiply,6,7,42,1,42,42
73,multiply,6,8,48,1,48,48
73,multiply,6,9,54,1,54,54
73,multiply,7,1,7,1,7,7
73,multiply,7,2,14,1,14,14
73,multiply,7,3,21,1,21,21
73,multiply,7,4,28,1,28,28
73,multiply,7,5,35,1,35,35
73,multiply,7,6,42,1,42,42
73,multiply,7,7,49,1,49,49
73,multiply,7,8,56,1,56,56
73,multiply,7,9,63,1,63,63
73,multiply,8,1,8,1,8,8
73,multiply,8,2,16,1,16,16
73,multiply,8,3,24,1,24,24
73,multiply,8,4,32,1,32,32
73,multiply,8,5,40,1,40,40
73,multiply,8,6,48,1,48,48
73,multiply,8,7,56,1,56,56
73,multiply,8,8,64,1,64,64
73,multiply,8,9,72,1,72,72
73,multiply,9,1,9,1,9,9
73,multiply,9,2,18,1,18,18
73,multiply,9,3,27,1,27,27
73,multiply,9,4,36,1,36,36
73,multiply,9,5,45,1,45,45
73,multiply,9,6,54,1,54,54
73,multiply,9,7,63,1,63,63
73,multiply,9,8,72,1,72,72
73,multiply,9,9,81,1,81,81
73,divide,1,1,1,1,1,1
73,divide,1,2,0,1,0,0
73,divide,1,3,0,1,0,0
73,divide,1,4,0,1,0,0
73,divide,1,5,0,1,0,0
73,divide,1,6,0,1,0,0
73,divide,1,7,0,1,0,0
73,divide,1,8,0,1,0,0
73,divide,1,9,0,1,0,0
73,divide,2,1,2,1,2,2
73,divide,2,2,2,1,1,1
73,divide,2,3,0,1,0,0
73,divide,2,4,0,1,0,0
73,divide,2,5,0,1,0,0
73,divide,2,6,0,1,0,0
73,divide,2,7,0,1,0,0
73,divide,2,8,0,1,0,0
73,divide,2,9,0,1,0,0
73,divide,3,1,3,1,3,3
73,divide,3,2,2,1,1,1
73,divide,3,3,3,1,1,1
73,divide,3,4,0,1,0,0
73,divide,3,5,0,1,0,0
73,divide,3,6,0,1,0,0
73,divide,3,7,0,1,0,0
73,divide,3,8,0,1,0,0
73,divide,3,9,0,1,0,0
73,divide,4,1,4,1,4,4
73,divide,4,2,4,1,2,2
73,divide,4,3,3,1,1,1
73,divide,4,4,4,1,1,1
73,divide,4,5,0,1,0,0
73,divide,4,6,0,1,0,0
73,divide,4,7,0,1,0,0
73,divide,4,8,0,1,0,0
73,divide,4,9,0,1,0,0
73,divide,5,1,5,1,5,5
73,divide,5,2,4,1,2,2
73,divide,5,3,3,1,1,1
73,divide,5,4,4,1,1,1
73,divide,5,5,5,1,1,1
73,divide,5,6,0,1,0,0
73,divide,5,7,0,1,0,0
73,divide,5,8,0,1,0,0
73,divide,5,9,0,1,0,0
73,divide,6,1,6,1,6,6
73,divide,6,2,6,1,3,3
73,divide,6,3,6,1,2,2
73,divide,6,4,4,1,1,1
73,divide,6,5,5,1,1,1
73,divide,6,6,6,1,1,1
73,divide,6,7,0,1,0,0
73,divide,6,8,0,1,0,0
73,divide,6,9,0,1,0,0
73,divide,7,1,7,1,7,7
73,divide,7,2,6,1,3,3
73,divide,7,3,6,1,2,2
73,divide,7,4,4,1,1,1
73,divide,7,5,5,1,1,1
73,divide,7,6,6,1,1,1
73,divide,7,7,7,1,1,1
73,divide,7,8,0,1,0,0
73,divide,7,9,0,1,0,0
73,divide,8,1,8,1,8,8
73,divide,8,2,8,1,4,4
73,divide,8,3,6,1,2,2
73,divide,8,4,8,1,2,2
73,divide,8,5,5,1,1,1
73,divide,8,6,6,1,1,1
73,divide,8,7,7,1,1,1
73,divide,8,8,8,1,1,1
73,divide,8,9,0,1,0,0
73,divide,9,1,9,1,9,9
73,divide,9,2,8,1,4,4
73,divide,9,3,9,1,3,3
73,divide,9,4,8,1,2,2
73,divide,9,5,5,1,1,1
73,divide,9,6,6,1,1,1
73,divide,9,7,7,1,1,1
73,divide,9,8,8,1,1,1
73,divide,9,9,9,1,1,1
78,add,1,1,1,1,2,2
78,add,1,2,2,1,3,3
78,add,1,3,3,1,4,4
78,add,1,4,4,1,5,5
78,add,1,5,5,1,6,6
78,add,1,6,6,1,7,7
78,add,1,7,7,1,8,8
78,add,1,8,8,1,9,9
78,add,1,9,9,1,10,10
78,add,2,1,1,1,3,3
78,add,2,2,2,1,4,4
78,add,2,3,3,1,5,5
78,add,2,4,4,1,6,6
78,add,2,5,5,1,7,7
78,add,2,6,6,1,8,8
78,add,2,7,7,1,9,9
78,add,2,8,8,1,10,10
78,add,2,9,9,1,11,11
78,add,3,1,1,1,4,4
78,add,3,2,2,1,5,5
78,add,3,3,3,1,6,6
78,add,3,4,4,1,7,7
78,add,3,5,5,1,8,8
78,add,3,6,6,1,9,9
78,add,3,7,7,1,10,10
78,add,3,8,8,1,11,11
78,add,3,9,9,1,12,12
78,add,4,1,1,1,5,5
78,add,4,2,2,1,6,6
78,add,4,3,3,1,7,7
78,add,4,4,4,1,8,8
78,add,4,5,5,1,9,9
78,add,4,6,6,1,10,10
78,add,4,7,7,1,11,11
78,add,4,8,8,1,12,12
78,add,4,9,9,1,13,13
78,add,5,1,1,1,6,6
78,add,5,2,2,1,7,7
78,add,5,3,3,1,8,8
78,add,5,4,4,1,9,9
78,add,5,5,5,1,10,10
78,add,5,6,6,1,11,11
78,add,5,7,7,1,12,12
78,add,5,8,8,1,13,13
78,add,5,9,9,1,14,14
78,add,6,1,1,1,7,7
78,add,6,2,2,1,8,8
78,add,6,3,3,1,9,9
78,add,6,4,4,1,10,10
78,add,6,5,5,1,11,11
78,add,6,6,6,1,12,12
78,add,6,7,7,1,13,13
78,add,6,8,8,1,14,14
78,add,6,9,9,1,15,15
78,add,7,1,1,1,8,8
78,add,7,2,2,1,9,9
78,add,7,3,3,1,10,10
78,add,7,4,4,1,11,11
78,add,7,5,5,1,12,12
78,add,7,6,6,1,13,13
78,add,7,7,7,1,14,14
78,add,7,8,8,1,15,15
78,add,7,9,9,1,16,16
78,add,8,1,1,1,9,9
78,add,8,2,2,1,10,10
78,add,8,3,3,1,11,11
78,add,8,4,4,1,12,12
78,add,8,5,5,1,13,13
78,add,8,6,6,1,14,14
78,add,8,7,7,1,15,15
78,add,8,8,8,1,16,16
78,add,8,9,9,1,17,17
78,add,9,1,1,1,10,10
78,add,9,2,2,1,11,11
78,add,9,3,3,1,12,12
78,add,9,4,4,1,13,13
78,add,9,5,5,1,14,14
78,add,9,6,6,1,15,15
78,add,9,7,7,1,16,16
78,add,9,8,8,1,17,17
78,add,9,9,9,1,18,18
78,subtract,1,1,1,1,0,0
78,subtract,1,2,2,1,0,0
78,subtract,1,3,3,1,0,0
78,subtract,1,4,4,1,0,0
78,subtract,1,5,5,1,0,0
78,subtract,1,6,6,1,0,0
78,subtract,1,7,7,1,0,0
78,subtract,1,8,8,1,0,0
78,subtract,1,9,9,1,0,0
78,subtract,2,1,1,1,1,1
78,subtract,2,2,2,1,0,0
78,subtract,2,3,3,1,0,0
78,subtract,2,4,4,1,0,0
78,subtract,2,5,5,1,0,0
78,subtract,2,6,6,1,0,0
78,subtract,2,7,7,1,0,0
78,subtract,2,8,8,1,0,0
78,subtract,2,9,9,1,0,0
78,subtract,3,1,1,1,2,2
78,subtract,3,2,2,1,1,1
78,subtract,3,3,3,1,0,0
78,subtract,3,4,4,1,0,0
78,subtract,3,5,5,1,0,0
78,subtract,3,6,6,1,0,0
78,subtract,3,7,7,1,0,0
78,subtract,3,8,8,1,0,0
78,subtract,3,9,9,1,0,0
78,subtract,4,1,1,1,3,3
78,subtract,4,2,2,1,2,2
78,subtract,4,3,3,1,1,1
78,subtract,4,4,4,1,0,0
78,subtract,4,5,5,1,0,0
78,subtract,4,6,6,1,0,0
78,subtract,4,7,7,1,0,0
78,subtract,4,8,8,1,0,0
78,subtract,4,9,9,1,0,0
78,subtract,5,1,1,1,4,4
78,subtract,5,2,2,1,3,3
78,subtract,5,3,3,1,2,2
78,subtract,5,4,4,1,1,1
78,subtract,5,5,5,1,0,0
78,subtract,5,6,6,1,0,0
78,subtract,5,7,7,1,0,0
78,subtract,5,8,8,1,0,0
78,subtract,5,9,9,1,0,0
78,subtract,6,1,1,1,5,5
78,subtract,6,2,2,1,4,4
78,subtract,6,3,3,1,3,3
78,subtract,6,4,4,1,2,2
78,subtract,6,5,5,1,1,1
78,subtract,6,6,6,1,0,0
78,subtract,6,7,7,1,0,0
78,subtract,6,8,8,1,0,0
78,subtract,6,9,9,1,0,0
78,subtract,7,1,1,1,6,6
78,subtract,7,2,2,1,5,5
78,subtract,7,3,3,1,4,4
78,subtract,7,4,4,1,3,3
78,subtract,7,5,5,1,2,2
78,subtract,7,6,6,1,1,1
78,subtract,7,7,7,1,0,0
78,subtract,7,8,8,1,0,0
78,subtract,7,9,9,1,0,0
78,subtract,8,1,1,1,7,7
78,subtract,8,2,2,1,6,6
78,subtract,8,3,3,1,5,5
78,subtract,8,4,4,1,4,4
78,subtract,8,5,5,1,3,3
78,subtract,8,6,6,1,2,2
78,subtract,8,7,7,1,1,1
78,subtract,8,8,8,1,0,0
78,subtract,8,9,9,1,0,0
78,subtract,9,1,1,1,8,8
78,subtract,9,2,2,1,7,7
78,subtract,9,3,3,1,6,6
78,subtract,9,4,4,1,5,5
78,subtract,9,5,5,1,4,4
78,subtract,9,6,6,1,3,3
78,subtract,9,7,7,1,2,2
78,subtract,9,8,8,1,1,1
78,subtract,9,9,9,1,0,0
78,multiply,1,1,1,1,1,1
78,multiply,1,2,2,1,2,2
78,multiply,1,3,3,1,3,3
78,multiply,1,4,4,1,4,4
78,multiply,1,5,5,1,5,5
78,multiply,1,6,6,1,6,6
78,multiply,1,7,7,1,7,7
78,multiply,1,8,8,1,8,8
78,multiply,1,9,9,1,9,9
78,multiply,2,1,2,1,2,2
78,multiply,2,2,4,1,4,4
78,multiply,2,3,6,1,6,6
78,multiply,2,4,8,1,8,8
78,multiply,2,5,10,1,10,10
78,multiply,2,6,12,1,12,12
78,multiply,2,7,14,1,14,14
78,multiply,2,8,16,1,16,16
78,multiply,2,9,18,1,18,18
78,multiply,3,1,3,1,3,3
78,multiply,3,2,6,1,6,6
78,multiply,3,3,9,1,9,9
78,multiply,3,4,12,1,12,12
78,multiply,3,5,15,1,15,15
78,multiply,3,6,18,1,18,18
78,multiply,3,7,21,1,21,21
78,multiply,3,8,24,1,24,24
78,multiply,3,9,27,1,27,27
78,multiply,4,1,4,1,4,4
78,multiply,4,2,8,1,8,8
78,multiply,4,3,12,1,12,12
78,multiply,4,4,16,1,16,16
78,multiply,4,5,20,1,20,20
78,multiply,4,6,24,1,24,24
78,multiply,4,7,28,1,28,28
78,multiply,4,8,32,1,32,32
78,multiply,4,9,36,1,36,36
78,multiply,5,1,5,1,5,5
78,multiply,5,2,10,1,10,10
78,multiply,5,3,15,1,15,15
78,multiply,5,4,20,1,20,20
78,multiply,5,5,25,1,25,25
78,multiply,5,6,30,1,30,30
78,multiply,5,7,35,1,35,35
78,multiply,5,8,40,1,40,40
78,multiply,5,9,45,1,45,45
78,multiply,6,1,6,1,6,6
78,multiply,6,2,12,1,12,12
78,multiply,6,3,18,1,18,18
78,multiply,6,4,24,1,24,24
78,multiply,6,5,30,1,30,30
78,multiply,6,6,36,1,36,36
78,multiply,6,7,42,1,42,42
78,multiply,6,8,48,1,48,48
78,multiply,6,9,54,1,54,54
78,multiply,7,1,7,1,7,7
78,multiply,7,2,14,1,14,14
78,multiply,7,3,21,1,21,21
78,multiply,7,4,28,1,28,28
78,multiply,7,5,35,1,35,35
78,multiply,7,6,42,1,42,42
78,multiply,7,7,49,1,49,49
78,multiply,7,8,56,1,56,56
78,multiply,7,9,63,1,63,63
78,multiply,8,1,8,1,8,8
78,multiply,8,2,16,1,16,16
78,multiply,8,3,24,1,24,24
78,multiply,8,4,32,1,32,32
78,multiply,8,5,40,1,40,40
78,multiply,8,6,48,1,48,48
78,multiply,8,7,56,1,56,56
78,multiply,8,8,64,1,64,64
78,multiply,8,9,72,1,72,72
78,multiply,9,1,9,1,9,9
78,multiply,9,2,18,1,18,18
78,multiply,9,3,27,1,27,27
78,multiply,9,4,36,1,36,36
78,multiply,9,5,45,1,45,45
78,multiply,9,6,54,1,54,54
78,multiply,9,7,63,1,63,63
78,multiply,9,8,72,1,72,72
78,multiply,9,9,81,1,81,81
78,divide,1,1,1,1,1,1
78,divide,1,2,0,1,0,0
78,divide,1,3,0,1,0,0
78,divide,1,4,0,1,0,0
78,divide,1,5,0,1,0,0
78,divide,1,6,0,1,0,0
78,divide,1,7,0,1,0,0
78,divide,1,8,0,1,0,0
78,divide,1,9,0,1,0,0
78,divide,2,1,2,1,2,2
78,divide,2,2,2,1,1,1
78,divide,2,3,0,1,0,0
78,divide,2,4,0,1,0,0
78,divide,2,5,0,1,0,0
78,divide,2,6,0,1,0,0
78,divide,2,7,0,1,0,0
78,divide,2,8,0,1,0,0
78,divide,2,9,0,1,0,0
78,divide,3,1,3,1,3,3
78,divide,3,2,2,1,1,1
78,divide,3,3,3,1,1,1
78,divide,3,4,0,1,0,0
78,divide,3,5,0,1,0,0
78,divide,3,6,0,1,0,0
78,divide,3,7,0,1,0,0
78,divide,3,8,0,1,0,0
78,divide,3,9,0,1,0,0
78,divide,4,1,4,1,4,4
78,divide,4,2,4,1,2,2
78,divide,4,3,3,1,1,1
78,divide,4,4,4,1,1,1
78,divide,4,5,0,1,0,0
78,divide,4,6,0,1,0,0
78,divide,4,7,0,1,0,0
78,divide,4,8,0,1,0,0
78,divide,4,9,0,1,0,0
78,divide,5,1,5,1,5,5
78,divide,5,2,4,1,2,2
78,divide,5,3,3,1,1,1
78,divide,5,4,4,1,1,1
78,divide,5,5,5,1,1,1
78,divide,5,6,0,1,0,0
78,divide,5,7,0,1,0,0
78,divide,5,8,0,1,0,0
78,divide,5,9,0,1,0,0
78,divide,6,1,6,1,6,6
78,divide,6,2,6,1,3,3
78,divide,6,3,6,1,2,2
78,divide,6,4,4,1,1,1
78,divide,6,5,5,1,1,1
78,divide,6,6,6,1,1,1
78,divide,6,7,0,1,0,0
78,divide,6,8,0,1,0,0
78,divide,6,9,0,1,0,0
78,divide,7,1,7,1,7,7
78,divide,7,2,6,1,3,3
78,divide,7,3,6,1,2,2
78,divide,7,4,4,1,1,1
78,divide,7,5,5,1,1,1
78,divide,7,6,6,1,1,1
78,divide,7,7,7,1,1,1
78,divide,7,8,0,1,0,0
78,divide,7,9,0,1,0,0
78,divide,8,1,8,1,8,8
78,divide,8,2,8,1,4,4
78,divide,8,3,6,1,2,2
78,divide,8,4,8,1,2,2
78,divide,8,5,5,1,1,1
78,divide,8,6,6,1,1,1
78,divide,8,7,7,1,1,1
78,divide,8,8,8,1,1,1
78,divide,8,9,0,1,0,0
78,divide,9,1,9,1,9,9
78,divide,9,2,8,1,4,4
78,divide,9,3,9,1,3,3
78,divide,9,4,8,1,2,2
78,divide,9,5,5,1,1,1
78,divide,9,6,6,1,1,1
78,divide,9,7,7,1,1,1
78,divide,9,8,8,1,1,1
78,divide,9,9,9,1,1,1
84,add,1,1,1,1,2,2
84,add,1,2,2,1,3,3
84,add,1,3,3,1,4,4
84,add,1,4,4,1,5,5
84,add,1,5,5,1,6,6
84,add,1,6,6,1,7,7
84,add,1,7,7,1,8,8
84,add,1,8,8,1,9,9
84,add,1,9,9,1,10,10
84,add,2,1,1,1,3,3
84,add,2,2,2,1,4,4
84,add,2,3,3,1,5,5
84,add,2,4,4,1,6,6
84,add,2,5,5,1,7,7
84,add,2,6,6,1,8,8
84,add,2,7,7,1,9,9
84,add,2,8,8,1,10,10
84,add,2,9,9,1,11,11
84,add,3,1,1,1,4,4
84,add,3,2,2,1,5,5
84,add,3,3,3,1,6,6
84,add,3,4,4,1,7,7
84,add,3,5,5,1,8,8
84,add,3,6,6,1,9,9
84,add,3,7,7,1,10,10
84,add,3,8,8,1,11,11
84,add,3,9,9,1,12,12
84,add,4,1,1,1,5,5
84,add,4,2,2,1,6,6
84,add,4,3,3,1,7,7
84,add,4,4,4,1,8,8
84,add,4,5,5,1,9,9
84,add,4,6,6,1,10,10
84,add,4,7,7,1,11,11
84,add,4,8,8,1,12,12
84,add,4,9,9,1,13,13
84,add,5,1,1,1,6,6
84,add,5,2,2,1,7,7
84,add,5,3,3,1,8,8
84,add,5,4,4,1,9,9
84,add,5,5,5,1,10,10
84,add,5,6,6,1,11,11
84,add,5,7,7,1,12,12
84,add,5,8,8,1,13,13
84,add,5,9,9,1,14,14
84,add,6,1,1,1,7,7
84,add,6,2,2,1,8,8
84,add,6,3,3,1,9,9
84,add,6,4,4,1,10,10
84,add,6,5,5,1,11,11
84,add,6,6,6,1,12,12
84,add,6,7,7,1,13,13
84,add,6,8,8,1,14,14
84,add,6,9,9,1,15,15
84,add,7,1,1,1,8,8
84,add,7,2,2,1,9,9
84,add,7,3,3,1,10,10
84,add,7,4,4,1,11,11
84,add,7,5,5,1,12,12
84,add,7,6,6,1,13,13
84,add,7,7,7,1,14,14
84,add,7,8,8,1,15,15
84,add,7,9,9,1,16,16
84,add,8,1,1,1,9,9
84,add,8,2,2,1,10,10
84,add,8,3,3,1,11,11
84,add,8,4,4,1,12,12
84,add,8,5,5,1,13,13
84,add,8,6,6,1,14,14
84,add,8,7,7,1,15,15
84,add,8,8,8,1,16,16
84,add,8,9,9,1,17,17
84,add,9,1,1,1,10,10
84,add,9,2,2,1,11,11
84,add,9,3,3,1,12,12
84,add,9,4,4,1,13,13
84,add,9,5,5,1,14,14
84,add,9,6,6,1,15,15
84,add,9,7,7,1,16,16
84,add,9,8,8,1,17,17
84,add,9,9,9,1,18,18
84,subtract,1,1,1,1,0,0
84,subtract,1,2,2,1,0,0
84,subtract,1,3,3,1,0,0
84,subtract,1,4,4,1,0,0
84,subtract,1,5,5,1,0,0
84,subtract,1,6,6,1,0,0
84,subtract,1,7,7,1,0,0
84,subtract,1,8,8,1,0,0
84,subtract,1,9,9,1,0,0
84,subtract,2,1,1,1,1,1
84,subtract,2,2,2,1,0,0
84,subtract,2,3,3,1,0,0
84,subtract,2,4,4,1,0,0
84,subtract,2,5,5,1,0,0
84,subtract,2,6,6,1,0,0
84,subtract,2,7,7,1,0,0
84,subtract,2,8,8,1,0,0
84,subtract,2,9,9,1,0,0
84,subtract,3,1,1,1,2,2
84,subtract,3,2,2,1,1,1
84,subtract,3,3,3,1,0,0
84,subtract,3,4,4,1,0,0
84,subtract,3,5,5,1,0,0
84,subtract,3,6,6,1,0,0
84,subtract,3,7,7,1,0,0
84,subtract,3,8,8,1,0,0
84,subtract,3,9,9,1,0,0
84,subtract,4,1,1,1,3,3
84,subtract,4,2,2,1,2,2
84,subtract,4,3,3,1,1,1
84,subtract,4,4,4,1,0,0
84,subtract,4,5,5,1,0,0
84,subtract,4,6,6,1,0,0
84,subtract,4,7,7,1,0,0
84,subtract,4,8,8,1,0,0
84,subtract,4,9,9,1,0,0
84,subtract,5,1,1,1,4,4
84,subtract,5,2,2,1,3,3
84,subtract,5,3,3,1,2,2
84,subtract,5,4,4,1,1,1
84,subtract,5,5,5,1,0,0
84,subtract,5,6,6,1,0,0
84,subtract,5,7,7,1,0,0
84,subtract,5,8,8,1,0,0
84,subtract,5,9,9,1,0,0
84,subtract,6,1,1,1,5,5
84,subtract,6,2,2,1,4,4
84,subtract,6,3,3,1,3,3
84,subtract,6,4,4,1,2,2
84,subtract,6,5,5,1,1,1
84,subtract,6,6,6,1,0,0
84,subtract,6,7,7,1,0,0
84,subtract,6,8,8,1,0,0
84,subtract,6,9,9,1,0,0
84,subtract,7,1,1,1,6,6
84,subtract,7,2,2,1,5,5
84,subtract,7,3,3,1,4,4
84,subtract,7,4,4,1,3,3
84,subtract,7,5,5,1,2,2
84,subtract,7,6,6,1,1,1
84,subtract,7,7,7,1,0,0
84,subtract,7,8,8,1,0,0
84,subtract,7,9,9,1,0,0
84,subtract,8,1,1,1,7,7
84,subtract,8,2,2,1,6,6
84,subtract,8,3,3,1,5,5
84,subtract,8,4,4,1,4,4
84,subtract,8,5,5,1,3,3
84,subtract,8,6,6,1,2,2
84,subtract,8,7,7,1,1,1
84,subtract,8,8,8,1,0,0
84,subtract,8,9,9,1,0,0
84,subtract,9,1,1,1,8,8
84,subtract,9,2,2,1,7,7
84,subtract,9,3,3,1,6,6
84,subtract,9,4,4,1,5,5
84,subtract,9,5,5,1,4,4
84,subtract,9,6,6,1,3,3
84,subtract,9,7,7,1,2,2
84,subtract,9,8,8,1,1,1
84,subtract,9,9,9,1,0,0
84,multiply,1,1,1,1,1,1
84,multiply,1,2,2,1,2,2
84,multiply,1,3,3,1,3,3
84,multiply,1,4,4,1,4,4
84,multiply,1,5,5,1,5,5
84,multiply,1,6,6,1,6,6
84,multiply,1,7,7,1,7,7
84,multiply,1,8,8,1,8,8
84,multiply,1,9,9,1,9,9
84,multiply,2,1,2,1,2,2
84,multiply,2,2,4,1,4,4
84,multiply,2,3,6,1,6,6
84,multiply,2,4,8,1,8,8
84,multiply,2,5,10,1,10,10
84,multiply,2,6,12,1,12,12
84,multiply,2,7,14,1,14,14
84,multiply,2,8,16,1,16,16
84,multiply,2,9,18,1,18,18
84,multiply,3,1,3,1,3,3
84,multiply,3,2,6,1,6,6
84,multiply,3,3,9,1,9,9
84,multiply,3,4,12,1,12,12
84,multiply,3,5,15,1,15,15
84,multiply,3,6,18,1,18,18
84,multiply,3,7,21,1,21,21
84,multiply,3,8,24,1,24,24
84,multiply,3,9,27,1,27,27
84,multiply,4,1,4,1,4,4
84,multiply,4,2,8,1,8,8
84,multiply,4,3,12,1,12,12
84,multiply,4,4,16,1,16,16
84,multiply,4,5,20,1,20,20
84,multiply,4,6,24,1,24,24
84,multiply,4,7,28,1,28,28
84,multiply,4,8,32,1,32,32
84,multiply,4,9,36,1,36,36
84,multiply,5,1,5,1,5,5
84,multiply,5,2,10,1,10,10
84,multiply,5,3,15,1,15,15
84,multiply,5,4,20,1,20,20
84,multiply,5,5,25,1,25,25
84,multiply,5,6,30,1,30,30
84,multiply,5,7,35,1,35,35
84,multiply,5,8,40,1,40,40
84,multiply,5,9,45,1,45,45
84,multiply,6,1,6,1,6,6
84,multiply,6,2,12,1,12,12
84,multiply,6,3,18,1,18,18
84,multiply,6,4,24,1,24,24
84,multiply,6,5,30,1,30,30
84,multiply,6,6,36,1,36,36
84,multiply,6,7,42,1,42,42
84,multiply,6,8,48,1,48,48
84,multiply,6,9,54,1,54,54
84,multiply,7,1,7,1,7,7
84,multiply,7,2,14,1,14,14
84,multiply,7,3,21,1,21,21
84,multiply,7,4,28,1,28,28
84,multiply,7,5,35,1,35,35
84,multiply,7,6,42,1,42,42
84,multiply,7,7,49,1,49,49
84,multiply,7,8,56,1,56,56
84,multiply,7,9,63,1,63,63
84,multiply,8,1,8,1,8,8
84,multiply,8,2,16,1,16,16
84,multiply,8,3,24,1,24,24
84,multiply,8,4,32,1,32,32
84,multiply,8,5,40,1,40,40
84,multiply,8,6,48,1,48,48
84,multiply,8,7,56,1,56,56
84,multiply,8,8,64,1,64,64
84,multiply,8,9,72,1,72,72
84,multiply,9,1,9,1,9,9
84,multiply,9,2,18,1,18,18
84,multiply,9,3,27,1,27,27
84,multiply,9,4,36,1,36,36
84,multiply,9,5,45,1,45,45
84,multiply,9,6,54,1,54,54
84,multiply,9,7,63,1,63,63
84,multiply,9,8,72,1,72,72
84,multiply,9,9,81,1,81,81
84,divide,1,1,1,1,1,1
84,divide,1,2,0,1,0,0
84,divide,1,3,0,1,0,0
84,divide,1,4,0,1,0,0
84,divide,1,5,0,1,0,0
84,divide,1,6,0,1,0,0
84,divide,1,7,0,1,0,0
84,divide,1,8,0,1,0,0
84,divide,1,9,0,1,0,0
84,divide,2,1,2,1,2,2
84,divide,2,2,2,1,1,1
84,divide,2,3,0,1,0,0
84,divide,2,4,0,1,0,0
84,divide,2,5,0,1,0,0
84,divide,2,6,0,1,0,0
84,divide,2,7,0,1,0,0
84,divide,2,8,0,1,0,0
84,divide,2,9,0,1,0,0
84,divide,3,1,3,1,3,3
84,divide,3,2,2,1,1,1
84,divide,3,3,3,1,1,1
84,divide,3,4,0,1,0,0
84,divide,3,5,0,1,0,0
84,divide,3,6,0,1,0,0
84,divide,3,7,0,1,0,0
84,divide,3,8,0,1,0,0
84,divide,3,9,0,1,0,0
84,divide,4,1,4,1,4,4
84,divide,4,2,4,1,2,2
84,divide,4,3,3,1,1,1
84,divide,4,4,4,1,1,1
84,divide,4,5,0,1,0,0
84,divide,4,6,0,1,0,0
84,divide,4,7,0,1,0,0
84,divide,4,8,0,1,0,0
84,divide,4,9,0,1,0,0
84,divide,5,1,5,1,5,5
84,divide,5,2,4,1,2,2
84,divide,5,3,3,1,1,1
84,divide,5,4,4,1,1,1
84,divide,5,5,5,1,1,1
84,divide,5,6,0,1,0,0
84,divide,5,7,0,1,0,0
84,divide,5,8,0,1,0,0
84,divide,5,9,0,1,0,0
84,divide,6,1,6,1,6,6
84,divide,6,2,6,1,3,3
84,divide,6,3,6,1,2,2
84,divide,6,4,4,1,1,1
84,divide,6,5,5,1,1,1
84,divide,6,6,6,1,1,1
84,divide,6,7,0,1,0,0
84,divide,6,8,0,1,0,0
84,divide,6,9,0,1,0,0
84,divide,7,1,7,1,7,7
84,divide,7,2,6,1,3,3
84,divide,7,3,6,1,2,2
84,divide,7,4,4,1,1,1
84,divide,7,5,5,1,1,1
84,divide,7,6,6,1,1,1
84,divide,7,7,7,1,1,1
84,divide,7,8,0,1,0,0
84,divide,7,9,0,1,0,0
84,divide,8,1,8,1,8,8
84,divide,8,2,8,1,4,4
84,divide,8,3,6,1,2,2
84,divide,8,4,8,1,2,2
84,divide,8,5,5,1,1,1
84,divide,8,6,6,1,1,1
84,divide,8,7,7,1,1,1
84,divide,8,8,8,1,1,1
84,divide,8,9,0,1,0,0
84,divide,9,1,9,1,9,9
84,divide,9,2,8,1,4,4
84,divide,9,3,9,1,3,3
84,divide,9,4,8,1,2,2
84,divide,9,5,5,1,1,1
84,divide,9,6,6,1,1,1
84,divide,9,7,7,1,1,1
84,divide,9,8,8,1,1,1
84,divide,9,9,9,1,1,1
94,add,1,1,1,1,2,2
94,add,1,2,2,1,3,3
94,add,1,3,3,1,4,4
94,add,1,4,4,1,5,5
94,add,1,5,5,1,6,6
94,add,1,6,6,1,7,7
94,add,1,7,7,1,8,8
94,add,1,8,8,1,9,9
94,add,1,9,9,1,10,10
94,add,2,1,1,1,3,3
94,add,2,2,2,1,4,4
94,add,2,3,3,1,5,5
94,add,2,4,4,1,6,6
94,add,2,5,5,1,7,7
94,add,2,6,6,1,8,8
94,add,2,7,7,1,9,9
94,add,2,8,8,1,10,10
94,add,2,9,9,1,11,11
94,add,3,1,1,1,4,4
94,add,3,2,2,1,5,5
94,add,3,3,3,1,6,6
94,add,3,4,4,1,7,7
94,add,3,5,5,1,8,8
94,add,3,6,6,1,9,9
94,add,3,7,7,1,10,10
94,add,3,8,8,1,11,11
94,add,3,9,9,1,12,12
94,add,4,1,1,1,5,5
94,add,4,2,2,1,6,6
94,add,4,3,3,1,7,7
94,add,4,4,4,1,8,8
94,add,4,5,5,1,9,9
94,add,4,6,6,1,10,10
94,add,4,7,7,1,11,11
94,add,4,8,8,1,12,12
94,add,4,9,9,1,13,13
94,add,5,1,1,1,6,6
94,add,5,2,2,1,7,7
94,add,5,3,3,1,8,8
94,add,5,4,4,1,9,9
94,add,5,5,5,1,10,10
94,add,5,6,6,1,11,11
94,add,5,7,7,1,12,12
94,add,5,8,8,1,13,13
94,add,5,9,9,1,14,14
94,add,6,1,1,1,7,7
94,add,6,2,2,1,8,8
94,add,6,3,3,1,9,9
94,add,6,4,4,1,10,10
94,add,6,5,5,1,11,11
94,add,6,6,6,1,12,12
94,add,6,7,7,1,13,13
94,add,6,8,8,1,14,14
94,add,6,9,9,1,15,15
94,add,7,1,1,1,8,8
94,add,7,2,2,1,9,9
94,add,7,3,3,1,10,10
94,add,7,4,4,1,11,11
94,add,7,5,5,1,12,12
94,add,7,6,6,1,13,13
94,add,7,7,7,1,14,14
94,add,7,8,8,1,15,15
94,add,7,9,9,1,16,16
94,add,8,1,1,1,9,9
94,add,8,2,2,1,10,10
94,add,8,3,3,1,11,11
94,add,8,4,4,1,12,12
94,add,8,5,5,1,13,13
94,add,8,6,6,1,14,14
94,add,8,7,7,1,15,15
94,add,8,8,8,1,16,16
94,add,8,9,9,1,17,17
94,add,9,1,1,1,10,10
94,add,9,2,2,1,11,11
94,add,9,3,3,1,12,12
94,add,9,4,4,1,13,13
94,add,9,5,5,1,14,14
94,add,9,6,6,1,15,15
94,add,9,7,7,1,16,16
94,add,9,8,8,1,17,17
94,add,9,9,9,1,18,18
94,subtract,1,1,1,1,0,0
94,subtract,1,2,2,1,0,0
94,subtract,1,3,3,1,0,0
94,subtract,1,4,4,1,0,0
94,subtract,1,5,5,1,0,0
94,subtract,1,6,6,1,0,0
94,subtract,1,7,7,1,0,0
94,subtract,1,8,8,1,0,0
94,subtract,1,9,9,1,0,0
94,subtract,2,1,1,1,1,1
94,subtract,2,2,2,1,0,0
94,subtract,2,3,3,1,0,0
94,subtract,2,4,4,1,0,0
94,subtract,2,5,5,1,0,0
94,subtract,2,6,6,1,0,0
94,subtract,2,7,7,1,0,0
94,subtract,2,8,8,1,0,0
94,subtract,2,9,9,1,0,0
94,subtract,3,1,1,1,2,2
94,subtract,3,2,2,1,1,1
94,subtract,3,3,3,1,0,0
94,subtract,3,4,4,1,0,0
94,subtract,3,5,5,1,0,0
94,subtract,3,6,6,1,0,0
94,subtract,3,7,7,1,0,0
94,subtract,3,8,8,1,0,0
94,subtract,3,9,9,1,0,0
94,subtract,4,1,1,1,3,3
94,subtract,4,2,2,1,2,2
94,subtract,4,3,3,1,1,1
94,subtract,4,4,4,1,0,0
94,subtract,4,5,5,1,0,0
94,subtract,4,6,6,1,0,0
94,subtract,4,7,7,1,0,0
94,subtract,4,8,8,1,0,0
94,subtract,4,9,9,1,0,0
94,subtract,5,1,1,1,4,4
94,subtract,5,2,2,1,3,3
94,subtract,5,3,3,1,2,2
94,subtract,5,4,4,1,1,1
94,subtract,5,5,5,1,0,0
94,subtract,5,6,6,1,0,0
94,subtract,5,7,7,1,0,0
94,subtract,5,8,8,1,0,0
94,subtract,5,9,9,1,0,0
94,subtract,6,1,1,1,5,5
94,subtract,6,2,2,1,4,4
94,subtract,6,3,3,1,3,3
94,subtract,6,4,4,1,2,2
94,subtract,6,5,5,1,1,1
94,subtract,6,6,6,1,0,0
94,subtract,6,7,7,1,0,0
94,subtract,6,8,8,1,0,0
94,subtract,6,9,9,1,0,0
94,subtract,7,1,1,1,6,6
94,subtract,7,2,2,1,5,5
94,subtract,7,3,3,1,4,4
94,subtract,7,4,4,1,3,3
94,subtract,7,5,5,1,2,2
94,subtract,7,6,6,1,1,1
94,subtract,7,7,7,1,0,0
94,subtract,7,8,8,1,0,0
94,subtract,7,9,9,1,0,0
94,subtract,8,1,1,1,7,7
94,subtract,8,2,2,1,6,6
94,subtract,8,3,3,1,5,5
94,subtract,8,4,4,1,4,4
94,subtract,8,5,5,1,3,3
94,subtract,8,6,6,1,2,2
94,subtract,8,7,7,1,1,1
94,subtract,8,8,8,1,0,0
94,subtract,8,9,9,1,0,0
94,subtract,9,1,1,1,8,8
94,subtract,9,2,2,1,7,7
94,subtract,9,3,3,1,6,6
94,subtract,9,4,4,1,5,5
94,subtract,9,5,5,1,4,4
94,subtract,9,6,6,1,3,3
94,subtract,9,7,7,1,2,2
94,subtract,9,8,8,1,1,1
94,subtract,9,9,9,1,0,0
94,multiply,1,1,1,1,1,1
94,multiply,1,2,2,1,2,2
94,multiply,1,3,3,1,3,3
94,multiply,1,4,4,1,4,4
94,multiply,1,5,5,1,5,5
94,multiply,1,6,6,1,6,6
94,multiply,1,7,7,1,7,7
94,multiply,1,8,8,1,8,8
94,multiply,1,9,9,1,9,9
94,multiply,2,1,2,1,2,2
94,multiply,2,2,4,1,4,4
94,multiply,2,3,6,1,6,6
94,multiply,2,4,8,1,8,8
94,multiply,2,5,10,1,10,10
94,multiply,2,6,12,1,12,12
94,multiply,2,7,14,1,14,14
94,multiply,2,8,16,1,16,16
94,multiply,2,9,18,1,18,18
94,multiply,3,1,3,1,3,3
94,multiply,3,2,6,1,6,6
94,multiply,3,3,9,1,9,9
94,multiply,3,4,12,1,12,12
94,multiply,3,5,15,1,15,15
94,multiply,3,6,18,1,18,18
94,multiply,3,7,21,1,21,21
94,multiply,3,8,24,1,24,24
94,multiply,3,9,27,1,27,27
94,multiply,4,1,4,1,4,4
94,multiply,4,2,8,1,8,8
94,multiply,4,3,12,1,12,12
94,multiply,4,4,16,1,16,16
94,multiply,4,5,20,1,20,20
94,multiply,4,6,24,1,24,24
94,multiply,4,7,28,1,28,28
94,multiply,4,8,32,1,32,32
94,multiply,4,9,36,1,36,36
94,multiply,5,1,5,1,5,5
94,multiply,5,2,10,1,10,10
94,multiply,5,3,15,1,15,15
94,multiply,5,4,20,1,20,20
94,multiply,5,5,25,1,25,25
94,multiply,5,6,30,1,30,30
94,multiply,5,7,35,1,35,35
94,multiply,5,8,40,1,40,40
94,multiply,5,9,45,1,45,45
94,multiply,6,1,6,1,6,6
94,multiply,6,2,12,1,12,12
94,multiply,6,3,18,1,18,18
94,multiply,6,4,24,1,24,24
94,multiply,6,5,30,1,30,30
94,multiply,6,6,36,1,36,36
94,multiply,6,7,42,1,42,42
94,multiply,6,8,48,1,48,48
94,multiply,6,9,54,1,54,54
94,multiply,7,1,7,1,7,7
94,multiply,7,2,14,1,14,14
94,multiply,7,3,21,1,21,21
94,multiply,7,4,28,1,28,28
94,multiply,7,5,35,1,35,35
94,multiply,7,6,42,1,42,42
94,multiply,7,7,49,1,49,49
94,multiply,7,8,56,1,56,56
94,multiply,7,9,63,1,63,63
94,multiply,8,1,8,1,8,8
94,multiply,8,2,16,1,16,16
94,multiply,8,3,24,1,24,24
94,multiply,8,4,32,1,32,32
94,multiply,8,5,40,1,40,40
94,multiply,8,6,48,1,48,48
94,multiply,8,7,56,1,56,56
94,multiply,8,8,64,1,64,64
94,multiply,8,9,72,1,72,72
94,multiply,9,1,9,1,9,9
94,multiply,9,2,18,1,18,18
94,multiply,9,3,27,1,27,27
94,multiply,9,4,36,1,36,36
94,multiply,9,5,45,1,45,45
94,multiply,9,6,54,1,54,54
94,multiply,9,7,63,1,63,63
94,multiply,9,8,72,1,72,72
94,multiply,9,9,81,1,81,81
94,divide,1,1,1,1,1,1
94,divide,1,2,0,1,0,0
94,divide,1,3,0,1,0,0
94,divide,1,4,0,1,0,0
94,divide,1,5,0,1,0,0
94,divide,1,6,0,1,0,0
94,divide,1,7,0,1,0,0
94,divide,1,8,0,1,0,0
94,divide,1,9,0,1,0,0
94,divide,2,1,2,1,2,2
94,divide,2,2,2,1,1,1
94,divide,2,3,0,1,0,0
94,divide,2,4,0,1,0,0
94,divide,2,5,0,1,0,0
94,divide,2,6,0,1,0,0
94,divide,2,7,0,1,0,0
94,divide,2,8,0,1,0,0
94,divide,2,9,0,1,0,0
94,divide,3,1,3,1,3,3
94,divide,3,2,2,1,1,1
94,divide,3,3,3,1,1,1
94,divide,3,4,0,1,0,0
94,divide,3,5,0,1,0,0
94,divide,3,6,0,1,0,0
94,divide,3,7,0,1,0,0
94,divide,3,8,0,1,0,0
94,divide,3,9,0,1,0,0
94,divide,4,1,4,1,4,4
94,divide,4,2,4,1,2,2
94,divide,4,3,3,1,1,1
94,divide,4,4,4,1,1,1
94,divide,4,5,0,1,0,0
94,divide,4,6,0,1,0,0
94,divide,4,7,0,1,0,0
94,divide,4,8,0,1,0,0
94,divide,4,9,0,1,0,0
94,divide,5,1,5,1,5,5
94,divide,5,2,4,1,2,2
94,divide,5,3,3,1,1,1
94,divide,5,4,4,1,1,1
94,divide,5,5,5,1,1,1
94,divide,5,6,0,1,0,0
94,divide,5,7,0,1,0,0
94,divide,5,8,0,1,0,0
94,divide,5,9,0,1,0,0
94,divide,6,1,6,1,6,6
94,divide,6,2,6,1,3,3
94,divide,6,3,6,1,2,2
94,divide,6,4,4,1,1,1
94,divide,6,5,5,1,1,1
94,divide,6,6,6,1,1,1
94,divide,6,7,0,1,0,0
94,divide,6,8,0,1,0,0
94,divide,6,9,0,1,0,0
94,divide,7,1,7,1,7,7
94,divide,7,2,6,1,3,3
94,divide,7,3,6,1,2,2
94,divide,7,4,4,1,1,1
94,divide,7,5,5,1,1,1
94,divide,7,6,6,1,1,1
94,divide,7,7,7,1,1,1
94,divide,7,8,0,1,0,0
94,divide,7,9,0,1,0,0
94,divide,8,1,8,1,8,8
94,divide,8,2,8,1,4,4
94,divide,8,3,6,1,2,2
94,divide,8,4,8,1,2,2
94,divide,8,5,5,1,1,1
94,divide,8,6,6,1,1,1
94,divide,8,7,7,1,1,1
94,divide,8,8,8,1,1,1
94,divide,8,9,0,1,0,0
94,divide,9,1,9,1,9,9
94,divide,9,2,8,1,4,4
94,divide,9,3,9,1,3,3
94,divide,9,4,8,1,2,2
94,divide,9,5,5,1,1,1
94,divide,9,6,6,1,1,1
94,divide,9,7,7,1,1,1
94,divide,9,8,8,1,1,1
94,divide,9,9,9,1,1,1
