seed,n,op,wrong,sim
0,0,+,0,0.8539125638299666
0,0,-,0,0.8539125638299666
0,1,+,0,0.8888888888888888
0,1,-,0,0.8999999999999998
0,2,+,0,0.8888888888888888
0,2,-,0,0.8999999999999998
0,3,+,0,0.8695819912499182
0,3,-,0,0.8624999999999998
0,4,+,0,0.8874999999999998
0,4,-,0,0.8874999999999998
0,5,+,0,0.9249999999999998
0,5,-,0,0.9249999999999998
0,6,+,0,0.9249999999999998
0,6,-,0,0.9249999999999998
0,7,+,0,0.8999999999999998
0,7,-,0,0.8999999999999998
0,8,+,0,0.9499999999999998
0,8,-,0,0.9374999999999999
0,9,+,0,0.9499999999999998
0,9,-,0,0.9374999999999999
0,10,+,0,0.8323141916249217
0,10,-,0,0.8323141916249217
0,11,+,0,0.8944271909999159
0,11,-,0,0.8749999999999999
0,12,+,0,0.8944271909999159
0,12,-,0,0.9124999999999999
0,13,+,0,0.8874999999999998
0,13,-,0,0.9124999999999999
0,14,+,0,0.8795180722891566
0,14,-,0,0.8874999999999998
0,15,+,0,0.8969861706961915
0,15,-,0,0.880093150461002
0,16,+,0,0.9013032569427504
0,16,-,0,0.9124999999999999
0,17,+,0,0.9249999999999998
0,17,-,0,0.9249999999999998
0,18,+,0,0.9249999999999998
0,18,-,0,0.9249999999999998
0,19,+,0,0.9249999999999998
0,19,-,0,0.8999999999999998
0,20,+,0,0.9249999999999998
0,20,-,0,0.8999999999999998
0,21,+,0,0.8999999999999998
0,21,-,0,0.8999999999999998
0,22,+,0,0.8999999999999998
0,22,-,0,0.8999999999999998
0,23,+,0,0.8999999999999998
0,23,-,0,0.8999999999999998
0,24,+,0,0.8874999999999998
0,24,-,0,0.8999999999999998
0,25,+,0,0.8874999999999998
0,25,-,0,0.8999999999999998
0,26,+,0,0.9124999999999999
0,26,-,0,0.9249999999999998
0,27,+,0,0.9689627902499088
0,27,-,0,0.9813853901249077
0,28,+,0,0.9689627902499088
0,28,-,0,0.9813853901249077
0,29,+,0,0.9192723907499135
0,29,-,0,0.8944271909999159
0,30,+,0,0.8624999999999998
0,30,-,0,0.8624999999999998
0,31,+,0,0.8695819912499182
0,31,-,0,0.8695819912499182
0,32,+,0,0.9634862821317264
0,32,-,0,0.9643540524534261
0,33,+,0,0.9634862821317264
0,33,-,0,0.9643540524534261
0,34,+,0,0.8590412139291779
0,34,-,0,0.861001468878982
0,35,+,0,0.8374999999999998
0,35,-,0,0.8374999999999998
0,36,+,0,0.9249999999999998
0,36,-,0,0.9136498769008702
0,37,+,0,0.9249999999999998
0,37,-,0,0.9136498769008702
0,38,+,0,0.8889566369846305
0,38,-,0,0.8783100656536799
0,39,+,0,0.8499999999999999
0,39,-,0,0.8499999999999999
0,40,+,0,0.9499999999999998
0,40,-,0,0.9499999999999998
0,41,+,0,0.9499999999999998
0,41,-,0,0.9499999999999998
0,42,+,0,0.9136498769008702
0,42,-,0,0.9124999999999999
0,43,+,0,0.9874999999999998
0,43,-,0,0.9874999999999998
0,44,+,0,0.9874999999999998
0,44,-,0,0.9874999999999998
0,45,+,0,0.9249999999999998
0,45,-,0,0.9249999999999998
0,46,+,0,0.8695819912499182
0,46,-,0,0.8695819912499182
0,47,+,0,0.8624999999999998
0,47,-,0,0.8624999999999998
0,48,+,0,0.8499999999999999
0,48,-,0,0.8499999999999999
0,49,+,0,0.8874999999999998
0,49,-,0,0.8874999999999998
0,50,+,0,0.8874999999999998
0,50,-,0,0.8874999999999998
0,51,+,0,0.8249999999999998
0,51,-,0,0.8249999999999998
0,52,+,0,0.8499999999999999
0,52,-,0,0.8374999999999998
0,53,+,0,0.9249999999999998
0,53,-,0,0.9374999999999999
0,54,+,0,0.9249999999999998
0,54,-,0,0.9374999999999999
0,55,+,0,0.9124999999999999
0,55,-,0,0.9124999999999999
0,56,+,0,0.8374999999999998
0,56,-,0,0.8499999999999999
0,57,+,0,0.8624999999999998
0,57,-,0,0.8624999999999998
0,58,+,0,0.9249999999999998
0,58,-,0,0.9124999999999999
0,59,+,0,0.9749999999999999
0,59,-,0,0.9624999999999998
0,60,+,0,0.9749999999999999
0,60,-,0,0.9624999999999998
0,61,+,0,0.8499999999999999
0,61,-,0,0.8624999999999998
0,62,+,0,0.8499999999999999
0,62,-,0,0.8499999999999999
0,63,+,0,0.8749999999999999
0,63,-,0,0.8624999999999998
0,64,+,0,0.9124999999999999
0,64,-,0,0.9499999999999998
0,65,+,0,0.9124999999999999
0,65,-,0,0.9499999999999998
0,66,+,0,0.9124999999999999
0,66,-,0,0.9124999999999999
0,67,+,0,0.9124999999999999
0,67,-,0,0.9124999999999999
0,68,+,0,0.8499999999999999
0,68,-,0,0.8499999999999999
0,69,+,0,0.9124999999999999
0,69,-,0,0.9374999999999999
0,70,+,0,0.9374999999999999
0,70,-,0,0.9374999999999999
0,71,+,0,0.9374999999999999
0,71,-,0,0.9374999999999999
0,72,+,0,0.9374999999999999
0,72,-,0,0.9374999999999999
0,73,+,0,0.8874999999999998
0,73,-,0,0.8874999999999998
0,74,+,0,0.8499999999999999
0,74,-,0,0.8374999999999998
0,75,+,0,0.8374999999999998
0,75,-,0,0.8374999999999998
0,76,+,0,0.8870071077479605
0,76,-,0,0.9249999999999998
0,77,+,0,0.9535528383634794
0,77,-,0,0.9249999999999998
0,78,+,0,0.9535528383634794
0,78,-,0,0.8989936902850951
0,79,+,0,0.9499999999999998
0,79,-,0,0.9441175904999112
0,80,+,0,0.9874999999999998
0,80,-,0,0.9813853901249077
0,81,+,0,0.9874999999999998
0,81,-,0,0.9813853901249077
1,0,+,0,0.9874999999999998
1,0,-,0,0.9644856443408241
1,1,+,0,0.9874999999999998
1,1,-,0,0.9644856443408241
1,2,+,0,0.9701425001453319
1,2,-,0,0.9249999999999998
1,3,+,0,0.8731282501307986
1,3,-,0,0.9249999999999998
1,4,+,0,0.8695819912499182
1,4,-,0,0.9383431168171099
1,5,+,0,0.9749999999999999
1,5,-,0,0.9880235200593538
1,6,+,0,0.9749999999999999
1,6,-,0,0.9880235200593538
1,7,+,0,0.8624999999999998
1,7,-,0,0.8661113147418232
1,8,+,0,0.8624999999999998
1,8,-,0,0.8374999999999998
1,9,+,0,0.9124999999999999
1,9,-,0,0.8642633970683907
1,10,+,0,0.9124999999999999
1,10,-,0,0.8642633970683907
1,11,+,0,0.8695819912499182
1,11,-,0,0.8999999999999998
1,12,+,0,0.8944271909999159
1,12,-,0,0.9326733179802502
1,13,+,0,0.8944271909999159
1,13,-,0,0.9326733179802502
1,14,+,0,0.8749999999999999
1,14,-,0,0.895857265954714
1,15,+,0,0.8374999999999998
1,15,-,0,0.7826237921249264
1,16,+,0,0.8835852486128687
1,16,-,0,0.9136498769008702
1,17,+,0,0.8835852486128687
1,17,-,0,0.9136498769008702
1,18,+,0,0.9316949906249123
1,18,-,0,0.9013032569427504
1,19,+,0,0.9316949906249123
1,19,-,0,0.9819805060619657
1,20,+,0,0.9624999999999998
1,20,-,0,0.9819805060619657
1,21,+,0,0.9624999999999998
1,21,-,0,0.9689627902499088
1,22,+,0,0.8999999999999998
1,22,-,0,0.8641975308641975
1,23,+,0,0.8374999999999998
1,23,-,0,0.8641975308641975
1,24,+,0,0.8124999999999999
1,24,-,0,0.8124999999999999
1,25,+,0,0.9249999999999998
1,25,-,0,0.8571593913749194
1,26,+,0,0.9499999999999998
1,26,-,0,0.9441175904999112
1,27,+,0,0.9499999999999998
1,27,-,0,0.9499999999999998
1,28,+,0,0.9374999999999999
1,28,-,0,0.9499999999999998
1,29,+,0,0.9374999999999999
1,29,-,0,0.9374999999999999
1,30,+,0,0.9249999999999998
1,30,-,0,0.9124999999999999
1,31,+,0,0.8124999999999999
1,31,-,0,0.8499999999999999
1,32,+,0,0.9249999999999998
1,32,-,0,0.8374999999999998
1,33,+,0,0.9249999999999998
1,33,-,0,0.9249999999999998
1,34,+,0,0.9124999999999999
1,34,-,0,0.9249999999999998
1,35,+,0,0.9124999999999999
1,35,-,0,0.8874999999999998
1,36,+,0,0.8999999999999998
1,36,-,0,0.8749999999999999
1,37,+,0,0.8999999999999998
1,37,-,0,0.8499999999999999
1,38,+,0,0.882004591124917
1,38,-,0,0.8447367914999205
1,39,+,0,0.9249999999999998
1,39,-,0,0.8874999999999998
1,40,+,0,0.9249999999999998
1,40,-,0,0.9249999999999998
1,41,+,0,0.9249999999999998
1,41,-,0,0.9249999999999998
1,42,+,0,0.8374999999999998
1,42,-,0,0.8374999999999998
1,43,+,0,0.8874999999999998
1,43,-,0,0.8874999999999998
1,44,+,0,0.8874999999999998
1,44,-,0,0.8874999999999998
1,45,+,0,0.9374999999999999
1,45,-,0,0.9259259259259259
1,46,+,0,0.9624999999999998
1,46,-,0,0.9629629629629629
1,47,+,0,0.9624999999999998
1,47,-,0,0.9629629629629629
1,48,+,0,0.8749999999999999
1,48,-,0,0.7702011922499276
1,49,+,0,0.8749999999999999
1,49,-,0,0.9249999999999998
1,50,+,0,0.8999999999999998
1,50,-,0,0.9249999999999998
1,51,+,0,0.8999999999999998
1,51,-,0,0.8749999999999999
1,52,+,0,0.8695819912499182
1,52,-,0,0.8624999999999998
1,53,+,0,0.9374999999999999
1,53,-,0,0.9124999999999999
1,54,+,0,0.9624999999999998
1,54,-,0,0.9374999999999999
1,55,+,0,0.9624999999999998
1,55,-,0,0.9374999999999999
1,56,+,0,0.9383431168171099
1,56,-,0,0.9068497908749147
1,57,+,0,0.9383431168171099
1,57,-,0,0.8447367914999205
1,58,+,0,0.861001468878982
1,58,-,0,0.8749999999999999
1,59,+,0,0.9048260245242022
1,59,-,0,0.882004591124917
1,60,+,0,0.9048260245242022
1,60,-,0,0.882004591124917
1,61,+,0,0.8835852486128687
1,61,-,0,0.882004591124917
1,62,+,0,0.7749999999999999
1,62,-,0,0.8249999999999998
1,63,+,0,0.8249999999999998
1,63,-,0,0.8374999999999998
1,64,+,1,0.9999999999999998
1,64,-,0,0.9624999999999998
1,65,+,0,0.9999999999999998
1,65,-,0,0.9624999999999998
1,66,+,0,0.9249999999999998
1,66,-,0,0.9499999999999998
1,67,+,0,0.8249999999999998
1,67,-,0,0.7999999999999998
1,68,+,0,0.7999999999999998
1,68,-,0,0.7874999999999999
1,69,+,0,0.8874999999999998
1,69,-,0,0.9249999999999998
1,70,+,0,0.9124999999999999
1,70,-,0,0.9249999999999998
1,71,+,0,0.9124999999999999
1,71,-,0,0.8374999999999998
1,72,+,0,0.8571593913749194
1,72,-,0,0.9374999999999999
1,73,+,0,0.8571593913749194
1,73,-,0,0.9374999999999999
1,74,+,0,0.807468991874924
1,74,-,0,0.8499999999999999
1,75,+,0,0.8374999999999998
1,75,-,0,0.8624999999999998
1,76,+,0,0.9249999999999998
1,76,-,0,0.9124999999999999
1,77,+,0,0.9499999999999998
1,77,-,0,0.9374999999999999
1,78,+,0,0.9499999999999998
1,78,-,0,0.9499999999999998
1,79,+,0,0.9629629629629629
1,79,-,0,0.9624999999999998
1,80,+,0,0.9629629629629629
1,80,-,0,0.9624999999999998
1,81,+,0,0.9068497908749147
1,81,-,0,0.8488746876271653
2,0,+,0,1.0
2,0,-,0,0.9938079899999065
2,1,+,1,1.0
2,1,-,0,0.9938837346736189
2,2,+,0,0.9878783399072131
2,2,-,0,0.9938837346736189
2,3,+,0,0.8969861706961915
2,3,-,0,0.9277781834703688
2,4,+,0,0.8713132312710232
2,4,-,0,0.8447367914999205
2,5,+,0,0.927710843373494
2,5,-,0,0.9068497908749147
2,6,+,0,0.927710843373494
2,6,-,0,0.9068497908749147
2,7,+,0,0.8749999999999999
2,7,-,0,0.9068497908749147
2,8,+,0,0.8749999999999999
2,8,-,0,0.8944271909999159
2,9,+,0,0.8499999999999999
2,9,-,0,0.8499999999999999
2,10,+,0,0.9374999999999999
2,10,-,0,0.9124999999999999
2,11,+,0,0.9374999999999999
2,11,-,0,0.9124999999999999
2,12,+,0,0.8749999999999999
2,12,-,0,0.9124999999999999
2,13,+,0,0.8624999999999998
2,13,-,0,0.8499999999999999
2,14,+,0,0.8695819912499182
2,14,-,0,0.8624999999999998
2,15,+,0,0.8695819912499182
2,15,-,0,0.8999999999999998
2,16,+,0,0.8249999999999998
2,16,-,0,0.8999999999999998
2,17,+,0,0.807468991874924
2,17,-,0,0.8499999999999999
2,18,+,0,0.9249999999999998
2,18,-,0,0.9499999999999998
2,19,+,0,0.9316949906249123
2,19,-,0,0.9749999999999999
2,20,+,0,0.9316949906249123
2,20,-,0,0.9749999999999999
2,21,+,0,0.9068497908749147
2,21,-,0,0.9249999999999998
2,22,+,0,0.8624999999999998
2,22,-,0,0.8374999999999998
2,23,+,0,0.8447367914999205
2,23,-,0,0.8499999999999999
2,24,+,0,0.8447367914999205
2,24,-,0,0.9068497908749147
2,25,+,0,0.8499999999999999
2,25,-,0,0.9068497908749147
2,26,+,0,0.8499999999999999
2,26,-,0,0.8695819912499182
2,27,+,0,0.8624999999999998
2,27,-,0,0.8624999999999998
2,28,+,0,0.9249999999999998
2,28,-,0,0.8874999999999998
2,29,+,0,0.9249999999999998
2,29,-,0,0.8874999999999998
2,30,+,0,0.9013032569427504
2,30,-,0,0.9124999999999999
2,31,+,0,0.9013032569427504
2,31,-,0,0.9124999999999999
2,32,+,0,0.8374999999999998
2,32,-,0,0.8749999999999999
2,33,+,0,0.8749999999999999
2,33,-,0,0.8624999999999998
2,34,+,0,0.8944271909999159
2,34,-,0,0.9374999999999999
2,35,+,0,0.9441175904999112
2,35,-,0,0.9374999999999999
2,36,+,0,0.9441175904999112
2,36,-,0,0.9124999999999999
2,37,+,0,0.8874999999999998
2,37,-,0,0.8874999999999998
2,38,+,0,0.8374999999999998
2,38,-,0,0.8624999999999998
2,39,+,0,0.7999999999999998
2,39,-,0,0.8624999999999998
2,40,+,0,0.8999999999999998
2,40,-,0,0.9374999999999999
2,41,+,0,0.9374999999999999
2,41,-,0,0.9374999999999999
2,42,+,0,0.9374999999999999
2,42,-,0,0.9249999999999998
2,43,+,0,0.807468991874924
2,43,-,0,0.8624999999999998
2,44,+,0,0.8323141916249217
2,44,-,0,0.8499999999999999
2,45,+,0,0.8323141916249217
2,45,-,0,0.8624999999999998
2,46,+,0,0.9506172839506173
2,46,-,0,0.9374999999999999
2,47,+,0,0.9506172839506173
2,47,-,0,0.9374999999999999
2,48,+,0,0.8571593913749194
2,48,-,0,0.9124999999999999
2,49,+,0,0.8124999999999999
2,49,-,0,0.8624999999999998
2,50,+,0,0.9124999999999999
2,50,-,0,0.8999999999999998
2,51,+,0,0.9124999999999999
2,51,-,0,0.9249999999999998
2,52,+,0,0.8874999999999998
2,52,-,0,0.9249999999999998
2,53,+,0,0.8874999999999998
2,53,-,0,0.8749999999999999
2,54,+,0,0.8374999999999998
2,54,-,0,0.8499999999999999
2,55,+,0,0.8374999999999998
2,55,-,0,0.8499999999999999
2,56,+,0,0.8249999999999998
2,56,-,0,0.8249999999999998
2,57,+,0,0.9124999999999999
2,57,-,0,0.9374999999999999
2,58,+,0,0.9374999999999999
2,58,-,0,0.9374999999999999
2,59,+,0,0.9374999999999999
2,59,-,0,0.9249999999999998
2,60,+,0,0.9499999999999998
2,60,-,0,0.9749999999999999
2,61,+,0,0.9749999999999999
2,61,-,0,0.9749999999999999
2,62,+,0,0.9749999999999999
2,62,-,0,0.9249999999999998
2,63,+,0,0.7929188092706833
2,63,-,0,0.8624999999999998
2,64,+,0,0.7929188092706833
2,64,-,0,0.7874999999999999
2,65,+,0,0.9532050759983474
2,65,-,0,0.8999999999999998
2,66,+,0,0.9709096621086417
2,66,-,0,0.9624999999999998
2,67,+,0,0.9709096621086417
2,67,-,0,0.9624999999999998
2,68,+,0,0.9518763181059627
2,68,-,0,0.9499999999999998
2,69,+,0,0.9530071308033986
2,69,-,0,0.9499999999999998
2,70,+,0,0.9530071308033986
2,70,-,0,0.9499999999999998
2,71,+,0,0.8193365776101958
2,71,-,0,0.9124999999999999
2,72,+,0,0.8402513962877929
2,72,-,0,0.8124999999999999
2,73,+,0,0.8731282501307986
2,73,-,0,0.8447367914999205
2,74,+,0,0.8731282501307986
2,74,-,0,0.9172518353612243
2,75,+,0,0.8374999999999998
2,75,-,0,0.9172518353612243
2,76,+,0,0.8999999999999998
2,76,-,0,0.9068497908749147
2,77,+,0,0.8999999999999998
2,77,-,0,0.9068497908749147
2,78,+,0,0.9382716049382716
2,78,-,0,0.9374999999999999
2,79,+,0,0.9382716049382716
2,79,-,0,0.9374999999999999
2,80,+,0,0.9326733179802502
2,80,-,0,0.9630363567333498
2,81,+,0,0.9326733179802502
2,81,-,0,0.9630363567333498
3,0,+,0,0.9320589306096471
3,0,-,0,0.9485869158311758
3,1,+,0,0.9320589306096471
3,1,-,0,0.9485869158311758
3,2,+,0,0.9013032569427504
3,2,-,0,0.9068497908749147
3,3,+,0,0.9013032569427504
3,3,-,0,0.9068497908749147
3,4,+,0,0.8834522085987724
3,4,-,0,0.8171339354788059
3,5,+,0,0.8436184470725518
3,5,-,0,0.8571593913749194
3,6,+,0,0.8944271909999159
3,6,-,0,0.8624999999999998
3,7,+,0,0.8944271909999159
3,7,-,0,0.8624999999999998
3,8,+,0,0.9374999999999999
3,8,-,0,0.9499999999999998
3,9,+,0,0.9689627902499088
3,9,-,0,0.9499999999999998
3,10,+,0,0.9689627902499088
3,10,-,0,0.9499999999999998
3,11,+,0,0.8323141916249217
3,11,-,0,0.8374999999999998
3,12,+,0,0.8323141916249217
3,12,-,0,0.8374999999999998
3,13,+,0,0.9124999999999999
3,13,-,0,0.9124999999999999
3,14,+,0,0.9124999999999999
3,14,-,0,0.9124999999999999
3,15,+,0,0.8874999999999998
3,15,-,0,0.8749999999999999
3,16,+,0,0.8874999999999998
3,16,-,0,0.9013032569427504
3,17,+,0,0.882004591124917
3,17,-,0,0.9013032569427504
3,18,+,0,0.8519167771102709
3,18,-,0,0.8902439024390242
3,19,+,0,0.9249999999999998
3,19,-,0,0.834371530343285
3,20,+,0,0.9249999999999998
3,20,-,0,0.7805458488155758
3,21,+,0,0.8374999999999998
3,21,-,0,0.8889566369846305
3,22,+,0,0.8624999999999998
3,22,-,0,0.8889566369846305
3,23,+,0,0.8749999999999999
3,23,-,0,0.8874999999999998
3,24,+,0,0.8749999999999999
3,24,-,0,0.8749999999999999
3,25,+,0,0.8749999999999999
3,25,-,0,0.8749999999999999
3,26,+,0,0.8499999999999999
3,26,-,0,0.8499999999999999
3,27,+,0,0.8499999999999999
3,27,-,0,0.9124999999999999
3,28,+,0,0.9749999999999999
3,28,-,0,0.9499999999999998
3,29,+,0,0.9749999999999999
3,29,-,0,0.9499999999999998
3,30,+,0,0.9374999999999999
3,30,-,0,0.9316949906249123
3,31,+,0,0.8295150620062532
3,31,-,0,0.8944271909999159
3,32,+,0,0.7624999999999998
3,32,-,0,0.7624999999999998
3,33,+,0,0.9613406389911041
3,33,-,0,0.957217352663941
3,34,+,0,0.9613406389911041
3,34,-,0,0.957217352663941
3,35,+,0,0.8874999999999998
3,35,-,0,0.7831325301204819
3,36,+,0,0.9374999999999999
3,36,-,0,0.8293299643665493
3,37,+,0,0.9374999999999999
3,37,-,0,0.8293299643665493
3,38,+,0,0.9249999999999998
3,38,-,0,0.9124999999999999
3,39,+,0,0.9249999999999998
3,39,-,0,0.9124999999999999
3,40,+,0,0.8374999999999998
3,40,-,0,0.8439249387982211
3,41,+,0,0.8374999999999998
3,41,-,0,0.8874999999999998
3,42,+,0,0.8874999999999998
3,42,-,0,0.9249999999999998
3,43,+,0,0.8874999999999998
3,43,-,0,0.9249999999999998
3,44,+,0,0.9499999999999998
3,44,-,0,0.9624999999999998
3,45,+,0,0.9499999999999998
3,45,-,0,0.9624999999999998
3,46,+,0,0.9374999999999999
3,46,-,0,0.9374999999999999
3,47,+,0,0.9249999999999998
3,47,-,0,0.9374999999999999
3,48,+,0,0.7749999999999999
3,48,-,0,0.7749999999999999
3,49,+,0,0.8447367914999205
3,49,-,0,0.8874999999999998
3,50,+,0,0.8447367914999205
3,50,-,0,0.8874999999999998
3,51,+,0,0.9499999999999998
3,51,-,0,0.9499999999999998
3,52,+,0,0.9499999999999998
3,52,-,0,0.9499999999999998
3,53,+,0,0.8999999999999998
3,53,-,0,0.8999999999999998
3,54,+,0,0.8874999999999998
3,54,-,0,0.8749999999999999
3,55,+,0,0.8624999999999998
3,55,-,0,0.8624999999999998
3,56,+,0,0.9374999999999999
3,56,-,0,0.9499999999999998
3,57,+,0,0.9374999999999999
3,57,-,0,0.9499999999999998
3,58,+,0,0.8874999999999998
3,58,-,0,0.8624999999999998
3,59,+,0,0.9249999999999998
3,59,-,0,0.9124999999999999
3,60,+,0,0.9249999999999998
3,60,-,0,0.9749999999999999
3,61,+,0,0.9249999999999998
3,61,-,0,0.9749999999999999
3,62,+,0,0.8999999999999998
3,62,-,0,0.8447367914999205
3,63,+,0,0.8999999999999998
3,63,-,0,0.8944271909999159
3,64,+,0,0.8499999999999999
3,64,-,0,0.8944271909999159
3,65,+,0,0.9249999999999998
3,65,-,0,0.8835852486128687
3,66,+,0,0.9249999999999998
3,66,-,0,0.8835852486128687
3,67,+,0,0.9499999999999998
3,67,-,0,0.9068497908749147
3,68,+,0,0.9499999999999998
3,68,-,0,0.9499999999999998
3,69,+,0,0.9124999999999999
3,69,-,0,0.9499999999999998
3,70,+,0,0.9249999999999998
3,70,-,0,0.8749999999999999
3,71,+,0,0.9249999999999998
3,71,-,0,0.9249999999999998
3,72,+,0,0.8874999999999998
3,72,-,0,0.9249999999999998
3,73,+,0,0.7950463919999252
3,73,-,0,0.8447367914999205
3,74,+,0,0.8749999999999999
3,74,-,0,0.8874999999999998
3,75,+,0,0.8874999999999998
3,75,-,0,0.8874999999999998
3,76,+,0,0.8874999999999998
3,76,-,0,0.8749999999999999
3,77,+,0,0.8499999999999999
3,77,-,0,0.8624999999999998
3,78,+,0,0.8499999999999999
3,78,-,0,0.8499999999999999
3,79,+,0,0.9624999999999998
3,79,-,0,0.9374999999999999
3,80,+,0,0.9624999999999998
3,80,-,0,0.9374999999999999
3,81,+,0,0.8390607775994221
3,81,-,0,0.9374999999999999
4,0,+,0,0.9589266029707681
4,0,-,0,0.9874999999999998
4,1,+,0,0.9589266029707681
4,1,-,0,0.9874999999999998
4,2,+,0,0.9249999999999998
4,2,-,0,0.9249999999999998
4,3,+,0,0.8499999999999999
4,3,-,0,0.9124999999999999
4,4,+,0,0.7531438174453119
4,4,-,0,0.7453559924999299
4,5,+,0,0.8749999999999999
4,5,-,0,0.8641975308641975
4,6,+,0,0.8749999999999999
4,6,-,0,0.8641975308641975
4,7,+,0,0.8999999999999998
4,7,-,0,0.8415259932542927
4,8,+,0,0.8999999999999998
4,8,-,0,0.9068497908749147
4,9,+,0,0.9316949906249123
4,9,-,0,0.9499999999999998
4,10,+,0,0.9316949906249123
4,10,-,0,0.9499999999999998
4,11,+,0,0.8374999999999998
4,11,-,0,0.8999999999999998
4,12,+,0,0.8323141916249217
4,12,-,0,0.8999999999999998
4,13,+,0,0.8624999999999998
4,13,-,0,0.8571593913749194
4,14,+,0,0.8624999999999998
4,14,-,0,0.8198915917499229
4,15,+,0,0.9441175904999112
4,15,-,0,0.9124999999999999
4,16,+,0,0.9441175904999112
4,16,-,0,0.9124999999999999
4,17,+,0,0.9012345679012346
4,17,-,0,0.9249999999999998
4,18,+,0,0.9316949906249123
4,18,-,0,0.9624999999999998
4,19,+,0,0.9316949906249123
4,19,-,0,0.9624999999999998
4,20,+,0,0.9249999999999998
4,20,-,0,0.9124999999999999
4,21,+,0,0.8374999999999998
4,21,-,0,0.8374999999999998
4,22,+,0,0.882004591124917
4,22,-,0,0.8624999999999998
4,23,+,0,0.882004591124917
4,23,-,0,0.8624999999999998
4,24,+,0,0.8249999999999998
4,24,-,0,0.8323141916249217
4,25,+,0,0.9316949906249123
4,25,-,0,0.8323141916249217
4,26,+,0,0.95654019037491
4,26,-,0,0.9374999999999999
4,27,+,0,0.95654019037491
4,27,-,0,0.9374999999999999
4,28,+,0,0.9499999999999998
4,28,-,0,0.8624999999999998
4,29,+,0,0.8749999999999999
4,29,-,0,0.8624999999999998
4,30,+,0,0.8249999999999998
4,30,-,0,0.7749999999999999
4,31,+,0,0.9192723907499135
4,31,-,0,0.9042052915695226
4,32,+,0,0.9192723907499135
4,32,-,0,0.9283174326780432
4,33,+,0,0.9374999999999999
4,33,-,0,0.9283174326780432
4,34,+,0,0.9499999999999998
4,34,-,0,0.9124999999999999
4,35,+,0,0.9499999999999998
4,35,-,0,0.9124999999999999
4,36,+,0,0.9249999999999998
4,36,-,0,0.8749999999999999
4,37,+,0,0.7999999999999998
4,37,-,0,0.8124999999999999
4,38,+,0,0.9192723907499135
4,38,-,0,0.8488746876271653
4,39,+,0,0.9816135651097471
4,39,-,0,0.9095085938862486
4,40,+,0,0.9816135651097471
4,40,-,0,0.9624999999999998
4,41,+,0,0.9693433955458752
4,41,-,0,0.9624999999999998
4,42,+,0,0.9316949906249123
4,42,-,0,0.9124999999999999
4,43,+,0,0.8870071077479605
4,43,-,0,0.8999999999999998
4,44,+,0,0.8870071077479605
4,44,-,0,0.8447367914999205
4,45,+,0,0.9124999999999999
4,45,-,0,0.9374999999999999
4,46,+,0,0.9374999999999999
4,46,-,0,0.9374999999999999
4,47,+,0,0.9624999999999998
4,47,-,0,0.9124999999999999
4,48,+,0,0.9624999999999998
4,48,-,0,0.9124999999999999
4,49,+,0,0.9756823110194697
4,49,-,0,0.9374999999999999
4,50,+,0,0.9756823110194697
4,50,-,0,0.9499999999999998
4,51,+,0,0.895857265954714
4,51,-,0,0.9499999999999998
4,52,+,0,0.7639872188644489
4,52,-,0,0.7240490231688785
4,53,+,0,0.8571593913749194
4,53,-,0,0.8249999999999998
4,54,+,0,0.9499999999999998
4,54,-,0,0.9624999999999998
4,55,+,0,0.9499999999999998
4,55,-,0,0.9624999999999998
4,56,+,0,0.9499999999999998
4,56,-,0,0.9124999999999999
4,57,+,0,0.9374999999999999
4,57,-,0,0.9124999999999999
4,58,+,0,0.8374999999999998
4,58,-,0,0.8695819912499182
4,59,+,0,0.8999999999999998
4,59,-,0,0.8624999999999998
4,60,+,0,0.8999999999999998
4,60,-,0,0.8944271909999159
4,61,+,0,0.8999999999999998
4,61,-,0,0.8944271909999159
4,62,+,0,0.8749999999999999
4,62,-,0,0.8249999999999998
4,63,+,0,0.7999999999999998
4,63,-,0,0.8249999999999998
4,64,+,0,0.8374999999999998
4,64,-,0,0.8624999999999998
4,65,+,0,0.9249999999999998
4,65,-,0,0.9499999999999998
4,66,+,0,0.9249999999999998
4,66,-,0,0.9499999999999998
4,67,+,0,0.8999999999999998
4,67,-,0,0.8999999999999998
4,68,+,0,0.8749999999999999
4,68,-,0,0.8749999999999999
4,69,+,0,0.8874999999999998
4,69,-,0,0.8874999999999998
4,70,+,0,0.8749999999999999
4,70,-,0,0.8999999999999998
4,71,+,0,0.8874999999999998
4,71,-,0,0.8999999999999998
4,72,+,0,0.8874999999999998
4,72,-,0,0.8874999999999998
4,73,+,0,0.9124999999999999
4,73,-,0,0.9249999999999998
4,74,+,0,0.9124999999999999
4,74,-,0,0.9249999999999998
4,75,+,0,0.8695819912499182
4,75,-,0,0.8874999999999998
4,76,+,0,0.8999999999999998
4,76,-,0,0.8766100170265106
4,77,+,0,0.8999999999999998
4,77,-,0,0.8889566369846305
4,78,+,0,0.9441175904999112
4,78,-,0,0.9874999999999998
4,79,+,0,0.9441175904999112
4,79,-,0,0.9938079899999065
4,80,+,0,0.9999999999999998
4,80,-,0,1.0
4,81,+,0,0.9999999999999998
4,81,-,1,1.0
5,0,+,0,0.9374999999999999
5,0,-,0,0.9249999999999998
5,1,+,0,0.9374999999999999
5,1,-,0,0.9624999999999998
5,2,+,0,0.9374999999999999
5,2,-,0,0.9624999999999998
5,3,+,0,0.9249999999999998
5,3,-,0,0.8624999999999998
5,4,+,0,0.7999999999999998
5,4,-,0,0.8499999999999999
5,5,+,0,0.7731370925362601
5,5,-,0,0.8499999999999999
5,6,+,0,0.9374999999999999
5,6,-,0,0.8499999999999999
5,7,+,0,0.9499999999999998
5,7,-,0,0.9624999999999998
5,8,+,0,0.9499999999999998
5,8,-,0,0.9624999999999998
5,9,+,0,0.8874999999999998
5,9,-,0,0.9249999999999998
5,10,+,0,0.8624999999999998
5,10,-,0,0.8749999999999999
5,11,+,0,0.8124999999999999
5,11,-,0,0.7999999999999998
5,12,+,0,0.8766100170265106
5,12,-,0,0.9192723907499135
5,13,+,0,0.8766100170265106
5,13,-,0,0.9192723907499135
5,14,+,0,0.8466416999071569
5,14,-,0,0.8944271909999159
5,15,+,0,0.8695819912499182
5,15,-,0,0.9124999999999999
5,16,+,0,0.8695819912499182
5,16,-,0,0.9124999999999999
5,17,+,0,0.9383431168171099
5,17,-,0,0.9068497908749147
5,18,+,0,0.9383431168171099
5,18,-,0,0.9068497908749147
5,19,+,0,0.8272235371940312
5,19,-,0,0.8999999999999998
5,20,+,0,0.9013032569427504
5,20,-,0,0.8323141916249217
5,21,+,0,0.9013032569427504
5,21,-,0,0.8944271909999159
5,22,+,0,0.8874999999999998
5,22,-,0,0.8874999999999998
5,23,+,0,0.9249999999999998
5,23,-,0,0.9249999999999998
5,24,+,0,0.9249999999999998
5,24,-,0,0.9249999999999998
5,25,+,0,0.9249999999999998
5,25,-,0,0.9249999999999998
5,26,+,0,0.9249999999999998
5,26,-,0,0.9249999999999998
5,27,+,0,0.8624999999999998
5,27,-,0,0.8499999999999999
5,28,+,0,0.8695819912499182
5,28,-,0,0.8249999999999998
5,29,+,0,0.8695819912499182
5,29,-,0,0.8874999999999998
5,30,+,0,0.8198915917499229
5,30,-,0,0.8874999999999998
5,31,+,0,0.8124999999999999
5,31,-,0,0.8374999999999998
5,32,+,0,0.8999999999999998
5,32,-,0,0.8749999999999999
5,33,+,0,0.9249999999999998
5,33,-,0,0.8749999999999999
5,34,+,0,0.9441175904999112
5,34,-,0,0.9624999999999998
5,35,+,0,0.9441175904999112
5,35,-,0,0.9624999999999998
5,36,+,0,0.9374999999999999
5,36,-,0,0.9124999999999999
5,37,+,0,0.9374999999999999
5,37,-,0,0.8499999999999999
5,38,+,0,0.7874999999999999
5,38,-,0,0.8124999999999999
5,39,+,0,0.8695819912499182
5,39,-,0,0.9124999999999999
5,40,+,0,0.8695819912499182
5,40,-,0,0.9124999999999999
5,41,+,0,0.8499999999999999
5,41,-,0,0.8624999999999998
5,42,+,0,0.8874999999999998
5,42,-,0,0.8749999999999999
5,43,+,0,0.8874999999999998
5,43,-,0,0.8749999999999999
5,44,+,0,0.8374999999999998
5,44,-,0,0.7999999999999998
5,45,+,0,0.9441175904999112
5,45,-,0,0.9374999999999999
5,46,+,0,0.9506172839506173
5,46,-,0,0.9374999999999999
5,47,+,0,0.9506172839506173
5,47,-,0,0.9249999999999998
5,48,+,0,0.8944271909999159
5,48,-,0,0.8999999999999998
5,49,+,0,0.9124999999999999
5,49,-,0,0.9349276099540231
5,50,+,0,0.9124999999999999
5,50,-,0,0.9349276099540231
5,51,+,0,0.9068497908749147
5,51,-,0,0.8728715609439694
5,52,+,0,0.9068497908749147
5,52,-,0,0.9587309488182338
5,53,+,0,0.9068497908749147
5,53,-,0,0.9587309488182338
5,54,+,0,0.9624999999999998
5,54,-,0,0.9585135395861193
5,55,+,0,0.9624999999999998
5,55,-,0,0.9374999999999999
5,56,+,0,0.9124999999999999
5,56,-,0,0.9374999999999999
5,57,+,0,0.8999999999999998
5,57,-,0,0.9624999999999998
5,58,+,0,0.8999999999999998
5,58,-,0,0.9624999999999998
5,59,+,0,0.9458889376416986
5,59,-,0,0.9249999999999998
5,60,+,0,0.9458889376416986
5,60,-,0,0.9229668553593643
5,61,+,0,0.9458889376416986
5,61,-,0,0.9462604796066584
5,62,+,0,0.9124999999999999
5,62,-,0,0.9462604796066584
5,63,+,0,0.9124999999999999
5,63,-,0,0.977589800571701
5,64,+,0,0.9124999999999999
5,64,-,0,0.977589800571701
5,65,+,0,0.8749999999999999
5,65,-,0,0.8249999999999998
5,66,+,0,0.8749999999999999
5,66,-,0,0.9499999999999998
5,67,+,0,0.8374999999999998
5,67,-,0,0.9499999999999998
5,68,+,0,0.8499999999999999
5,68,-,0,0.7874999999999999
5,69,+,0,0.8874999999999998
5,69,-,0,0.8874999999999998
5,70,+,0,0.9374999999999999
5,70,-,0,0.9374999999999999
5,71,+,0,0.9249999999999998
5,71,-,0,0.9249999999999998
5,72,+,0,0.9374999999999999
5,72,-,0,0.9249999999999998
5,73,+,0,0.9374999999999999
5,73,-,0,0.9068497908749147
5,74,+,0,0.8624999999999998
5,74,-,0,0.8499999999999999
5,75,+,0,0.7624999999999998
5,75,-,0,0.7624999999999998
5,76,+,0,0.8571593913749194
5,76,-,0,0.8874999999999998
5,77,+,0,0.8944271909999159
5,77,-,0,0.8874999999999998
5,78,+,0,0.9374999999999999
5,78,-,0,0.9499999999999998
5,79,+,0,0.9374999999999999
5,79,-,0,0.9499999999999998
5,80,+,0,0.9249999999999998
5,80,-,0,0.8749999999999999
5,81,+,0,0.9124999999999999
5,81,-,0,0.8086924733689046
6,0,+,0,0.9374999999999999
6,0,-,0,0.9624999999999998
6,1,+,0,0.9499999999999998
6,1,-,0,0.9624999999999998
6,2,+,0,0.9499999999999998
6,2,-,0,0.9124999999999999
6,3,+,0,0.8783100656536799
6,3,-,0,0.8749999999999999
6,4,+,0,0.8295150620062532
6,4,-,0,0.8249999999999998
6,5,+,0,0.8999999999999998
6,5,-,0,0.8749999999999999
6,6,+,0,0.8999999999999998
6,6,-,0,0.8749999999999999
6,7,+,0,0.8999999999999998
6,7,-,0,0.9499999999999998
6,8,+,0,0.9374999999999999
6,8,-,0,0.9499999999999998
6,9,+,0,0.9374999999999999
6,9,-,0,0.9441175904999112
6,10,+,0,0.8999999999999998
6,10,-,0,0.8944271909999159
6,11,+,0,0.8749999999999999
6,11,-,0,0.8874999999999998
6,12,+,0,0.8374999999999998
6,12,-,0,0.8695819912499182
6,13,+,0,0.8249999999999998
6,13,-,0,0.807468991874924
6,14,+,0,0.9124999999999999
6,14,-,0,0.9374999999999999
6,15,+,0,0.9124999999999999
6,15,-,0,0.9374999999999999
6,16,+,0,0.8749999999999999
6,16,-,0,0.8624999999999998
6,17,+,0,0.8999999999999998
6,17,-,0,0.9124999999999999
6,18,+,0,0.8999999999999998
6,18,-,0,0.9124999999999999
6,19,+,0,0.8749999999999999
6,19,-,0,0.9124999999999999
6,20,+,0,0.9192723907499135
6,20,-,0,0.9124999999999999
6,21,+,0,0.9192723907499135
6,21,-,0,0.8994240298291868
6,22,+,0,0.9249999999999998
6,22,-,0,0.9285714285714286
6,23,+,0,0.9249999999999998
6,23,-,0,0.9285714285714286
6,24,+,0,0.8499999999999999
6,24,-,0,0.8874999999999998
6,25,+,0,0.9124999999999999
6,25,-,0,0.8874999999999998
6,26,+,0,0.9124999999999999
6,26,-,0,0.8198127976897005
6,27,+,0,0.9624999999999998
6,27,-,0,0.9013032569427504
6,28,+,0,0.9624999999999998
6,28,-,0,0.9136498769008702
6,29,+,0,0.9374999999999999
6,29,-,0,0.9136498769008702
6,30,+,0,0.8874999999999998
6,30,-,0,0.9259964968589901
6,31,+,0,0.8874999999999998
6,31,-,0,0.9374999999999999
6,32,+,0,0.9624999999999998
6,32,-,0,0.9374999999999999
6,33,+,0,0.9624999999999998
6,33,-,0,0.9249999999999998
6,34,+,0,0.9095085938862486
6,34,-,0,0.8749999999999999
6,35,+,0,0.8624999999999998
6,35,-,0,0.8499999999999999
6,36,+,0,0.8624999999999998
6,36,-,0,0.8499999999999999
6,37,+,0,0.8999999999999998
6,37,-,0,0.9374999999999999
6,38,+,0,0.8999999999999998
6,38,-,0,0.9374999999999999
6,39,+,0,0.8749999999999999
6,39,-,0,0.9124999999999999
6,40,+,0,0.8749999999999999
6,40,-,0,0.8874999999999998
6,41,+,0,0.8874999999999998
6,41,-,0,0.9249999999999998
6,42,+,0,0.8874999999999998
6,42,-,0,0.9249999999999998
6,43,+,0,0.8571593913749194
6,43,-,0,0.8499999999999999
6,44,+,0,0.882004591124917
6,44,-,0,0.8749999999999999
6,45,+,0,0.882004591124917
6,45,-,0,0.8749999999999999
6,46,+,0,0.8271604938271605
6,46,-,0,0.8374999999999998
6,47,+,0,0.8695819912499182
6,47,-,0,0.8874999999999998
6,48,+,0,0.8999999999999998
6,48,-,0,0.8874999999999998
6,49,+,0,0.8999999999999998
6,49,-,0,0.8874999999999998
6,50,+,0,0.9694893700057865
6,50,-,0,0.9499999999999998
6,51,+,0,0.9694893700057865
6,51,-,0,0.9499999999999998
6,52,+,0,0.9249999999999998
6,52,-,0,0.9374999999999999
6,53,+,0,0.8249999999999998
6,53,-,0,0.8249999999999998
6,54,+,0,0.9068497908749147
6,54,-,0,0.9124999999999999
6,55,+,0,0.9068497908749147
6,55,-,0,0.9124999999999999
6,56,+,0,0.8249999999999998
6,56,-,0,0.8249999999999998
6,57,+,0,0.8249999999999998
6,57,-,0,0.8249999999999998
6,58,+,0,0.8749999999999999
6,58,-,0,0.8749999999999999
6,59,+,0,0.8749999999999999
6,59,-,0,0.8749999999999999
6,60,+,0,0.8874999999999998
6,60,-,0,0.9374999999999999
6,61,+,0,0.8874999999999998
6,61,-,0,0.9374999999999999
6,62,+,0,0.8874999999999998
6,62,-,0,0.8499999999999999
6,63,+,0,0.8249999999999998
6,63,-,0,0.8249999999999998
6,64,+,0,0.7999999999999998
6,64,-,0,0.7999999999999998
6,65,+,0,0.8249999999999998
6,65,-,0,0.8249999999999998
6,66,+,0,0.9124999999999999
6,66,-,0,0.9013032569427504
6,67,+,0,0.9124999999999999
6,67,-,0,0.9013032569427504
6,68,+,0,0.9192723907499135
6,68,-,0,0.9316949906249123
6,69,+,0,0.9192723907499135
6,69,-,0,0.9316949906249123
6,70,+,0,0.8447367914999205
6,70,-,0,0.8447367914999205
6,71,+,0,0.8749999999999999
6,71,-,0,0.8249999999999998
6,72,+,0,0.8749999999999999
6,72,-,0,0.8749999999999999
6,73,+,0,0.834497179245487
6,73,-,0,0.8749999999999999
6,74,+,0,0.9124999999999999
6,74,-,0,0.882004591124917
6,75,+,0,0.9124999999999999
6,75,-,0,0.9068497908749147
6,76,+,0,0.8571593913749194
6,76,-,0,0.9068497908749147
6,77,+,0,0.8499999999999999
6,77,-,0,0.8499999999999999
6,78,+,0,0.9124999999999999
6,78,-,0,0.8781140799175228
6,79,+,0,0.9192723907499135
6,79,-,0,0.95654019037491
6,80,+,0,0.9813853901249077
6,80,-,1,0.9999999999999998
6,81,+,0,0.9813853901249077
6,81,-,0,0.9999999999999998
7,0,+,0,0.9624999999999998
7,0,-,0,0.9938079899999065
7,1,+,0,0.9624999999999998
7,1,-,0,0.9938079899999065
7,2,+,0,0.934953437896499
7,2,-,0,0.95654019037491
7,3,+,0,0.9124999999999999
7,3,-,0,0.9095085938862486
7,4,+,0,0.9124999999999999
7,4,-,0,0.8749999999999999
7,5,+,0,0.9124999999999999
7,5,-,0,0.882004591124917
7,6,+,0,0.9124999999999999
7,6,-,0,0.882004591124917
7,7,+,0,0.8222251619036417
7,7,-,0,0.7950463919999252
7,8,+,0,0.8539125638299666
7,8,-,0,0.807468991874924
7,9,+,0,0.8539125638299666
7,9,-,0,0.807468991874924
7,10,+,0,0.8295150620062532
7,10,-,0,0.8374999999999998
7,11,+,0,0.8713132312710232
7,11,-,0,0.8624999999999998
7,12,+,0,0.9374999999999999
7,12,-,0,0.8874999999999998
7,13,+,0,0.9624999999999998
7,13,-,0,0.9374999999999999
7,14,+,0,0.9624999999999998
7,14,-,0,0.9374999999999999
7,15,+,0,0.9124999999999999
7,15,-,0,0.9249999999999998
7,16,+,0,0.8249999999999998
7,16,-,0,0.8499999999999999
7,17,+,0,0.8874999999999998
7,17,-,0,0.8749999999999999
7,18,+,0,0.8874999999999998
7,18,-,0,0.8499999999999999
7,19,+,0,0.9249999999999998
7,19,-,0,0.9249999999999998
7,20,+,0,0.9441175904999112
7,20,-,0,0.9441175904999112
7,21,+,0,0.9249999999999998
7,21,-,0,0.9249999999999998
7,22,+,0,0.9249999999999998
7,22,-,0,0.9249999999999998
7,23,+,0,0.9249999999999998
7,23,-,0,0.9249999999999998
7,24,+,0,0.7577785923749287
7,24,-,0,0.7749999999999999
7,25,+,0,0.9249999999999998
7,25,-,0,0.8249999999999998
7,26,+,0,0.9249999999999998
7,26,-,0,0.8695819912499182
7,27,+,0,0.8889566369846305
7,27,-,0,0.8695819912499182
7,28,+,0,0.9499999999999998
7,28,-,0,0.9374999999999999
7,29,+,0,0.9499999999999998
7,29,-,0,0.9374999999999999
7,30,+,0,0.8874999999999998
7,30,-,0,0.8766100170265106
7,31,+,0,0.963855421686747
7,31,-,0,0.8766100170265106
7,32,+,0,0.963855421686747
7,32,-,0,0.9124999999999999
7,33,+,0,0.9221722216732094
7,33,-,0,0.9124999999999999
7,34,+,0,0.9124999999999999
7,34,-,0,0.8749999999999999
7,35,+,0,0.9499999999999998
7,35,-,0,0.9499999999999998
7,36,+,0,0.9499999999999998
7,36,-,0,0.9499999999999998
7,37,+,0,0.9124999999999999
7,37,-,0,0.9499999999999998
7,38,+,0,0.8571593913749194
7,38,-,0,0.8249999999999998
7,39,+,0,0.8499999999999999
7,39,-,0,0.8447367914999205
7,40,+,0,0.8999999999999998
7,40,-,0,0.8944271909999159
7,41,+,0,0.9749999999999999
7,41,-,0,0.8944271909999159
7,42,+,0,0.9749999999999999
7,42,-,0,0.9124999999999999
7,43,+,0,0.9249999999999998
7,43,-,0,0.9374999999999999
7,44,+,0,0.8874999999999998
7,44,-,0,0.9374999999999999
7,45,+,0,0.8374999999999998
7,45,-,0,0.8374999999999998
7,46,+,0,0.8323141916249217
7,46,-,0,0.8124999999999999
7,47,+,0,0.8695819912499182
7,47,-,0,0.8124999999999999
7,48,+,0,0.8695819912499182
7,48,-,0,0.8124999999999999
7,49,+,0,0.7999999999999998
7,49,-,0,0.9124999999999999
7,50,+,0,0.8749999999999999
7,50,-,0,0.9124999999999999
7,51,+,0,0.8749999999999999
7,51,-,0,0.8571593913749194
7,52,+,0,0.8749999999999999
7,52,-,0,0.8889566369846305
7,53,+,0,0.9383431168171099
7,53,-,0,0.9383431168171099
7,54,+,0,0.9249999999999998
7,54,-,0,0.9249999999999998
7,55,+,0,0.9249999999999998
7,55,-,0,0.9249999999999998
7,56,+,0,0.9249999999999998
7,56,-,0,0.9249999999999998
7,57,+,0,0.9249999999999998
7,57,-,0,0.8749999999999999
7,58,+,0,0.9249999999999998
7,58,-,0,0.9249999999999998
7,59,+,0,0.9124999999999999
7,59,-,0,0.9249999999999998
7,60,+,0,0.7749999999999999
7,60,-,0,0.7654904374034318
7,61,+,0,0.9499999999999998
7,61,-,0,0.8766100170265106
7,62,+,0,0.9499999999999998
7,62,-,0,0.8889566369846305
7,63,+,0,0.9249999999999998
7,63,-,0,0.8889566369846305
7,64,+,0,0.9124999999999999
7,64,-,0,0.9624999999999998
7,65,+,0,0.9124999999999999
7,65,-,0,0.9624999999999998
7,66,+,0,0.8571593913749194
7,66,-,0,0.8749999999999999
7,67,+,0,0.8874999999999998
7,67,-,0,0.8624999999999998
7,68,+,0,0.8874999999999998
7,68,-,0,0.8624999999999998
7,69,+,0,0.8148769172359113
7,69,-,0,0.8148769172359113
7,70,+,0,0.8499999999999999
7,70,-,0,0.8499999999999999
7,71,+,0,0.8874999999999998
7,71,-,0,0.9249999999999998
7,72,+,0,0.8874999999999998
7,72,-,0,0.9249999999999998
7,73,+,0,0.95654019037491
7,73,-,0,0.9124999999999999
7,74,+,0,0.95654019037491
7,74,-,0,0.8999999999999998
7,75,+,0,0.8749999999999999
7,75,-,0,0.8642633970683907
7,76,+,0,0.8749999999999999
7,76,-,0,0.8642633970683907
7,77,+,0,0.8624999999999998
7,77,-,0,0.8624999999999998
7,78,+,0,0.8700346126866029
7,78,-,0,0.8198915917499229
7,79,+,0,0.8946750577612211
7,79,-,0,0.9441175904999112
7,80,+,0,0.9753829766914696
7,80,-,0,0.9689627902499088
7,81,+,0,0.9753829766914696
7,81,-,0,0.9689627902499088
8,0,+,0,0.9589266029707681
8,0,-,0,0.9644856443408241
8,1,+,0,0.9589266029707681
8,1,-,0,0.9644856443408241
8,2,+,0,0.7702011922499276
8,2,-,0,0.8077567271354402
8,3,+,0,0.9316949906249123
8,3,-,0,0.8874999999999998
8,4,+,0,0.9749999999999999
8,4,-,0,0.9749999999999999
8,5,+,0,0.9749999999999999
8,5,-,0,0.9749999999999999
8,6,+,0,0.9499999999999998
8,6,-,0,0.8999999999999998
8,7,+,0,0.7999999999999998
8,7,-,0,0.7999999999999998
8,8,+,0,0.8944271909999159
8,8,-,0,0.8624999999999998
8,9,+,0,0.8944271909999159
8,9,-,0,0.8624999999999998
8,10,+,0,0.8874999999999998
8,10,-,0,0.8766100170265106
8,11,+,0,0.8874999999999998
8,11,-,0,0.9124999999999999
8,12,+,0,0.8874999999999998
8,12,-,0,0.9124999999999999
8,13,+,0,0.8999999999999998
8,13,-,0,0.8661113147418232
8,14,+,0,0.9624999999999998
8,14,-,0,0.9449453353220957
8,15,+,0,0.9624999999999998
8,15,-,0,0.9449453353220957
8,16,+,0,0.8874999999999998
8,16,-,0,0.8874999999999998
8,17,+,0,0.9124999999999999
8,17,-,0,0.8999999999999998
8,18,+,0,0.9124999999999999
8,18,-,0,0.8999999999999998
8,19,+,0,0.8749999999999999
8,19,-,0,0.8624999999999998
8,20,+,0,0.9374999999999999
8,20,-,0,0.9374999999999999
8,21,+,0,0.9374999999999999
8,21,-,0,0.9374999999999999
8,22,+,0,0.9249999999999998
8,22,-,0,0.9249999999999998
8,23,+,0,0.95654019037491
8,23,-,0,0.9624999999999998
8,24,+,0,0.95654019037491
8,24,-,0,0.9624999999999998
8,25,+,0,0.7874999999999999
8,25,-,0,0.7874999999999999
8,26,+,0,0.8374999999999998
8,26,-,0,0.8374999999999998
8,27,+,0,0.9374999999999999
8,27,-,0,0.9192723907499135
8,28,+,0,0.95654019037491
8,28,-,0,0.95654019037491
8,29,+,0,0.95654019037491
8,29,-,0,0.95654019037491
8,30,+,0,0.9441175904999112
8,30,-,0,0.9259259259259259
8,31,+,0,0.9374999999999999
8,31,-,0,0.8695819912499182
8,32,+,0,0.8249999999999998
8,32,-,0,0.8249999999999998
8,33,+,0,0.9624999999999998
8,33,-,0,0.9624999999999998
8,34,+,0,0.9749999999999999
8,34,-,0,0.9749999999999999
8,35,+,0,0.9749999999999999
8,35,-,0,0.9749999999999999
8,36,+,0,0.9124999999999999
8,36,-,0,0.9124999999999999
8,37,+,0,0.8374999999999998
8,37,-,0,0.7999999999999998
8,38,+,0,0.8749999999999999
8,38,-,0,0.9216353751380653
8,39,+,0,0.9499999999999998
8,39,-,0,0.9441175904999112
8,40,+,0,0.9499999999999998
8,40,-,0,0.9441175904999112
8,41,+,0,0.9204013006384049
8,41,-,0,0.9124999999999999
8,42,+,0,0.9025061376930095
8,42,-,0,0.9124999999999999
8,43,+,0,0.8944271909999159
8,43,-,0,0.8124999999999999
8,44,+,0,0.8944271909999159
8,44,-,0,0.8624999999999998
8,45,+,0,0.9249999999999998
8,45,-,0,0.8874999999999998
8,46,+,0,0.95654019037491
8,46,-,0,0.9624999999999998
8,47,+,0,0.95654019037491
8,47,-,0,0.9624999999999998
8,48,+,0,0.9624999999999998
8,48,-,0,0.9637013220366766
8,49,+,0,0.9624999999999998
8,49,-,0,0.9637013220366766
8,50,+,0,0.8999999999999998
8,50,-,0,0.882004591124917
8,51,+,0,0.7999999999999998
8,51,-,0,0.7950463919999252
8,52,+,0,0.807468991874924
8,52,-,0,0.7624999999999998
8,53,+,0,0.8499999999999999
8,53,-,0,0.7624999999999998
8,54,+,0,0.9249999999999998
8,54,-,0,0.8999999999999998
8,55,+,0,0.9249999999999998
8,55,-,0,0.8999999999999998
8,56,+,0,0.9624999999999998
8,56,-,0,0.9624999999999998
8,57,+,0,0.9624999999999998
8,57,-,0,0.9624999999999998
8,58,+,0,0.9124999999999999
8,58,-,0,0.8749999999999999
8,59,+,0,0.8749999999999999
8,59,-,0,0.8249999999999998
8,60,+,0,0.7874999999999999
8,60,-,0,0.8124999999999999
8,61,+,0,0.9325328868542597
8,61,-,0,0.9374999999999999
8,62,+,0,0.9325328868542597
8,62,-,0,0.9374999999999999
8,63,+,0,0.9202627172903879
8,63,-,0,0.9124999999999999
8,64,+,0,0.8589118694710287
8,64,-,0,0.8624999999999998
8,65,+,0,0.8624999999999998
8,65,-,0,0.895857265954714
8,66,+,0,0.8624999999999998
8,66,-,0,0.895857265954714
8,67,+,0,0.9068497908749147
8,67,-,0,0.9068497908749147
8,68,+,0,0.9068497908749147
8,68,-,0,0.9068497908749147
8,69,+,0,0.9374999999999999
8,69,-,0,0.9249999999999998
8,70,+,0,0.9374999999999999
8,70,-,0,0.9249999999999998
8,71,+,0,0.9124999999999999
8,71,-,0,0.9124999999999999
8,72,+,0,0.8749999999999999
8,72,-,0,0.8874999999999998
8,73,+,0,0.9124999999999999
8,73,-,0,0.9499999999999998
8,74,+,0,0.9124999999999999
8,74,-,0,0.9499999999999998
8,75,+,0,0.8124999999999999
8,75,-,0,0.8124999999999999
8,76,+,0,0.8999999999999998
8,76,-,0,0.8499999999999999
8,77,+,0,0.8999999999999998
8,77,-,0,0.8749999999999999
8,78,+,0,0.9874999999999998
8,78,-,0,0.9813853901249077
8,79,+,0,0.9874999999999998
8,79,-,0,0.9813853901249077
8,80,+,0,0.95654019037491
8,80,-,0,0.8888888888888888
8,81,+,0,0.95654019037491
8,81,-,0,0.8571593913749194
9,0,+,0,0.9874999999999998
9,0,-,0,0.9624999999999998
9,1,+,0,0.9874999999999998
9,1,-,0,0.9624999999999998
9,2,+,0,0.9249999999999998
9,2,-,0,0.9249999999999998
9,3,+,0,0.8874999999999998
9,3,-,0,0.8499999999999999
9,4,+,0,0.8874999999999998
9,4,-,0,0.8249999999999998
9,5,+,0,0.8999999999999998
9,5,-,0,0.8999999999999998
9,6,+,0,0.8999999999999998
9,6,-,0,0.9124999999999999
9,7,+,0,0.8999999999999998
9,7,-,0,0.9124999999999999
9,8,+,0,0.8874999999999998
9,8,-,0,0.8749999999999999
9,9,+,0,0.8874999999999998
9,9,-,0,0.8749999999999999
9,10,+,0,0.8124999999999999
9,10,-,0,0.8499999999999999
9,11,+,0,0.8624999999999998
9,11,-,0,0.8749999999999999
9,12,+,0,0.8624999999999998
9,12,-,0,0.8749999999999999
9,13,+,0,0.8695819912499182
9,13,-,0,0.8695819912499182
9,14,+,0,0.8749999999999999
9,14,-,0,0.8624999999999998
9,15,+,0,0.8749999999999999
9,15,-,0,0.8749999999999999
9,16,+,0,0.8999999999999998
9,16,-,0,0.8999999999999998
9,17,+,0,0.9249999999999998
9,17,-,0,0.9249999999999998
9,18,+,0,0.8999999999999998
9,18,-,0,0.9124999999999999
9,19,+,0,0.8944271909999159
9,19,-,0,0.8874999999999998
9,20,+,0,0.8624999999999998
9,20,-,0,0.8624999999999998
9,21,+,0,0.8749999999999999
9,21,-,0,0.8852550313826153
9,22,+,0,0.8749999999999999
9,22,-,0,0.8852550313826153
9,23,+,0,0.8783100656536799
9,23,-,0,0.9259259259259259
9,24,+,0,0.8783100656536799
9,24,-,0,0.9259259259259259
9,25,+,0,0.8417138129181099
9,25,-,0,0.8242575622613652
9,26,+,0,0.8889566369846305
9,26,-,0,0.8590412139291779
9,27,+,0,0.8889566369846305
9,27,-,0,0.8749999999999999
9,28,+,0,0.8999999999999998
9,28,-,0,0.9249999999999998
9,29,+,0,0.8999999999999998
9,29,-,0,0.9249999999999998
9,30,+,0,0.8889566369846305
9,30,-,0,0.8642633970683907
9,31,+,0,0.8874999999999998
9,31,-,0,0.8624999999999998
9,32,+,0,0.8874999999999998
9,32,-,0,0.8624999999999998
9,33,+,0,0.9374999999999999
9,33,-,0,0.9192723907499135
9,34,+,0,0.9374999999999999
9,34,-,0,0.9192723907499135
9,35,+,0,0.8499999999999999
9,35,-,0,0.8695819912499182
9,36,+,0,0.8571593913749194
9,36,-,0,0.8999999999999998
9,37,+,0,0.9192723907499135
9,37,-,0,0.8999999999999998
9,38,+,0,0.9192723907499135
9,38,-,0,0.8999999999999998
9,39,+,0,0.8374999999999998
9,39,-,0,0.8374999999999998
9,40,+,0,0.8889566369846305
9,40,-,0,0.8874999999999998
9,41,+,0,0.8889566369846305
9,41,-,0,0.8874999999999998
9,42,+,0,0.8999999999999998
9,42,-,0,0.95654019037491
9,43,+,0,0.8999999999999998
9,43,-,0,0.95654019037491
9,44,+,0,0.9249999999999998
9,44,-,0,0.9124999999999999
9,45,+,0,0.9249999999999998
9,45,-,0,0.9124999999999999
9,46,+,0,0.8499999999999999
9,46,-,0,0.8713132312710232
9,47,+,0,0.9499999999999998
9,47,-,0,0.9326733179802502
9,48,+,0,0.9499999999999998
9,48,-,0,0.9326733179802502
9,49,+,0,0.9374999999999999
9,49,-,0,0.9374999999999999
9,50,+,0,0.9374999999999999
9,50,-,0,0.9374999999999999
9,51,+,0,0.882004591124917
9,51,-,0,0.8749999999999999
9,52,+,0,0.9249999999999998
9,52,-,0,0.8749999999999999
9,53,+,0,0.9249999999999998
9,53,-,0,0.8642633970683907
9,54,+,0,0.8124999999999999
9,54,-,0,0.8025302972777915
9,55,+,0,0.8198915917499229
9,55,-,0,0.8198915917499229
9,56,+,0,0.9938079899999065
9,56,-,0,0.9753829766914696
9,57,+,0,0.9938079899999065
9,57,-,0,0.9874999999999998
9,58,+,0,0.9874999999999998
9,58,-,0,0.9874999999999998
9,59,+,0,0.8781140799175228
9,59,-,0,0.8781140799175228
9,60,+,0,0.8624999999999998
9,60,-,0,0.8624999999999998
9,61,+,0,0.8874999999999998
9,61,-,0,0.8874999999999998
9,62,+,0,0.9874999999999998
9,62,-,0,0.9749999999999999
9,63,+,0,0.9874999999999998
9,63,-,0,0.9749999999999999
9,64,+,0,0.8374999999999998
9,64,-,0,0.9124999999999999
9,65,+,0,0.9624999999999998
9,65,-,0,0.9259964968589901
9,66,+,0,0.9624999999999998
9,66,-,0,0.9259964968589901
9,67,+,0,0.9499999999999998
9,67,-,0,0.9506172839506173
9,68,+,0,0.9499999999999998
9,68,-,0,0.9506172839506173
9,69,+,0,0.9499999999999998
9,69,-,0,0.9316949906249123
9,70,+,0,0.8499999999999999
9,70,-,0,0.8499999999999999
9,71,+,0,0.8874999999999998
9,71,-,0,0.8749999999999999
9,72,+,0,0.8999999999999998
9,72,-,0,0.8999999999999998
9,73,+,0,0.9124999999999999
9,73,-,0,0.9249999999999998
9,74,+,0,0.9249999999999998
9,74,-,0,0.9249999999999998
9,75,+,0,0.9249999999999998
9,75,-,0,0.9249999999999998
9,76,+,0,0.8999999999999998
9,76,-,0,0.8749999999999999
9,77,+,0,0.7702011922499276
9,77,-,0,0.7702011922499276
9,78,+,0,0.9374999999999999
9,78,-,0,0.9383431168171099
9,79,+,0,0.9749999999999999
9,79,-,0,0.9749999999999999
9,80,+,0,0.9749999999999999
9,80,-,0,0.9749999999999999
9,81,+,0,0.9499999999999998
9,81,-,0,0.9316949906249123
10,0,+,0,0.8374999999999998
10,0,-,0,0.957217352663941
10,1,+,0,0.9192723907499135
10,1,-,0,0.957217352663941
10,2,+,0,0.9192723907499135
10,2,-,0,0.8835852486128687
10,3,+,0,0.8944271909999159
10,3,-,0,0.9124999999999999
10,4,+,0,0.9213644254408567
10,4,-,0,0.9124999999999999
10,5,+,0,0.9213644254408567
10,5,-,0,0.8148769172359113
10,6,+,0,0.8957223781626442
10,6,-,0,0.8358148565927197
10,7,+,0,0.9013032569427504
10,7,-,0,0.858116330321033
10,8,+,0,0.9013032569427504
10,8,-,0,0.9374999999999999
10,9,+,0,0.9506897367752298
10,9,-,0,0.9374999999999999
10,10,+,0,0.9506897367752298
10,10,-,0,0.9124999999999999
10,11,+,0,0.8099531445617962
10,11,-,0,0.7999999999999998
10,12,+,0,0.7976811272199509
10,12,-,0,0.7999999999999998
10,13,+,0,0.7874999999999999
10,13,-,0,0.7826237921249264
10,14,+,0,0.9124999999999999
10,14,-,0,0.9124999999999999
10,15,+,0,0.9124999999999999
10,15,-,0,0.9499999999999998
10,16,+,0,0.9124999999999999
10,16,-,0,0.9499999999999998
10,17,+,0,0.9124999999999999
10,17,-,0,0.8999999999999998
10,18,+,0,0.8642633970683907
10,18,-,0,0.8642633970683907
10,19,+,0,0.839570157152151
10,19,-,0,0.8624999999999998
10,20,+,0,0.9624999999999998
10,20,-,0,0.9374999999999999
10,21,+,0,0.9624999999999998
10,21,-,0,0.9749999999999999
10,22,+,0,0.9316949906249123
10,22,-,0,0.9749999999999999
10,23,+,0,0.8944271909999159
10,23,-,0,0.9316949906249123
10,24,+,0,0.7882407813680822
10,24,-,0,0.7874999999999999
10,25,+,0,0.8124999999999999
10,25,-,0,0.8124999999999999
10,26,+,0,0.9813853901249077
10,26,-,0,0.9124999999999999
10,27,+,0,0.9813853901249077
10,27,-,0,0.9124999999999999
10,28,+,0,0.9192723907499135
10,28,-,0,0.8499999999999999
10,29,+,0,0.807468991874924
10,29,-,0,0.882004591124917
10,30,+,0,0.8571593913749194
10,30,-,0,0.882004591124917
10,31,+,0,0.95654019037491
10,31,-,0,0.8874999999999998
10,32,+,0,0.95654019037491
10,32,-,0,0.9249999999999998
10,33,+,0,0.9192723907499135
10,33,-,0,0.9249999999999998
10,34,+,0,0.8051175601825399
10,34,-,0,0.7624999999999998
10,35,+,0,0.9259964968589901
10,35,-,0,0.8624999999999998
10,36,+,0,0.9259964968589901
10,36,-,0,0.8624999999999998
10,37,+,0,0.8519167771102709
10,37,-,0,0.895857265954714
10,38,+,0,0.9081292832965595
10,38,-,0,0.895857265954714
10,39,+,0,0.9081292832965595
10,39,-,0,0.9068497908749147
10,40,+,0,0.9374999999999999
10,40,-,0,0.9499999999999998
10,41,+,0,0.9374999999999999
10,41,-,0,0.9499999999999998
10,42,+,0,0.9192723907499135
10,42,-,0,0.9374999999999999
10,43,+,0,0.8695819912499182
10,43,-,0,0.8624999999999998
10,44,+,0,0.8148769172359113
10,44,-,0,0.8198915917499229
10,45,+,0,0.8624999999999998
10,45,-,0,0.8874999999999998
10,46,+,0,0.9249999999999998
10,46,-,0,0.9124999999999999
10,47,+,0,0.9249999999999998
10,47,-,0,0.9124999999999999
10,48,+,0,0.8999999999999998
10,48,-,0,0.9124999999999999
10,49,+,0,0.8999999999999998
10,49,-,0,0.9124999999999999
10,50,+,0,0.9499999999999998
10,50,-,0,0.8374999999999998
10,51,+,0,0.9499999999999998
10,51,-,0,0.8374999999999998
10,52,+,0,0.8417138129181099
10,52,-,0,0.8249999999999998
10,53,+,0,0.8417138129181099
10,53,-,0,0.8323141916249217
10,54,+,0,0.8874999999999998
10,54,-,0,0.8695819912499182
10,55,+,0,0.9749999999999999
10,55,-,0,0.9149063183892499
10,56,+,0,0.9874999999999998
10,56,-,0,0.9149063183892499
10,57,+,0,0.9874999999999998
10,57,-,0,0.9441175904999112
10,58,+,0,0.8642633970683907
10,58,-,0,0.9441175904999112
10,59,+,0,0.8121361275222274
10,59,-,0,0.7124999999999999
10,60,+,0,0.8124999999999999
10,60,-,0,0.8624999999999998
10,61,+,0,0.9374999999999999
10,61,-,0,0.9499999999999998
10,62,+,0,0.9441175904999112
10,62,-,0,0.9499999999999998
10,63,+,0,0.9441175904999112
10,63,-,0,0.9499999999999998
10,64,+,0,0.9124999999999999
10,64,-,0,0.9124999999999999
10,65,+,0,0.8999999999999998
10,65,-,0,0.8999999999999998
10,66,+,0,0.8874999999999998
10,66,-,0,0.8999999999999998
10,67,+,0,0.8874999999999998
10,67,-,0,0.8999999999999998
10,68,+,0,0.8374999999999998
10,68,-,0,0.8249999999999998
10,69,+,0,0.8323141916249217
10,69,-,0,0.7749999999999999
10,70,+,0,0.9192723907499135
10,70,-,0,0.8874999999999998
10,71,+,0,0.9624999999999998
10,71,-,0,0.9624999999999998
10,72,+,0,0.9624999999999998
10,72,-,0,0.9624999999999998
10,73,+,0,0.7624999999999998
10,73,-,0,0.7749999999999999
10,74,+,0,0.882004591124917
10,74,-,0,0.8249999999999998
10,75,+,0,0.8999999999999998
10,75,-,0,0.9624999999999998
10,76,+,0,0.9441175904999112
10,76,-,0,0.9624999999999998
10,77,+,0,0.9441175904999112
10,77,-,0,0.95654019037491
10,78,+,0,0.8695819912499182
10,78,-,0,0.8944271909999159
10,79,+,0,0.8374999999999998
10,79,-,0,0.8222251619036417
10,80,+,0,0.8624999999999998
10,80,-,0,0.9081292832965595
10,81,+,0,0.8624999999999998
10,81,-,0,0.9081292832965595
11,0,+,0,0.9938837346736189
11,0,-,0,0.95654019037491
11,1,+,0,0.9938837346736189
11,1,-,0,0.95654019037491
11,2,+,0,0.8749999999999999
11,2,-,0,0.8999999999999998
11,3,+,0,0.9499999999999998
11,3,-,0,0.8999999999999998
11,4,+,0,0.9499999999999998
11,4,-,0,0.8749999999999999
11,5,+,0,0.9524295737865638
11,5,-,0,0.8749999999999999
11,6,+,0,0.9524295737865638
11,6,-,0,0.8499999999999999
11,7,+,0,0.8624999999999998
11,7,-,0,0.9316949906249123
11,8,+,0,0.9124999999999999
11,8,-,0,0.9316949906249123
11,9,+,0,0.9124999999999999
11,9,-,0,0.8874999999999998
11,10,+,0,0.8870071077479605
11,10,-,0,0.8272235371940312
11,11,+,0,0.8999999999999998
11,11,-,0,0.9192723907499135
11,12,+,0,0.8999999999999998
11,12,-,0,0.9192723907499135
11,13,+,0,0.8874999999999998
11,13,-,0,0.8624999999999998
11,14,+,0,0.9499999999999998
11,14,-,0,0.9249999999999998
11,15,+,0,0.9499999999999998
11,15,-,0,0.9249999999999998
11,16,+,0,0.9249999999999998
11,16,-,0,0.9068497908749147
11,17,+,0,0.8749999999999999
11,17,-,0,0.9068497908749147
11,18,+,0,0.8749999999999999
11,18,-,0,0.8222251619036417
11,19,+,0,0.8749999999999999
11,19,-,0,0.8374999999999998
11,20,+,0,0.9249999999999998
11,20,-,0,0.9068497908749147
11,21,+,0,0.9249999999999998
11,21,-,0,0.9374999999999999
11,22,+,0,0.9249999999999998
11,22,-,0,0.9374999999999999
11,23,+,0,0.9249999999999998
11,23,-,0,0.9249999999999998
11,24,+,0,0.8624999999999998
11,24,-,0,0.8624999999999998
11,25,+,0,0.8749999999999999
11,25,-,0,0.8749999999999999
11,26,+,0,0.8749999999999999
11,26,-,0,0.8749999999999999
11,27,+,0,0.9624999999999998
11,27,-,0,0.9499999999999998
11,28,+,0,0.9624999999999998
11,28,-,0,0.9874999999999998
11,29,+,0,0.9499999999999998
11,29,-,0,0.9874999999999998
11,30,+,0,0.8499999999999999
11,30,-,0,0.8374999999999998
11,31,+,0,0.8499999999999999
11,31,-,0,0.8499999999999999
11,32,+,0,0.8249999999999998
11,32,-,0,0.8249999999999998
11,33,+,0,0.9374999999999999
11,33,-,0,0.8874999999999998
11,34,+,0,0.9374999999999999
11,34,-,0,0.8874999999999998
11,35,+,0,0.8374999999999998
11,35,-,0,0.8374999999999998
11,36,+,0,0.8323141916249217
11,36,-,0,0.8571593913749194
11,37,+,0,0.8749999999999999
11,37,-,0,0.8749999999999999
11,38,+,0,0.9068497908749147
11,38,-,0,0.9068497908749147
11,39,+,0,0.9124999999999999
11,39,-,0,0.9124999999999999
11,40,+,0,0.9124999999999999
11,40,-,0,0.9124999999999999
11,41,+,0,0.8874999999999998
11,41,-,0,0.8766100170265106
11,42,+,0,0.8624999999999998
11,42,-,0,0.8624999999999998
11,43,+,0,0.8499999999999999
11,43,-,0,0.8499999999999999
11,44,+,0,0.8642633970683907
11,44,-,0,0.8374999999999998
11,45,+,0,0.8642633970683907
11,45,-,0,0.846198047955463
11,46,+,0,0.8499999999999999
11,46,-,0,0.846198047955463
11,47,+,0,0.8499999999999999
11,47,-,0,0.7749999999999999
11,48,+,0,0.9124999999999999
11,48,-,0,0.8874999999999998
11,49,+,0,0.9624999999999998
11,49,-,0,0.9749999999999999
11,50,+,0,0.9624999999999998
11,50,-,0,0.9749999999999999
11,51,+,0,0.9316949906249123
11,51,-,0,0.9249999999999998
11,52,+,0,0.882004591124917
11,52,-,0,0.8499999999999999
11,53,+,0,0.7499999999999999
11,53,-,0,0.7374999999999998
11,54,+,0,0.9124999999999999
11,54,-,0,0.858116330321033
11,55,+,0,0.9249999999999998
11,55,-,0,0.9374999999999999
11,56,+,0,0.9249999999999998
11,56,-,0,0.9374999999999999
11,57,+,0,0.9136498769008702
11,57,-,0,0.9124999999999999
11,58,+,0,0.8749999999999999
11,58,-,0,0.9124999999999999
11,59,+,0,0.8749999999999999
11,59,-,0,0.9124999999999999
11,60,+,0,0.8749999999999999
11,60,-,0,0.8624999999999998
11,61,+,0,0.9124999999999999
11,61,-,0,0.8889566369846305
11,62,+,0,0.9124999999999999
11,62,-,0,0.8889566369846305
11,63,+,0,0.8124999999999999
11,63,-,0,0.8499999999999999
11,64,+,0,0.9316949906249123
11,64,-,0,0.8749999999999999
11,65,+,0,0.9316949906249123
11,65,-,0,0.8749999999999999
11,66,+,0,0.8749999999999999
11,66,-,0,0.8499999999999999
11,67,+,0,0.8624999999999998
11,67,-,0,0.8624999999999998
11,68,+,0,0.9374999999999999
11,68,-,0,0.8624999999999998
11,69,+,0,0.9441175904999112
11,69,-,0,0.95654019037491
11,70,+,0,0.9441175904999112
11,70,-,0,0.95654019037491
11,71,+,0,0.8957223781626442
11,71,-,0,0.8198915917499229
11,72,+,0,0.8374999999999998
11,72,-,0,0.8374999999999998
11,73,+,0,0.9136498769008702
11,73,-,0,0.8624999999999998
11,74,+,0,0.9136498769008702
11,74,-,0,0.8624999999999998
11,75,+,0,0.9013032569427504
11,75,-,0,0.8374999999999998
11,76,+,0,0.8499999999999999
11,76,-,0,0.8447367914999205
11,77,+,0,0.8499999999999999
11,77,-,0,0.8499999999999999
11,78,+,0,0.8749999999999999
11,78,-,0,0.9124999999999999
11,79,+,0,0.8835852486128687
11,79,-,0,0.9124999999999999
11,80,+,0,0.8835852486128687
11,80,-,0,0.9448030564181316
11,81,+,0,0.8590412139291779
11,81,-,0,0.9448030564181316
12,0,+,0,0.7499999999999999
12,0,-,0,0.8124999999999999
12,1,+,0,0.9374999999999999
12,1,-,0,0.9013032569427504
12,2,+,0,0.9874999999999998
12,2,-,0,0.9506897367752298
12,3,+,0,0.9874999999999998
12,3,-,0,0.9506897367752298
12,4,+,0,0.9124999999999999
12,4,-,0,0.9249999999999998
12,5,+,0,0.9124999999999999
12,5,-,0,0.8999999999999998
12,6,+,0,0.8749999999999999
12,6,-,0,0.8999999999999998
12,7,+,0,0.8749999999999999
12,7,-,0,0.8749999999999999
12,8,+,0,0.8571593913749194
12,8,-,0,0.8571593913749194
12,9,+,0,0.9068497908749147
12,9,-,0,0.9124999999999999
12,10,+,0,0.9068497908749147
12,10,-,0,0.9124999999999999
12,11,+,0,0.9499999999999998
12,11,-,0,0.9624999999999998
12,12,+,0,0.9499999999999998
12,12,-,0,0.9624999999999998
12,13,+,0,0.9499999999999998
12,13,-,0,0.9499999999999998
12,14,+,0,0.7702011922499276
12,14,-,0,0.7240490231688785
12,15,+,0,0.8624999999999998
12,15,-,0,0.8624999999999998
12,16,+,0,0.9499999999999998
12,16,-,0,0.9499999999999998
12,17,+,0,0.9499999999999998
12,17,-,0,0.9499999999999998
12,18,+,0,0.9515025711248198
12,18,-,0,0.9506897367752298
12,19,+,0,0.9515025711248198
12,19,-,0,0.9506897367752298
12,20,+,0,0.9358165417914619
12,20,-,0,0.9342824988521437
12,21,+,0,0.9241188350190687
12,21,-,0,0.9112585565374656
12,22,+,0,0.8809523809523809
12,22,-,0,0.8862434338158117
12,23,+,0,0.8874999999999998
12,23,-,0,0.882004591124917
12,24,+,0,0.9124999999999999
12,24,-,0,0.9124999999999999
12,25,+,0,0.9374999999999999
12,25,-,0,0.9499999999999998
12,26,+,0,0.9374999999999999
12,26,-,0,0.9499999999999998
12,27,+,0,0.9249999999999998
12,27,-,0,0.9249999999999998
12,28,+,0,0.8499999999999999
12,28,-,0,0.8749999999999999
12,29,+,0,0.8874999999999998
12,29,-,0,0.8749999999999999
12,30,+,0,0.8874999999999998
12,30,-,0,0.8571593913749194
12,31,+,0,0.8249999999999998
12,31,-,0,0.8249999999999998
12,32,+,0,0.8124999999999999
12,32,-,0,0.8124999999999999
12,33,+,0,0.8374999999999998
12,33,-,0,0.8374999999999998
12,34,+,0,0.8749999999999999
12,34,-,0,0.8749999999999999
12,35,+,0,0.8999999999999998
12,35,-,0,0.8999999999999998
12,36,+,0,0.9124999999999999
12,36,-,0,0.9249999999999998
12,37,+,0,0.9124999999999999
12,37,-,0,0.9249999999999998
12,38,+,0,0.8749999999999999
12,38,-,0,0.8749999999999999
12,39,+,0,0.8624999999999998
12,39,-,0,0.8624999999999998
12,40,+,0,0.8749999999999999
12,40,-,0,0.8749999999999999
12,41,+,0,0.8874999999999998
12,41,-,0,0.8874999999999998
12,42,+,0,0.8624999999999998
12,42,-,0,0.8624999999999998
12,43,+,0,0.9124999999999999
12,43,-,0,0.8999999999999998
12,44,+,0,0.9124999999999999
12,44,-,0,0.8999999999999998
12,45,+,0,0.8944271909999159
12,45,-,0,0.8766100170265106
12,46,+,0,0.8695819912499182
12,46,-,0,0.8642633970683907
12,47,+,0,0.8249999999999998
12,47,-,0,0.8249999999999998
12,48,+,0,0.9441175904999112
12,48,-,0,0.9441175904999112
12,49,+,0,0.9441175904999112
12,49,-,0,0.9441175904999112
12,50,+,0,0.8695819912499182
12,50,-,0,0.8571593913749194
12,51,+,0,0.8711820390349005
12,51,-,0,0.9068870751165525
12,52,+,0,0.9316949906249123
12,52,-,0,0.9385621324155873
12,53,+,0,0.9316949906249123
12,53,-,0,0.9385621324155873
12,54,+,0,0.8999999999999998
12,54,-,0,0.8944271909999159
12,55,+,0,0.8999999999999998
12,55,-,0,0.8944271909999159
12,56,+,0,0.8499999999999999
12,56,-,0,0.8323141916249217
12,57,+,0,0.8624999999999998
12,57,-,0,0.9192723907499135
12,58,+,0,0.9249999999999998
12,58,-,0,0.9192723907499135
12,59,+,0,0.9249999999999998
12,59,-,0,0.9124999999999999
12,60,+,0,0.8944271909999159
12,60,-,0,0.8999999999999998
12,61,+,0,0.8323141916249217
12,61,-,0,0.8249999999999998
12,62,+,0,0.7999999999999998
12,62,-,0,0.7551546998394799
12,63,+,0,0.7999999999999998
12,63,-,0,0.7874999999999999
12,64,+,0,0.8374999999999998
12,64,-,0,0.7950463919999252
12,65,+,0,0.8749999999999999
12,65,-,0,0.8499999999999999
12,66,+,0,0.9249999999999998
12,66,-,0,0.9374999999999999
12,67,+,0,0.9499999999999998
12,67,-,0,0.9624999999999998
12,68,+,0,0.9499999999999998
12,68,-,0,0.9624999999999998
12,69,+,0,0.8874999999999998
12,69,-,0,0.8944271909999159
12,70,+,0,0.8624999999999998
12,70,-,0,0.8624999999999998
12,71,+,0,0.9013032569427504
12,71,-,0,0.8874999999999998
12,72,+,0,0.9013032569427504
12,72,-,0,0.8874999999999998
12,73,+,0,0.8051175601825399
12,73,-,0,0.7826237921249264
12,74,+,0,0.8124999999999999
12,74,-,0,0.7999999999999998
12,75,+,0,0.8124999999999999
12,75,-,0,0.7999999999999998
12,76,+,0,0.8374999999999998
12,76,-,0,0.8624999999999998
12,77,+,0,0.9749999999999999
12,77,-,0,0.9749999999999999
12,78,+,0,0.9749999999999999
12,78,-,0,0.9749999999999999
12,79,+,0,0.9939576486092933
12,79,-,0,0.9938837346736189
12,80,+,0,0.9939576486092933
12,80,-,0,0.9938837346736189
12,81,+,0,0.9817613873476319
12,81,-,0,0.9877295966495895
13,0,+,0,0.8849947770681913
13,0,-,0,0.8889566369846305
13,1,+,0,0.8944271909999159
13,1,-,0,0.9383431168171099
13,2,+,0,0.9249999999999998
13,2,-,0,0.9383431168171099
13,3,+,0,0.9249999999999998
13,3,-,0,0.9326733179802502
13,4,+,0,0.8198915917499229
13,4,-,0,0.8222251619036417
13,5,+,0,0.8905088165655366
13,5,-,0,0.8355254369862057
13,6,+,0,0.8916309815169777
13,6,-,0,0.8467691965873325
13,7,+,0,0.8916309815169777
13,7,-,0,0.8467691965873325
13,8,+,0,0.8519167771102709
13,8,-,0,0.8249999999999998
13,9,+,0,0.9192723907499135
13,9,-,0,0.8999999999999998
13,10,+,0,0.9374999999999999
13,10,-,0,0.9249999999999998
13,11,+,0,0.9374999999999999
13,11,-,0,0.9249999999999998
13,12,+,0,0.8874999999999998
13,12,-,0,0.8749999999999999
13,13,+,0,0.8499999999999999
13,13,-,0,0.8249999999999998
13,14,+,0,0.9124999999999999
13,14,-,0,0.8999999999999998
13,15,+,0,0.9124999999999999
13,15,-,0,0.9749999999999999
13,16,+,0,0.9124999999999999
13,16,-,0,0.9749999999999999
13,17,+,0,0.8999999999999998
13,17,-,0,0.8624999999999998
13,18,+,0,0.8499999999999999
13,18,-,0,0.8499999999999999
13,19,+,0,0.9249999999999998
13,19,-,0,0.9249999999999998
13,20,+,0,0.9249999999999998
13,20,-,0,0.9249999999999998
13,21,+,0,0.8749999999999999
13,21,-,0,0.8499999999999999
13,22,+,0,0.8447367914999205
13,22,-,0,0.8624999999999998
13,23,+,0,0.8874999999999998
13,23,-,0,0.8874999999999998
13,24,+,0,0.8999999999999998
13,24,-,0,0.9249999999999998
13,25,+,0,0.8999999999999998
13,25,-,0,0.9249999999999998
13,26,+,0,0.7874999999999999
13,26,-,0,0.8124999999999999
13,27,+,0,0.9749999999999999
13,27,-,0,0.9749999999999999
13,28,+,0,0.9749999999999999
13,28,-,0,0.9749999999999999
13,29,+,0,0.9333333333333333
13,29,-,0,0.9499999999999998
13,30,+,0,0.9385621324155873
13,30,-,0,0.9374999999999999
13,31,+,0,0.9385621324155873
13,31,-,0,0.9124999999999999
13,32,+,0,0.8466416999071569
13,32,-,0,0.8642633970683907
13,33,+,0,0.8466416999071569
13,33,-,0,0.8642633970683907
13,34,+,0,0.9596818768804766
13,34,-,0,0.9001808023903551
13,35,+,0,0.9596818768804766
13,35,-,0,0.9001808023903551
13,36,+,0,0.8571568516546769
13,36,-,0,0.8447367914999205
13,37,+,0,0.8624999999999998
13,37,-,0,0.8874999999999998
13,38,+,0,0.8749999999999999
13,38,-,0,0.8874999999999998
13,39,+,0,0.9374999999999999
13,39,-,0,0.9124999999999999
13,40,+,0,0.9374999999999999
13,40,-,0,0.9499999999999998
13,41,+,0,0.8999999999999998
13,41,-,0,0.9499999999999998
13,42,+,0,0.8695819912499182
13,42,-,0,0.9124999999999999
13,43,+,0,0.8749999999999999
13,43,-,0,0.8749999999999999
13,44,+,0,0.8874999999999998
13,44,-,0,0.8999999999999998
13,45,+,0,0.9068497908749147
13,45,-,0,0.8999999999999998
13,46,+,0,0.9068497908749147
13,46,-,0,0.882004591124917
13,47,+,0,0.882004591124917
13,47,-,0,0.8944271909999159
13,48,+,0,0.8374999999999998
13,48,-,0,0.8944271909999159
13,49,+,0,0.8374999999999998
13,49,-,0,0.8749999999999999
13,50,+,0,0.9316949906249123
13,50,-,0,0.9124999999999999
13,51,+,0,0.9316949906249123
13,51,-,0,0.9124999999999999
13,52,+,0,0.9374999999999999
13,52,-,0,0.9249999999999998
13,53,+,0,0.9374999999999999
13,53,-,0,0.9374999999999999
13,54,+,0,0.9374999999999999
13,54,-,0,0.9374999999999999
13,55,+,0,0.9374999999999999
13,55,-,0,0.9749999999999999
13,56,+,0,0.9374999999999999
13,56,-,0,0.9749999999999999
13,57,+,0,0.848528137423857
13,57,-,0,0.9374999999999999
13,58,+,0,0.8124999999999999
13,58,-,0,0.8499999999999999
13,59,+,0,0.7624999999999998
13,59,-,0,0.8249999999999998
13,60,+,0,0.8999999999999998
13,60,-,0,0.9192723907499135
13,61,+,0,0.9624999999999998
13,61,-,0,0.9441175904999112
13,62,+,1,0.9999999999999998
13,62,-,0,0.9874999999999998
13,63,+,0,0.9999999999999998
13,63,-,0,0.9874999999999998
13,64,+,0,0.9749999999999999
13,64,-,0,0.9624999999999998
13,65,+,0,0.8124999999999999
13,65,-,0,0.8124999999999999
13,66,+,0,0.8124999999999999
13,66,-,0,0.8999999999999998
13,67,+,0,0.8999999999999998
13,67,-,0,0.8999999999999998
13,68,+,0,0.8999999999999998
13,68,-,0,0.882004591124917
13,69,+,0,0.8499999999999999
13,69,-,0,0.882004591124917
13,70,+,0,0.8249999999999998
13,70,-,0,0.8249999999999998
13,71,+,0,0.8499999999999999
13,71,-,0,0.9124999999999999
13,72,+,0,0.8999999999999998
13,72,-,0,0.9499999999999998
13,73,+,0,0.8999999999999998
13,73,-,0,0.9499999999999998
13,74,+,0,0.8999999999999998
13,74,-,0,0.8624999999999998
13,75,+,0,0.8124999999999999
13,75,-,0,0.8374999999999998
13,76,+,0,0.8305371808399225
13,76,-,0,0.8124999999999999
13,77,+,0,0.9241188350190687
13,77,-,0,0.9136498769008702
13,78,+,0,0.9768102246650276
13,78,-,0,0.9693433955458752
13,79,+,0,0.9768102246650276
13,79,-,0,0.9693433955458752
13,80,+,0,0.9624999999999998
13,80,-,0,0.9689627902499088
13,81,+,0,0.9624999999999998
13,81,-,0,0.9689627902499088
14,0,+,0,0.9249999999999998
14,0,-,0,0.9874999999999998
14,1,+,0,0.9249999999999998
14,1,-,0,0.9874999999999998
14,2,+,0,0.8624999999999998
14,2,-,0,0.8198915917499229
14,3,+,0,0.8749999999999999
14,3,-,0,0.882004591124917
14,4,+,0,0.8999999999999998
14,4,-,0,0.8944271909999159
14,5,+,0,0.8999999999999998
14,5,-,0,0.8999999999999998
14,6,+,0,0.9124999999999999
14,6,-,0,0.8874999999999998
14,7,+,0,0.9124999999999999
14,7,-,0,0.8874999999999998
14,8,+,0,0.7999999999999998
14,8,-,0,0.7874999999999999
14,9,+,0,0.8749999999999999
14,9,-,0,0.8749999999999999
14,10,+,0,0.8624999999999998
14,10,-,0,0.8624999999999998
14,11,+,0,0.9124999999999999
14,11,-,0,0.9249999999999998
14,12,+,0,0.9624999999999998
14,12,-,0,0.9624999999999998
14,13,+,0,0.9624999999999998
14,13,-,0,0.9624999999999998
14,14,+,0,0.9374999999999999
14,14,-,0,0.9499999999999998
14,15,+,0,0.8749999999999999
14,15,-,0,0.8749999999999999
14,16,+,0,0.8374999999999998
14,16,-,0,0.8374999999999998
14,17,+,0,0.8749999999999999
14,17,-,0,0.8749999999999999
14,18,+,0,0.8999999999999998
14,18,-,0,0.8749999999999999
14,19,+,0,0.8999999999999998
14,19,-,0,0.9124999999999999
14,20,+,0,0.8999999999999998
14,20,-,0,0.9124999999999999
14,21,+,0,0.8749999999999999
14,21,-,0,0.8749999999999999
14,22,+,0,0.8695819912499182
14,22,-,0,0.8695819912499182
14,23,+,0,0.8999999999999998
14,23,-,0,0.8944271909999159
14,24,+,0,0.9068497908749147
14,24,-,0,0.8944271909999159
14,25,+,0,0.9441175904999112
14,25,-,0,0.9374999999999999
14,26,+,0,0.9441175904999112
14,26,-,0,0.9374999999999999
14,27,+,0,0.8874999999999998
14,27,-,0,0.8874999999999998
14,28,+,0,0.8749999999999999
14,28,-,0,0.8624999999999998
14,29,+,0,0.8624999999999998
14,29,-,0,0.8249999999999998
14,30,+,0,0.8624999999999998
14,30,-,0,0.8499999999999999
14,31,+,0,0.9124999999999999
14,31,-,0,0.9192723907499135
14,32,+,0,0.9124999999999999
14,32,-,0,0.9192723907499135
14,33,+,0,0.8624999999999998
14,33,-,0,0.807468991874924
14,34,+,0,0.9249999999999998
14,34,-,0,0.9499999999999998
14,35,+,0,0.9749999999999999
14,35,-,0,0.9499999999999998
14,36,+,0,0.9749999999999999
14,36,-,0,0.9498956733669914
14,37,+,0,0.8889566369846305
14,37,-,0,0.9498956733669914
14,38,+,0,0.8624999999999998
14,38,-,0,0.8889040886373342
14,39,+,0,0.8624999999999998
14,39,-,0,0.8783100656536799
14,40,+,0,0.9068497908749147
14,40,-,0,0.8944271909999159
14,41,+,0,0.9624999999999998
14,41,-,0,0.9441175904999112
14,42,+,0,0.9624999999999998
14,42,-,0,0.9441175904999112
14,43,+,0,0.8749999999999999
14,43,-,0,0.8749999999999999
14,44,+,0,0.8499999999999999
14,44,-,0,0.8499999999999999
14,45,+,0,0.8695819912499182
14,45,-,0,0.9403735032323035
14,46,+,0,0.8888888888888888
14,46,-,0,0.9403735032323035
14,47,+,0,0.9068497908749147
14,47,-,0,0.9144200879268107
14,48,+,0,0.9068497908749147
14,48,-,0,0.8749999999999999
14,49,+,0,0.8874999999999998
14,49,-,0,0.8874999999999998
14,50,+,0,0.8874999999999998
14,50,-,0,0.9249999999999998
14,51,+,0,0.8874999999999998
14,51,-,0,0.9249999999999998
14,52,+,0,0.8766100170265106
14,52,-,0,0.8749999999999999
14,53,+,0,0.8148769172359113
14,53,-,0,0.7901836773196715
14,54,+,0,0.8749999999999999
14,54,-,0,0.8999999999999998
14,55,+,0,0.8874999999999998
14,55,-,0,0.8999999999999998
14,56,+,0,0.8944271909999159
14,56,-,0,0.8999999999999998
14,57,+,0,0.8944271909999159
14,57,-,0,0.8999999999999998
14,58,+,0,0.8695819912499182
14,58,-,0,0.8889566369846305
14,59,+,0,0.8874999999999998
14,59,-,0,0.8874999999999998
14,60,+,0,0.8999999999999998
14,60,-,0,0.8999999999999998
14,61,+,0,0.9441175904999112
14,61,-,0,0.9499999999999998
14,62,+,0,0.9499999999999998
14,62,-,0,0.9749999999999999
14,63,+,0,0.9499999999999998
14,63,-,0,0.9749999999999999
14,64,+,0,0.8749999999999999
14,64,-,0,0.8749999999999999
14,65,+,0,0.8874999999999998
14,65,-,0,0.8874999999999998
14,66,+,0,0.8874999999999998
14,66,-,0,0.8624999999999998
14,67,+,0,0.8874999999999998
14,67,-,0,0.8749999999999999
14,68,+,0,0.9124999999999999
14,68,-,0,0.9249999999999998
14,69,+,0,0.9124999999999999
14,69,-,0,0.9249999999999998
14,70,+,0,0.8749999999999999
14,70,-,0,0.8999999999999998
14,71,+,0,0.8749999999999999
14,71,-,0,0.8999999999999998
14,72,+,0,0.8749999999999999
14,72,-,0,0.8999999999999998
14,73,+,0,0.8624999999999998
14,73,-,0,0.8624999999999998
14,74,+,0,0.9124999999999999
14,74,-,0,0.8999999999999998
14,75,+,0,0.9624999999999998
14,75,-,0,0.9624999999999998
14,76,+,0,0.9624999999999998
14,76,-,0,0.9624999999999998
14,77,+,0,0.9441175904999112
14,77,-,0,0.9316949906249123
14,78,+,0,0.8874999999999998
14,78,-,0,0.8874999999999998
14,79,+,0,0.9499999999999998
14,79,-,0,0.9499999999999998
14,80,+,0,0.9749999999999999
14,80,-,0,0.9749999999999999
14,81,+,0,0.9749999999999999
14,81,-,0,0.9749999999999999
15,0,+,0,0.9749999999999999
15,0,-,0,0.9441175904999112
15,1,+,0,0.9749999999999999
15,1,-,0,0.9441175904999112
15,2,+,0,0.897381812634432
15,2,-,0,0.9081292832965595
15,3,+,0,0.8766100170265106
15,3,-,0,0.8766100170265106
15,4,+,0,0.8889566369846305
15,4,-,0,0.8835852486128687
15,5,+,0,0.9506897367752298
15,5,-,0,0.9113862106049877
15,6,+,0,0.9624999999999998
15,6,-,0,0.9759036144578314
15,7,+,0,0.9624999999999998
15,7,-,0,0.9759036144578314
15,8,+,0,0.8571593913749194
15,8,-,0,0.853722022142036
15,9,+,0,0.8499999999999999
15,9,-,0,0.8499999999999999
15,10,+,0,0.9249999999999998
15,10,-,0,0.9249999999999998
15,11,+,0,0.9249999999999998
15,11,-,0,0.9249999999999998
15,12,+,0,0.9249999999999998
15,12,-,0,0.9374999999999999
15,13,+,0,0.9249999999999998
15,13,-,0,0.9374999999999999
15,14,+,0,0.8624999999999998
15,14,-,0,0.8624999999999998
15,15,+,0,0.9374999999999999
15,15,-,0,0.8889566369846305
15,16,+,0,0.9499999999999998
15,16,-,0,0.9630363567333498
15,17,+,0,0.9499999999999998
15,17,-,0,0.9630363567333498
15,18,+,0,0.9124999999999999
15,18,-,0,0.8999999999999998
15,19,+,0,0.8624999999999998
15,19,-,0,0.8624999999999998
15,20,+,0,0.8624999999999998
15,20,-,0,0.8624999999999998
15,21,+,0,0.8519167771102709
15,21,-,0,0.8519167771102709
15,22,+,0,0.8624999999999998
15,22,-,0,0.8624999999999998
15,23,+,0,0.8874999999999998
15,23,-,0,0.8874999999999998
15,24,+,0,0.9124999999999999
15,24,-,0,0.9499999999999998
15,25,+,0,0.9249999999999998
15,25,-,0,0.9499999999999998
15,26,+,0,0.9249999999999998
15,26,-,0,0.8874999999999998
15,27,+,0,0.8749999999999999
15,27,-,0,0.8749999999999999
15,28,+,0,0.8749999999999999
15,28,-,0,0.8749999999999999
15,29,+,0,0.8874999999999998
15,29,-,0,0.8642633970683907
15,30,+,0,0.9506897367752298
15,30,-,0,0.8999999999999998
15,31,+,0,0.9506897367752298
15,31,-,0,0.8999999999999998
15,32,+,0,0.9136498769008702
15,32,-,0,0.8999999999999998
15,33,+,0,0.8749999999999999
15,33,-,0,0.8999999999999998
15,34,+,0,0.8571593913749194
15,34,-,0,0.8571593913749194
15,35,+,0,0.8499999999999999
15,35,-,0,0.8749999999999999
15,36,+,0,0.95654019037491
15,36,-,0,0.9499999999999998
15,37,+,0,0.95654019037491
15,37,-,0,0.9499999999999998
15,38,+,0,0.8499999999999999
15,38,-,0,0.8499999999999999
15,39,+,0,0.8624999999999998
15,39,-,0,0.8624999999999998
15,40,+,0,0.8374999999999998
15,40,-,0,0.8318688682439608
15,41,+,0,0.8944271909999159
15,41,-,0,0.8944271909999159
15,42,+,0,0.8999999999999998
15,42,-,0,0.8999999999999998
15,43,+,0,0.8749999999999999
15,43,-,0,0.8999999999999998
15,44,+,0,0.9124999999999999
15,44,-,0,0.9249999999999998
15,45,+,0,0.9124999999999999
15,45,-,0,0.9249999999999998
15,46,+,0,0.882004591124917
15,46,-,0,0.8874999999999998
15,47,+,0,0.8624999999999998
15,47,-,0,0.8749999999999999
15,48,+,0,0.8999999999999998
15,48,-,0,0.8749999999999999
15,49,+,0,0.9499999999999998
15,49,-,0,0.9249999999999998
15,50,+,0,0.9499999999999998
15,50,-,0,0.9249999999999998
15,51,+,0,0.9249999999999998
15,51,-,0,0.9249999999999998
15,52,+,0,0.8624999999999998
15,52,-,0,0.8624999999999998
15,53,+,0,0.8999999999999998
15,53,-,0,0.9249999999999998
15,54,+,0,0.8999999999999998
15,54,-,0,0.9249999999999998
15,55,+,0,0.8999999999999998
15,55,-,0,0.8467691965873325
15,56,+,0,0.8749999999999999
15,56,-,0,0.8749999999999999
15,57,+,0,0.8624999999999998
15,57,-,0,0.8624999999999998
15,58,+,0,0.882004591124917
15,58,-,0,0.882004591124917
15,59,+,0,0.9624999999999998
15,59,-,0,0.9499999999999998
15,60,+,0,0.9624999999999998
15,60,-,0,0.9499999999999998
15,61,+,0,0.9249999999999998
15,61,-,0,0.9249999999999998
15,62,+,0,0.882004591124917
15,62,-,0,0.882004591124917
15,63,+,0,0.8624999999999998
15,63,-,0,0.8624999999999998
15,64,+,0,0.8642633970683907
15,64,-,0,0.8642633970683907
15,65,+,0,0.8874999999999998
15,65,-,0,0.8999999999999998
15,66,+,0,0.8874999999999998
15,66,-,0,0.9124999999999999
15,67,+,0,0.8874999999999998
15,67,-,0,0.9124999999999999
15,68,+,0,0.9124999999999999
15,68,-,0,0.8874999999999998
15,69,+,0,0.9124999999999999
15,69,-,0,0.8874999999999998
15,70,+,0,0.8374999999999998
15,70,-,0,0.8374999999999998
15,71,+,0,0.9124999999999999
15,71,-,0,0.9124999999999999
15,72,+,0,0.9124999999999999
15,72,-,0,0.9124999999999999
15,73,+,0,0.9374999999999999
15,73,-,0,0.9124999999999999
15,74,+,0,0.9624999999999998
15,74,-,0,0.9499999999999998
15,75,+,0,0.9624999999999998
15,75,-,0,0.9499999999999998
15,76,+,0,0.8695819912499182
15,76,-,0,0.8695819912499182
15,77,+,0,0.8374999999999998
15,77,-,0,0.8374999999999998
15,78,+,0,0.8439249387982211
15,78,-,0,0.8374999999999998
15,79,+,0,0.9644856443408241
15,79,-,0,0.9689627902499088
15,80,+,0,0.9644856443408241
15,80,-,0,0.9689627902499088
15,81,+,0,0.9630363567333498
15,81,-,0,0.8627455574543497
16,0,+,0,0.9316949906249123
16,0,-,0,0.9630363567333498
16,1,+,0,0.9316949906249123
16,1,-,0,0.9999999999999998
16,2,+,0,0.9374999999999999
16,2,-,1,0.9999999999999998
16,3,+,0,0.9441175904999112
16,3,-,0,0.8944271909999159
16,4,+,0,0.9441175904999112
16,4,-,0,0.9515025711248198
16,5,+,0,0.9499999999999998
16,5,-,0,0.9624999999999998
16,6,+,0,0.9499999999999998
16,6,-,0,0.9689627902499088
16,7,+,0,0.9499999999999998
16,7,-,0,0.9689627902499088
16,8,+,0,0.7702011922499276
16,8,-,0,0.807468991874924
16,9,+,0,0.882004591124917
16,9,-,0,0.8173163110943966
16,10,+,0,0.9135802469135802
16,10,-,0,0.8173163110943966
16,11,+,0,0.9135802469135802
16,11,-,0,0.8874999999999998
16,12,+,0,0.9624999999999998
16,12,-,0,0.9624999999999998
16,13,+,0,0.9624999999999998
16,13,-,0,0.9624999999999998
16,14,+,0,0.9374999999999999
16,14,-,0,0.9249999999999998
16,15,+,0,0.8571593913749194
16,15,-,0,0.9249999999999998
16,16,+,0,0.8374999999999998
16,16,-,0,0.7950463919999252
16,17,+,0,0.8374999999999998
16,17,-,0,0.8198915917499229
16,18,+,0,0.9374999999999999
16,18,-,0,0.8624999999999998
16,19,+,0,0.9374999999999999
16,19,-,0,0.8624999999999998
16,20,+,0,0.9124999999999999
16,20,-,0,0.9499999999999998
16,21,+,0,0.9124999999999999
16,21,-,0,0.9499999999999998
16,22,+,0,0.9202627172903879
16,22,-,0,0.8874999999999998
16,23,+,0,0.9333504749136047
16,23,-,0,0.8874999999999998
16,24,+,0,0.9333504749136047
16,24,-,0,0.8889566369846305
16,25,+,0,0.8835852486128687
16,25,-,0,0.8889566369846305
16,26,+,0,0.8624999999999998
16,26,-,0,0.8374999999999998
16,27,+,0,0.8624999999999998
16,27,-,0,0.8124999999999999
16,28,+,0,0.8390607775994221
16,28,-,0,0.8124999999999999
16,29,+,0,0.9634862821317264
16,29,-,0,0.9499999999999998
16,30,+,0,0.9634862821317264
16,30,-,0,0.9499999999999998
16,31,+,0,0.8695819912499182
16,31,-,0,0.8624999999999998
16,32,+,0,0.8749999999999999
16,32,-,0,0.8749999999999999
16,33,+,0,0.9124999999999999
16,33,-,0,0.9124999999999999
16,34,+,0,0.9316949906249123
16,34,-,0,0.9249999999999998
16,35,+,0,0.9629629629629629
16,35,-,0,0.9374999999999999
16,36,+,0,0.9629629629629629
16,36,-,0,0.9374999999999999
16,37,+,0,0.9124999999999999
16,37,-,0,0.9124999999999999
16,38,+,0,0.9124999999999999
16,38,-,0,0.9124999999999999
16,39,+,0,0.9624999999999998
16,39,-,0,0.9499999999999998
16,40,+,0,0.9624999999999998
16,40,-,0,0.9499999999999998
16,41,+,0,0.8874999999999998
16,41,-,0,0.9249999999999998
16,42,+,0,0.7950463919999252
16,42,-,0,0.7950463919999252
16,43,+,0,0.8124999999999999
16,43,-,0,0.8249999999999998
16,44,+,0,0.8999999999999998
16,44,-,0,0.9249999999999998
16,45,+,0,0.9249999999999998
16,45,-,0,0.9249999999999998
16,46,+,0,0.9249999999999998
16,46,-,0,0.9124999999999999
16,47,+,0,0.9124999999999999
16,47,-,0,0.9124999999999999
16,48,+,0,0.8999999999999998
16,48,-,0,0.8999999999999998
16,49,+,0,0.8499999999999999
16,49,-,0,0.8749999999999999
16,50,+,0,0.8499999999999999
16,50,-,0,0.8249999999999998
16,51,+,0,0.8295150620062532
16,51,-,0,0.8874999999999998
16,52,+,0,0.8295150620062532
16,52,-,0,0.8874999999999998
16,53,+,0,0.8905088165655366
16,53,-,0,0.8874999999999998
16,54,+,0,0.9874999999999998
16,54,-,0,0.9249999999999998
16,55,+,0,0.9874999999999998
16,55,-,0,0.9249999999999998
16,56,+,0,0.9249999999999998
16,56,-,0,0.9249999999999998
16,57,+,0,0.8999999999999998
16,57,-,0,0.9249999999999998
16,58,+,0,0.839579763866531
16,58,-,0,0.8999999999999998
16,59,+,0,0.839579763866531
16,59,-,0,0.7205107927499322
16,60,+,0,0.7563225565351133
16,60,-,0,0.927980291779807
16,61,+,0,0.8124999999999999
16,61,-,0,0.927980291779807
16,62,+,0,0.8499999999999999
16,62,-,0,0.8499999999999999
16,63,+,0,0.8999999999999998
16,63,-,0,0.8999999999999998
16,64,+,0,0.9124999999999999
16,64,-,0,0.9124999999999999
16,65,+,0,0.9192723907499135
16,65,-,0,0.9192723907499135
16,66,+,0,0.9249999999999998
16,66,-,0,0.9192723907499135
16,67,+,0,0.9249999999999998
16,67,-,0,0.9192723907499135
16,68,+,0,0.8999999999999998
16,68,-,0,0.9192723907499135
16,69,+,0,0.7531438174453119
16,69,-,0,0.7531438174453119
16,70,+,0,0.9651162790697675
16,70,-,0,0.9374999999999999
16,71,+,0,0.9651162790697675
16,71,-,0,0.9374999999999999
16,72,+,0,0.8874999999999998
16,72,-,0,0.8642633970683907
16,73,+,0,0.9124999999999999
16,73,-,0,0.9374999999999999
16,74,+,0,0.9124999999999999
16,74,-,0,0.9374999999999999
16,75,+,0,0.8249999999999998
16,75,-,0,0.8695819912499182
16,76,+,0,0.8672933772362165
16,76,-,0,0.8249999999999998
16,77,+,0,0.9043156884067046
16,77,-,0,0.9249999999999998
16,78,+,0,0.9043156884067046
16,78,-,0,0.95654019037491
16,79,+,0,0.9639253854237597
16,79,-,0,0.9938837346736189
16,80,+,0,0.9880235200593538
16,80,-,0,0.9938837346736189
16,81,+,0,0.9880235200593538
16,81,-,0,0.9630363567333498
17,0,+,0,0.9999999999999998
17,0,-,0,1.0
17,1,+,1,0.9999999999999998
17,1,-,0,1.0
17,2,+,0,0.9874999999999998
17,2,-,0,0.994029797388005
17,3,+,0,0.9013032569427504
17,3,-,0,0.9759000729485332
17,4,+,0,0.8780487804878048
17,4,-,0,0.8874999999999998
17,5,+,0,0.9249999999999998
17,5,-,0,0.9249999999999998
17,6,+,0,0.9124999999999999
17,6,-,0,0.9124999999999999
17,7,+,0,0.9259259259259259
17,7,-,0,0.9259259259259259
17,8,+,0,0.9249999999999998
17,8,-,0,0.8889566369846305
17,9,+,0,0.9249999999999998
17,9,-,0,0.9249999999999998
17,10,+,0,0.8999999999999998
17,10,-,0,0.9249999999999998
17,11,+,0,0.8749999999999999
17,11,-,0,0.8749999999999999
17,12,+,0,0.9249999999999998
17,12,-,0,0.9249999999999998
17,13,+,0,0.9374999999999999
17,13,-,0,0.9374999999999999
17,14,+,0,0.9874999999999998
17,14,-,0,0.9874999999999998
17,15,+,1,0.9874999999999998
17,15,-,1,0.9874999999999998
17,16,+,0,0.9499999999999998
17,16,-,0,0.9499999999999998
17,17,+,0,0.9499999999999998
17,17,-,0,0.9499999999999998
17,18,+,0,0.9374999999999999
17,18,-,0,0.9374999999999999
17,19,+,0,0.8749999999999999
17,19,-,0,0.8749999999999999
17,20,+,0,0.8874999999999998
17,20,-,0,0.8874999999999998
17,21,+,0,0.8749999999999999
17,21,-,0,0.8749999999999999
17,22,+,0,0.8749999999999999
17,22,-,0,0.8999999999999998
17,23,+,0,0.9124999999999999
17,23,-,0,0.9124999999999999
17,24,+,0,0.9316949906249123
17,24,-,0,0.9316949906249123
17,25,+,0,0.9374999999999999
17,25,-,0,0.9374999999999999
17,26,+,0,0.9374999999999999
17,26,-,0,0.9374999999999999
17,27,+,0,0.9374999999999999
17,27,-,0,0.9374999999999999
17,28,+,0,0.9374999999999999
17,28,-,0,0.9374999999999999
17,29,+,0,0.9249999999999998
17,29,-,0,0.9249999999999998
17,30,+,0,0.9374999999999999
17,30,-,0,0.9249999999999998
17,31,+,0,0.9374999999999999
17,31,-,0,0.9249999999999998
17,32,+,0,0.9374999999999999
17,32,-,0,0.9374999999999999
17,33,+,0,0.9374999999999999
17,33,-,0,0.9374999999999999
17,34,+,0,0.9124999999999999
17,34,-,0,0.9124999999999999
17,35,+,0,0.8874999999999998
17,35,-,0,0.8874999999999998
17,36,+,0,0.8999999999999998
17,36,-,0,0.8999999999999998
17,37,+,0,0.8874999999999998
17,37,-,0,0.8874999999999998
17,38,+,0,0.9316949906249123
17,38,-,0,0.9316949906249123
17,39,+,0,0.9316949906249123
17,39,-,0,0.9316949906249123
17,40,+,0,0.9374999999999999
17,40,-,0,0.9374999999999999
17,41,+,0,0.9441175904999112
17,41,-,0,0.9441175904999112
17,42,+,0,0.9374999999999999
17,42,-,0,0.9374999999999999
17,43,+,0,0.9249999999999998
17,43,-,0,0.9249999999999998
17,44,+,0,0.9249999999999998
17,44,-,0,0.9249999999999998
17,45,+,0,0.8874999999999998
17,45,-,0,0.8590412139291779
17,46,+,0,0.8749999999999999
17,46,-,0,0.8749999999999999
17,47,+,0,0.8749999999999999
17,47,-,0,0.8749999999999999
17,48,+,0,0.8944271909999159
17,48,-,0,0.8944271909999159
17,49,+,0,0.9124999999999999
17,49,-,0,0.9124999999999999
17,50,+,0,0.9624999999999998
17,50,-,0,0.9374999999999999
17,51,+,0,0.9624999999999998
17,51,-,0,0.9374999999999999
17,52,+,0,0.9249999999999998
17,52,-,0,0.9249999999999998
17,53,+,0,0.9499999999999998
17,53,-,0,0.9499999999999998
17,54,+,0,0.9499999999999998
17,54,-,0,0.9499999999999998
17,55,+,0,0.9499999999999998
17,55,-,0,0.9499999999999998
17,56,+,0,0.9374999999999999
17,56,-,0,0.9374999999999999
17,57,+,0,0.8749999999999999
17,57,-,0,0.8749999999999999
17,58,+,0,0.8749999999999999
17,58,-,0,0.8749999999999999
17,59,+,0,0.8749999999999999
17,59,-,0,0.8749999999999999
17,60,+,0,0.9124999999999999
17,60,-,0,0.8749999999999999
17,61,+,0,0.9124999999999999
17,61,-,0,0.9374999999999999
17,62,+,0,0.9374999999999999
17,62,-,0,0.9374999999999999
17,63,+,0,0.9374999999999999
17,63,-,0,0.9124999999999999
17,64,+,0,0.9249999999999998
17,64,-,0,0.9249999999999998
17,65,+,0,0.9374999999999999
17,65,-,0,0.9374999999999999
17,66,+,0,0.9249999999999998
17,66,-,0,0.9192723907499135
17,67,+,0,0.9249999999999998
17,67,-,0,0.9249999999999998
17,68,+,0,0.9249999999999998
17,68,-,0,0.9249999999999998
17,69,+,0,0.9249999999999998
17,69,-,0,0.9249999999999998
17,70,+,0,0.9374999999999999
17,70,-,0,0.9374999999999999
17,71,+,0,0.8999999999999998
17,71,-,0,0.8999999999999998
17,72,+,0,0.8999999999999998
17,72,-,0,0.8999999999999998
17,73,+,0,0.8624999999999998
17,73,-,0,0.9337621563898819
17,74,+,0,0.8447367914999205
17,74,-,0,0.9337621563898819
17,75,+,0,0.8624999999999998
17,75,-,0,0.8624999999999998
17,76,+,0,0.8999999999999998
17,76,-,0,0.8624999999999998
17,77,+,0,0.8999999999999998
17,77,-,0,0.9124999999999999
17,78,+,0,0.9441175904999112
17,78,-,0,0.9749999999999999
17,79,+,0,0.9938079899999065
17,79,-,1,0.9999999999999998
17,80,+,0,0.9999999999999998
17,80,-,1,0.9999999999999998
17,81,+,0,0.9999999999999998
17,81,-,0,0.9999999999999998
18,0,+,0,1.0
18,0,-,0,0.9630363567333498
18,1,+,1,1.0
18,1,-,0,0.9630363567333498
18,2,+,0,0.9689627902499088
18,2,-,0,0.9641353680829163
18,3,+,0,0.9499999999999998
18,3,-,0,0.9641353680829163
18,4,+,0,0.8999999999999998
18,4,-,0,0.8999999999999998
18,5,+,0,0.8999999999999998
18,5,-,0,0.8999999999999998
18,6,+,0,0.8624999999999998
18,6,-,0,0.8999999999999998
18,7,+,0,0.8499999999999999
18,7,-,0,0.8624999999999998
18,8,+,0,0.9013032569427504
18,8,-,0,0.8749999999999999
18,9,+,0,0.9013032569427504
18,9,-,0,0.9374999999999999
18,10,+,0,0.8957223781626442
18,10,-,0,0.9374999999999999
18,11,+,0,0.9249999999999998
18,11,-,0,0.8874999999999998
18,12,+,0,0.9249999999999998
18,12,-,0,0.8874999999999998
18,13,+,0,0.8749999999999999
18,13,-,0,0.8571593913749194
18,14,+,0,0.8749999999999999
18,14,-,0,0.8571593913749194
18,15,+,0,0.8417138129181099
18,15,-,0,0.8874999999999998
18,16,+,0,0.8971179931924131
18,16,-,0,0.8874999999999998
18,17,+,0,0.8971179931924131
18,17,-,0,0.8624999999999998
18,18,+,0,0.9249999999999998
18,18,-,0,0.8749999999999999
18,19,+,0,0.9624999999999998
18,19,-,0,0.9749999999999999
18,20,+,0,0.9624999999999998
18,20,-,0,0.9749999999999999
18,21,+,0,0.9374999999999999
18,21,-,0,0.9249999999999998
18,22,+,0,0.8999999999999998
18,22,-,0,0.8999999999999998
18,23,+,0,0.8624999999999998
18,23,-,0,0.8374999999999998
18,24,+,0,0.8999999999999998
18,24,-,0,0.9124999999999999
18,25,+,0,0.9624999999999998
18,25,-,0,0.9624999999999998
18,26,+,0,0.9624999999999998
18,26,-,0,0.9624999999999998
18,27,+,0,0.8749999999999999
18,27,-,0,0.8624999999999998
18,28,+,0,0.8749999999999999
18,28,-,0,0.8624999999999998
18,29,+,0,0.8999999999999998
18,29,-,0,0.8874999999999998
18,30,+,0,0.8999999999999998
18,30,-,0,0.8874999999999998
18,31,+,0,0.8571593913749194
18,31,-,0,0.8374999999999998
18,32,+,0,0.8571593913749194
18,32,-,0,0.8499999999999999
18,33,+,0,0.9249999999999998
18,33,-,0,0.9374999999999999
18,34,+,0,0.9499999999999998
18,34,-,0,0.9374999999999999
18,35,+,0,0.9499999999999998
18,35,-,0,0.9374999999999999
18,36,+,0,0.9249999999999998
18,36,-,0,0.9624999999999998
18,37,+,0,0.9249999999999998
18,37,-,0,0.9624999999999998
18,38,+,0,0.8249999999999998
18,38,-,0,0.8249999999999998
18,39,+,0,0.8249999999999998
18,39,-,0,0.8499999999999999
18,40,+,0,0.9874999999999998
18,40,-,0,0.9689627902499088
18,41,+,0,0.9874999999999998
18,41,-,0,0.9689627902499088
18,42,+,0,0.9499999999999998
18,42,-,0,0.95654019037491
18,43,+,0,0.9374999999999999
18,43,-,0,0.9249999999999998
18,44,+,0,0.9374999999999999
18,44,-,0,0.9249999999999998
18,45,+,0,0.8944271909999159
18,45,-,0,0.8467691965873325
18,46,+,0,0.8944271909999159
18,46,-,0,0.8467691965873325
18,47,+,0,0.8749999999999999
18,47,-,0,0.8249999999999998
18,48,+,0,0.9499999999999998
18,48,-,0,0.9249999999999998
18,49,+,0,0.9499999999999998
18,49,-,0,0.9249999999999998
18,50,+,0,0.9124999999999999
18,50,-,0,0.9124999999999999
18,51,+,0,0.9124999999999999
18,51,-,0,0.9124999999999999
18,52,+,0,0.8374999999999998
18,52,-,0,0.8374999999999998
18,53,+,0,0.8624999999999998
18,53,-,0,0.8749999999999999
18,54,+,0,0.8999999999999998
18,54,-,0,0.8999999999999998
18,55,+,0,0.9499999999999998
18,55,-,0,0.9374999999999999
18,56,+,0,0.9499999999999998
18,56,-,0,0.9374999999999999
18,57,+,0,0.9124999999999999
18,57,-,0,0.9068497908749147
18,58,+,0,0.8124999999999999
18,58,-,0,0.7499999999999999
18,59,+,0,0.8124999999999999
18,59,-,0,0.8124999999999999
18,60,+,0,0.8124999999999999
18,60,-,0,0.8124999999999999
18,61,+,0,0.8749999999999999
18,61,-,0,0.8749999999999999
18,62,+,0,0.9124999999999999
18,62,-,0,0.8749999999999999
18,63,+,0,0.9124999999999999
18,63,-,0,0.8874999999999998
18,64,+,0,0.9124999999999999
18,64,-,0,0.8999999999999998
18,65,+,0,0.9124999999999999
18,65,-,0,0.8999999999999998
18,66,+,0,0.8374999999999998
18,66,-,0,0.8374999999999998
18,67,+,0,0.8323141916249217
18,67,-,0,0.8323141916249217
18,68,+,0,0.9249999999999998
18,68,-,0,0.9499999999999998
18,69,+,0,0.9249999999999998
18,69,-,0,0.9499999999999998
18,70,+,0,0.8749999999999999
18,70,-,0,0.8624999999999998
18,71,+,0,0.8749999999999999
18,71,-,0,0.8499999999999999
18,72,+,0,0.8124999999999999
18,72,-,0,0.8124999999999999
18,73,+,0,0.8374999999999998
18,73,-,0,0.8642633970683907
18,74,+,0,0.882004591124917
18,74,-,0,0.8766100170265106
18,75,+,0,0.95654019037491
18,75,-,0,0.9499999999999998
18,76,+,0,0.95654019037491
18,76,-,0,0.9499999999999998
18,77,+,0,0.9249999999999998
18,77,-,0,0.9249999999999998
18,78,+,0,0.9081292832965595
18,78,-,0,0.893427112364829
18,79,+,0,0.9813853901249077
18,79,-,0,0.9813853901249077
18,80,+,0,0.9813853901249077
18,80,-,0,0.9874999999999998
18,81,+,0,0.9813853901249077
18,81,-,0,0.9874999999999998
19,0,+,0,0.9374999999999999
19,0,-,0,0.9249999999999998
19,1,+,0,0.9374999999999999
19,1,-,0,0.9249999999999998
19,2,+,0,0.9515025711248198
19,2,-,0,0.9249999999999998
19,3,+,0,0.9515025711248198
19,3,-,0,0.9249999999999998
19,4,+,0,0.895857265954714
19,4,-,0,0.895857265954714
19,5,+,0,0.8624999999999998
19,5,-,0,0.8624999999999998
19,6,+,0,0.8905088165655366
19,6,-,0,0.9013032569427504
19,7,+,0,0.8905088165655366
19,7,-,0,0.9013032569427504
19,8,+,0,0.8624999999999998
19,8,-,0,0.8624999999999998
19,9,+,0,0.8624999999999998
19,9,-,0,0.8624999999999998
19,10,+,0,0.9068497908749147
19,10,-,0,0.9624999999999998
19,11,+,0,0.9441175904999112
19,11,-,0,0.9624999999999998
19,12,+,0,0.9441175904999112
19,12,-,0,0.9383431168171099
19,13,+,0,0.8749999999999999
19,13,-,0,0.834371530343285
19,14,+,0,0.8999999999999998
19,14,-,0,0.8519167771102709
19,15,+,0,0.9013032569427504
19,15,-,0,0.8834522085987724
19,16,+,0,0.9013032569427504
19,16,-,0,0.9382716049382716
19,17,+,0,0.8711820390349005
19,17,-,0,0.9382716049382716
19,18,+,0,0.8749999999999999
19,18,-,0,0.8749999999999999
19,19,+,0,0.8874999999999998
19,19,-,0,0.8874999999999998
19,20,+,0,0.8874999999999998
19,20,-,0,0.8874999999999998
19,21,+,0,0.9624999999999998
19,21,-,0,0.9624999999999998
19,22,+,0,0.9624999999999998
19,22,-,0,0.9624999999999998
19,23,+,0,0.9499999999999998
19,23,-,0,0.9499999999999998
19,24,+,0,0.9499999999999998
19,24,-,0,0.9027075674773932
19,25,+,0,0.8499999999999999
19,25,-,0,0.8607483448197477
19,26,+,0,0.8624999999999998
19,26,-,0,0.882004591124917
19,27,+,0,0.9374999999999999
19,27,-,0,0.95654019037491
19,28,+,0,0.9374999999999999
19,28,-,0,0.95654019037491
19,29,+,0,0.8889566369846305
19,29,-,0,0.8999999999999998
19,30,+,0,0.8889566369846305
19,30,-,0,0.8874999999999998
19,31,+,0,0.8499999999999999
19,31,-,0,0.8374999999999998
19,32,+,0,0.8374999999999998
19,32,-,0,0.8374999999999998
19,33,+,0,0.8749999999999999
19,33,-,0,0.8749999999999999
19,34,+,0,0.8749999999999999
19,34,-,0,0.8749999999999999
19,35,+,0,0.9124999999999999
19,35,-,0,0.9135802469135802
19,36,+,0,0.957217352663941
19,36,-,0,0.9192723907499135
19,37,+,0,0.957217352663941
19,37,-,0,0.9499999999999998
19,38,+,0,0.9204013006384049
19,38,-,0,0.9499999999999998
19,39,+,0,0.8624999999999998
19,39,-,0,0.8624999999999998
19,40,+,0,0.8749999999999999
19,40,-,0,0.8749999999999999
19,41,+,0,0.8499999999999999
19,41,-,0,0.8695819912499182
19,42,+,0,0.9624999999999998
19,42,-,0,0.9499999999999998
19,43,+,0,0.9624999999999998
19,43,-,0,0.9624999999999998
19,44,+,0,0.9624999999999998
19,44,-,0,0.9624999999999998
19,45,+,0,0.9068497908749147
19,45,-,0,0.9068497908749147
19,46,+,0,0.8999999999999998
19,46,-,0,0.8999999999999998
19,47,+,0,0.8874999999999998
19,47,-,0,0.8874999999999998
19,48,+,0,0.9124999999999999
19,48,-,0,0.9124999999999999
19,49,+,0,0.9441175904999112
19,49,-,0,0.9374999999999999
19,50,+,0,0.9441175904999112
19,50,-,0,0.9374999999999999
19,51,+,0,0.8999999999999998
19,51,-,0,0.9124999999999999
19,52,+,0,0.8999999999999998
19,52,-,0,0.8999999999999998
19,53,+,0,0.9124999999999999
19,53,-,0,0.9249999999999998
19,54,+,0,0.9124999999999999
19,54,-,0,0.9249999999999998
19,55,+,0,0.8749999999999999
19,55,-,0,0.8499999999999999
19,56,+,0,0.8874999999999998
19,56,-,0,0.8999999999999998
19,57,+,0,0.8874999999999998
19,57,-,0,0.8999999999999998
19,58,+,0,0.8499999999999999
19,58,-,0,0.8499999999999999
19,59,+,0,0.8999999999999998
19,59,-,0,0.8874999999999998
19,60,+,0,0.8999999999999998
19,60,-,0,0.8874999999999998
19,61,+,0,0.9499999999999998
19,61,-,0,0.9374999999999999
19,62,+,0,0.9499999999999998
19,62,-,0,0.9374999999999999
19,63,+,0,0.8999999999999998
19,63,-,0,0.8999999999999998
19,64,+,0,0.9124999999999999
19,64,-,0,0.9124999999999999
19,65,+,0,0.8999999999999998
19,65,-,0,0.9249999999999998
19,66,+,0,0.8999999999999998
19,66,-,0,0.9249999999999998
19,67,+,0,0.8874999999999998
19,67,-,0,0.8874999999999998
19,68,+,0,0.8624999999999998
19,68,-,0,0.8499999999999999
19,69,+,0,0.8624999999999998
19,69,-,0,0.8749999999999999
19,70,+,0,0.9124999999999999
19,70,-,0,0.9124999999999999
19,71,+,0,0.9124999999999999
19,71,-,0,0.9441175904999112
19,72,+,0,0.9506172839506173
19,72,-,0,0.9441175904999112
19,73,+,0,0.9506172839506173
19,73,-,0,0.9135802469135802
19,74,+,0,0.882004591124917
19,74,-,0,0.882004591124917
19,75,+,0,0.8783100656536799
19,75,-,0,0.9249999999999998
19,76,+,0,0.9499999999999998
19,76,-,0,0.9515025711248198
19,77,+,0,0.9499999999999998
19,77,-,0,0.9515025711248198
19,78,+,1,1.0
19,78,-,0,0.9704949588309458
19,79,+,0,1.0
19,79,-,0,0.9883036912035246
19,80,+,0,0.9938079899999065
19,80,-,0,0.994029797388005
19,81,+,0,0.934953437896499
19,81,-,0,0.994029797388005
20,0,+,0,0.9939576486092933
20,0,-,0,0.9874999999999998
20,1,+,0,0.9939576486092933
20,1,-,0,0.9874999999999998
20,2,+,0,0.8999999999999998
20,2,-,0,0.9499999999999998
20,3,+,0,0.8999999999999998
20,3,-,0,0.9499999999999998
20,4,+,0,0.8249999999999998
20,4,-,0,0.8374999999999998
20,5,+,0,0.8749999999999999
20,5,-,0,0.8624999999999998
20,6,+,0,0.9499999999999998
20,6,-,0,0.9259964968589901
20,7,+,0,0.9499999999999998
20,7,-,0,0.9259964968589901
20,8,+,0,0.9047619047619048
20,8,-,0,0.8944271909999159
20,9,+,0,0.9047619047619048
20,9,-,0,0.8944271909999159
20,10,+,0,0.8695819912499182
20,10,-,0,0.8374999999999998
20,11,+,0,0.8695819912499182
20,11,-,0,0.8749999999999999
20,12,+,0,0.9249999999999998
20,12,-,0,0.9374999999999999
20,13,+,0,0.9374999999999999
20,13,-,0,0.9624999999999998
20,14,+,0,0.9374999999999999
20,14,-,0,0.9624999999999998
20,15,+,0,0.9124999999999999
20,15,-,0,0.9124999999999999
20,16,+,0,0.8499999999999999
20,16,-,0,0.8499999999999999
20,17,+,0,0.9499999999999998
20,17,-,0,0.9499999999999998
20,18,+,0,0.9874999999999998
20,18,-,0,0.9499999999999998
20,19,+,0,0.9874999999999998
20,19,-,0,0.9499999999999998
20,20,+,0,0.9417632186960222
20,20,-,0,0.9374999999999999
20,21,+,0,0.9417632186960222
20,21,-,0,0.9374999999999999
20,22,+,0,0.8889566369846305
20,22,-,0,0.8874999999999998
20,23,+,0,0.9124999999999999
20,23,-,0,0.9249999999999998
20,24,+,0,0.9124999999999999
20,24,-,0,0.9249999999999998
20,25,+,0,0.9124999999999999
20,25,-,0,0.8874999999999998
20,26,+,0,0.9124999999999999
20,26,-,0,0.8874999999999998
20,27,+,0,0.8249999999999998
20,27,-,0,0.8374999999999998
20,28,+,0,0.8749999999999999
20,28,-,0,0.8624999999999998
20,29,+,0,0.9374999999999999
20,29,-,0,0.9499999999999998
20,30,+,0,0.9374999999999999
20,30,-,0,0.9499999999999998
20,31,+,0,0.9124999999999999
20,31,-,0,0.9499999999999998
20,32,+,0,0.8999999999999998
20,32,-,0,0.8999999999999998
20,33,+,0,0.8499999999999999
20,33,-,0,0.8374999999999998
20,34,+,0,0.8249999999999998
20,34,-,0,0.8499999999999999
20,35,+,0,0.9124999999999999
20,35,-,0,0.8999999999999998
20,36,+,0,0.9124999999999999
20,36,-,0,0.8999999999999998
20,37,+,0,0.8249999999999998
20,37,-,0,0.8499999999999999
20,38,+,0,0.9124999999999999
20,38,-,0,0.9249999999999998
20,39,+,0,0.9124999999999999
20,39,-,0,0.9249999999999998
20,40,+,0,0.8999999999999998
20,40,-,0,0.8874999999999998
20,41,+,0,0.9316949906249123
20,41,-,0,0.9374999999999999
20,42,+,0,0.9316949906249123
20,42,-,0,0.9374999999999999
20,43,+,0,0.8124999999999999
20,43,-,0,0.8249999999999998
20,44,+,0,0.7874999999999999
20,44,-,0,0.8249999999999998
20,45,+,0,0.9124999999999999
20,45,-,0,0.9249999999999998
20,46,+,0,0.9124999999999999
20,46,-,0,0.9249999999999998
20,47,+,0,0.882004591124917
20,47,-,0,0.8999999999999998
20,48,+,0,0.9506172839506173
20,48,-,0,0.9624999999999998
20,49,+,0,0.9506172839506173
20,49,-,0,0.9624999999999998
20,50,+,0,0.8944271909999159
20,50,-,0,0.8749999999999999
20,51,+,0,0.8374999999999998
20,51,-,0,0.8624999999999998
20,52,+,0,0.8367479063753487
20,52,-,0,0.8374999999999998
20,53,+,0,0.8571593913749194
20,53,-,0,0.8624999999999998
20,54,+,0,0.8571593913749194
20,54,-,0,0.8624999999999998
20,55,+,0,0.9693433955458752
20,55,-,0,0.9813853901249077
20,56,+,0,0.9693433955458752
20,56,-,0,0.9813853901249077
20,57,+,0,0.9192723907499135
20,57,-,0,0.9249999999999998
20,58,+,0,0.8624999999999998
20,58,-,0,0.8749999999999999
20,59,+,0,0.8624999999999998
20,59,-,0,0.8624999999999998
20,60,+,0,0.8499999999999999
20,60,-,0,0.8499999999999999
20,61,+,0,0.8874999999999998
20,61,-,0,0.9249999999999998
20,62,+,0,0.8874999999999998
20,62,-,0,0.9249999999999998
20,63,+,0,0.8695819912499182
20,63,-,0,0.8695819912499182
20,64,+,0,0.8874999999999998
20,64,-,0,0.8999999999999998
20,65,+,0,0.8874999999999998
20,65,-,0,0.8999999999999998
20,66,+,0,0.8874999999999998
20,66,-,0,0.8874999999999998
20,67,+,0,0.839570157152151
20,67,-,0,0.839570157152151
20,68,+,0,0.8447367914999205
20,68,-,0,0.8447367914999205
20,69,+,0,0.9249999999999998
20,69,-,0,0.9874999999999998
20,70,+,0,0.9249999999999998
20,70,-,0,0.9874999999999998
20,71,+,0,0.8249999999999998
20,71,-,0,0.8249999999999998
20,72,+,0,0.8249999999999998
20,72,-,0,0.8874999999999998
20,73,+,0,0.8499999999999999
20,73,-,0,0.8874999999999998
20,74,+,0,0.8624999999999998
20,74,-,0,0.8749999999999999
20,75,+,0,0.8624999999999998
20,75,-,0,0.8749999999999999
20,76,+,0,0.8374999999999998
20,76,-,0,0.8499999999999999
20,77,+,0,0.9124999999999999
20,77,-,0,0.9124999999999999
20,78,+,0,0.9249999999999998
20,78,-,0,0.9624999999999998
20,79,+,0,0.9624999999999998
20,79,-,0,0.9624999999999998
20,80,+,0,0.9624999999999998
20,80,-,0,0.9499999999999998
20,81,+,0,0.8874999999999998
20,81,-,0,0.8749999999999999
21,0,+,0,0.9756097560975608
21,0,-,0,0.9749999999999999
21,1,+,0,0.9939576486092933
21,1,-,0,0.9874999999999998
21,2,+,0,0.9939576486092933
21,2,-,0,0.9874999999999998
21,3,+,0,0.9081292832965595
21,3,-,0,0.8749999999999999
21,4,+,0,0.8761231727612121
21,4,-,0,0.8499999999999999
21,5,+,0,0.8761231727612121
21,5,-,0,0.8504366335705411
21,6,+,0,0.9374999999999999
21,6,-,0,0.9374999999999999
21,7,+,0,0.9374999999999999
21,7,-,0,0.9374999999999999
21,8,+,0,0.9441175904999112
21,8,-,0,0.9441175904999112
21,9,+,0,0.95654019037491
21,9,-,0,0.95654019037491
21,10,+,0,0.9499999999999998
21,10,-,0,0.95654019037491
21,11,+,0,0.9124999999999999
21,11,-,0,0.9124999999999999
21,12,+,0,0.9124999999999999
21,12,-,0,0.9124999999999999
21,13,+,0,0.9124999999999999
21,13,-,0,0.9124999999999999
21,14,+,0,0.9124999999999999
21,14,-,0,0.9124999999999999
21,15,+,0,0.8249999999999998
21,15,-,0,0.8374999999999998
21,16,+,0,0.9012345679012346
21,16,-,0,0.9012345679012346
21,17,+,0,0.9212290401744669
21,17,-,0,0.9212290401744669
21,18,+,0,0.8749999999999999
21,18,-,0,0.8749999999999999
21,19,+,0,0.8999999999999998
21,19,-,0,0.8999999999999998
21,20,+,0,0.8999999999999998
21,20,-,0,0.8999999999999998
21,21,+,0,0.8944271909999159
21,21,-,0,0.882004591124917
21,22,+,0,0.8695819912499182
21,22,-,0,0.8888888888888888
21,23,+,0,0.9316949906249123
21,23,-,0,0.95654019037491
21,24,+,0,0.9374999999999999
21,24,-,0,0.95654019037491
21,25,+,0,0.9374999999999999
21,25,-,0,0.9499999999999998
21,26,+,0,0.9374999999999999
21,26,-,0,0.9374999999999999
21,27,+,0,0.8323141916249217
21,27,-,0,0.8323141916249217
21,28,+,0,0.9499999999999998
21,28,-,0,0.9499999999999998
21,29,+,0,0.9499999999999998
21,29,-,0,0.9499999999999998
21,30,+,0,0.9249999999999998
21,30,-,0,0.9374999999999999
21,31,+,0,0.9124999999999999
21,31,-,0,0.9192723907499135
21,32,+,0,0.9316949906249123
21,32,-,0,0.9316949906249123
21,33,+,0,0.9068497908749147
21,33,-,0,0.9068497908749147
21,34,+,0,0.9124999999999999
21,34,-,0,0.9124999999999999
21,35,+,0,0.9068497908749147
21,35,-,0,0.9068497908749147
21,36,+,0,0.8249999999999998
21,36,-,0,0.8323141916249217
21,37,+,0,0.8447367914999205
21,37,-,0,0.8447367914999205
21,38,+,0,0.8499999999999999
21,38,-,0,0.8447367914999205
21,39,+,0,0.8999999999999998
21,39,-,0,0.8999999999999998
21,40,+,0,0.9124999999999999
21,40,-,0,0.9124999999999999
21,41,+,0,0.9124999999999999
21,41,-,0,0.9124999999999999
21,42,+,0,0.9124999999999999
21,42,-,0,0.9124999999999999
21,43,+,0,0.9192723907499135
21,43,-,0,0.9192723907499135
21,44,+,0,0.9441175904999112
21,44,-,0,0.9441175904999112
21,45,+,0,0.9441175904999112
21,45,-,0,0.9441175904999112
21,46,+,0,0.9124999999999999
21,46,-,0,0.9124999999999999
21,47,+,0,0.9249999999999998
21,47,-,0,0.9249999999999998
21,48,+,0,0.9249999999999998
21,48,-,0,0.9249999999999998
21,49,+,0,0.9124999999999999
21,49,-,0,0.9124999999999999
21,50,+,0,0.9259259259259259
21,50,-,0,0.9259259259259259
21,51,+,0,0.9249999999999998
21,51,-,0,0.9249999999999998
21,52,+,0,0.9249999999999998
21,52,-,0,0.9249999999999998
21,53,+,0,0.9374999999999999
21,53,-,0,0.9441175904999112
21,54,+,0,0.9624999999999998
21,54,-,0,0.9441175904999112
21,55,+,0,0.9624999999999998
21,55,-,0,0.9441175904999112
21,56,+,0,0.8624999999999998
21,56,-,0,0.8624999999999998
21,57,+,0,0.8323141916249217
21,57,-,0,0.8499999999999999
21,58,+,0,0.8749999999999999
21,58,-,0,0.8499999999999999
21,59,+,0,0.8749999999999999
21,59,-,0,0.8499999999999999
21,60,+,0,0.8624999999999998
21,60,-,0,0.8874999999999998
21,61,+,0,0.9749999999999999
21,61,-,0,0.9624999999999998
21,62,+,0,0.9749999999999999
21,62,-,0,0.9624999999999998
21,63,+,0,0.8499999999999999
21,63,-,0,0.8499999999999999
21,64,+,0,0.8999999999999998
21,64,-,0,0.8999999999999998
21,65,+,0,0.9249999999999998
21,65,-,0,0.9249999999999998
21,66,+,0,0.9249999999999998
21,66,-,0,0.9249999999999998
21,67,+,0,0.9316949906249123
21,67,-,0,0.9124999999999999
21,68,+,0,0.9316949906249123
21,68,-,0,0.9249999999999998
21,69,+,0,0.9192723907499135
21,69,-,0,0.9249999999999998
21,70,+,0,0.9124999999999999
21,70,-,0,0.9124999999999999
21,71,+,0,0.9374999999999999
21,71,-,0,0.9374999999999999
21,72,+,0,0.9249999999999998
21,72,-,0,0.9249999999999998
21,73,+,0,0.9124999999999999
21,73,-,0,0.9124999999999999
21,74,+,0,0.9124999999999999
21,74,-,0,0.9124999999999999
21,75,+,0,0.8874999999999998
21,75,-,0,0.8874999999999998
21,76,+,0,0.9249999999999998
21,76,-,0,0.9249999999999998
21,77,+,0,0.8999999999999998
21,77,-,0,0.8999999999999998
21,78,+,0,0.9249999999999998
21,78,-,0,0.9249999999999998
21,79,+,0,0.9374999999999999
21,79,-,0,0.9499999999999998
21,80,+,0,0.9374999999999999
21,80,-,0,0.9499999999999998
21,81,+,0,0.9124999999999999
21,81,-,0,0.9124999999999999
22,0,+,0,0.8749999999999999
22,0,-,0,0.7901836773196715
22,1,+,0,0.8874999999999998
22,1,-,0,0.9124999999999999
22,2,+,0,0.9249999999999998
22,2,-,0,0.9192723907499135
22,3,+,0,0.9506897367752298
22,3,-,0,0.9192723907499135
22,4,+,0,0.9506897367752298
22,4,-,0,0.9749999999999999
22,5,+,0,0.9506897367752298
22,5,-,0,0.9749999999999999
22,6,+,0,0.8124999999999999
22,6,-,0,0.8124999999999999
22,7,+,0,0.8889566369846305
22,7,-,0,0.8367479063753487
22,8,+,0,0.8889566369846305
22,8,-,0,0.8367479063753487
22,9,+,0,0.8749999999999999
22,9,-,0,0.95654019037491
22,10,+,0,0.8874999999999998
22,10,-,0,0.95654019037491
22,11,+,0,0.8874999999999998
22,11,-,0,0.9124999999999999
22,12,+,0,0.8749999999999999
22,12,-,0,0.8874999999999998
22,13,+,0,0.8749999999999999
22,13,-,0,0.9124999999999999
22,14,+,0,0.8749999999999999
22,14,-,0,0.9124999999999999
22,15,+,0,0.8749999999999999
22,15,-,0,0.8499999999999999
22,16,+,0,0.8999999999999998
22,16,-,0,0.9249999999999998
22,17,+,0,0.8999999999999998
22,17,-,0,0.9249999999999998
22,18,+,0,0.7999999999999998
22,18,-,0,0.7999999999999998
22,19,+,0,0.9124999999999999
22,19,-,0,0.9124999999999999
22,20,+,0,0.9374999999999999
22,20,-,0,0.9749999999999999
22,21,+,0,0.9374999999999999
22,21,-,0,0.9749999999999999
22,22,+,0,0.9124999999999999
22,22,-,0,0.8999999999999998
22,23,+,0,0.8571593913749194
22,23,-,0,0.8571593913749194
22,24,+,0,0.9124999999999999
22,24,-,0,0.8999999999999998
22,25,+,0,0.9124999999999999
22,25,-,0,0.8999999999999998
22,26,+,0,0.8944271909999159
22,26,-,0,0.8749999999999999
22,27,+,0,0.8519167771102709
22,27,-,0,0.8519167771102709
22,28,+,0,0.8749999999999999
22,28,-,0,0.8499999999999999
22,29,+,0,0.9499999999999998
22,29,-,0,0.9499999999999998
22,30,+,0,0.9499999999999998
22,30,-,0,0.9499999999999998
22,31,+,0,0.8874999999999998
22,31,-,0,0.8874999999999998
22,32,+,0,0.7999999999999998
22,32,-,0,0.7999999999999998
22,33,+,0,0.8999999999999998
22,33,-,0,0.9249999999999998
22,34,+,0,0.8999999999999998
22,34,-,0,0.9249999999999998
22,35,+,0,0.9624999999999998
22,35,-,0,0.8999999999999998
22,36,+,0,0.9624999999999998
22,36,-,0,0.9124999999999999
22,37,+,0,0.9249999999999998
22,37,-,0,0.9124999999999999
22,38,+,0,0.8874999999999998
22,38,-,0,0.8342797655898931
22,39,+,0,0.8874999999999998
22,39,-,0,0.8926696140434982
22,40,+,0,0.8889566369846305
22,40,-,0,0.8926696140434982
22,41,+,0,0.9499999999999998
22,41,-,0,0.9374999999999999
22,42,+,0,0.9499999999999998
22,42,-,0,0.9374999999999999
22,43,+,0,0.8889566369846305
22,43,-,0,0.8835852486128687
22,44,+,0,0.8766100170265106
22,44,-,0,0.8835852486128687
22,45,+,0,0.8467691965873325
22,45,-,0,0.8447367914999205
22,46,+,0,0.8222251619036417
22,46,-,0,0.8323141916249217
22,47,+,0,0.9124999999999999
22,47,-,0,0.9124999999999999
22,48,+,0,0.9124999999999999
22,48,-,0,0.9192723907499135
22,49,+,0,0.9259964968589901
22,49,-,0,0.9441175904999112
22,50,+,0,0.9259964968589901
22,50,-,0,0.9441175904999112
22,51,+,0,0.8536585365853657
22,51,-,0,0.8749999999999999
22,52,+,0,0.8249999999999998
22,52,-,0,0.8374999999999998
22,53,+,0,0.882004591124917
22,53,-,0,0.8999999999999998
22,54,+,0,0.882004591124917
22,54,-,0,0.8999999999999998
22,55,+,0,0.8447367914999205
22,55,-,0,0.8749999999999999
22,56,+,0,0.8124999999999999
22,56,-,0,0.8749999999999999
22,57,+,0,0.9124999999999999
22,57,-,0,0.8499999999999999
22,58,+,0,0.9124999999999999
22,58,-,0,0.9249999999999998
22,59,+,0,0.9124999999999999
22,59,-,0,0.9249999999999998
22,60,+,0,0.8249999999999998
22,60,-,0,0.7778370573615517
22,61,+,0,0.9081292832965595
22,61,-,0,0.8509106375192863
22,62,+,0,0.9081292832965595
22,62,-,0,0.8509106375192863
22,63,+,0,0.9374999999999999
22,63,-,0,0.9124999999999999
22,64,+,0,0.9374999999999999
22,64,-,0,0.9124999999999999
22,65,+,0,0.9624999999999998
22,65,-,0,0.9499999999999998
22,66,+,0,0.9624999999999998
22,66,-,0,0.9499999999999998
22,67,+,0,0.9374999999999999
22,67,-,0,0.9374999999999999
22,68,+,0,0.8749999999999999
22,68,-,0,0.8695819912499182
22,69,+,0,0.7999999999999998
22,69,-,0,0.8124999999999999
22,70,+,0,0.9374999999999999
22,70,-,0,0.9499999999999998
22,71,+,0,0.9441175904999112
22,71,-,0,0.9499999999999998
22,72,+,0,0.9813853901249077
22,72,-,0,0.9689627902499088
22,73,+,0,0.9813853901249077
22,73,-,0,0.9689627902499088
22,74,+,0,0.9499999999999998
22,74,-,0,0.9499999999999998
22,75,+,0,0.8624999999999998
22,75,-,0,0.8749999999999999
22,76,+,0,0.8624999999999998
22,76,-,0,0.8749999999999999
22,77,+,0,0.8766100170265106
22,77,-,0,0.8499999999999999
22,78,+,0,0.8819528950521728
22,78,-,0,0.8956685895029601
22,79,+,0,0.8819528950521728
22,79,-,0,0.8956685895029601
22,80,+,0,0.9461247469114746
22,80,-,0,0.9587309488182338
22,81,+,0,0.9461247469114746
22,81,-,0,0.9587309488182338
23,0,+,0,0.9624999999999998
23,0,-,0,0.9689627902499088
23,1,+,0,0.9624999999999998
23,1,-,0,0.9689627902499088
23,2,+,0,0.95654019037491
23,2,-,0,0.9624999999999998
23,3,+,0,0.882004591124917
23,3,-,0,0.8624999999999998
23,4,+,0,0.8749999999999999
23,4,-,0,0.8944271909999159
23,5,+,0,0.8749999999999999
23,5,-,0,0.8944271909999159
23,6,+,0,0.8499999999999999
23,6,-,0,0.8944271909999159
23,7,+,0,0.8642633970683907
23,7,-,0,0.8624999999999998
23,8,+,0,0.8642633970683907
23,8,-,0,0.8624999999999998
23,9,+,0,0.9624999999999998
23,9,-,0,0.9383431168171099
23,10,+,0,0.9624999999999998
23,10,-,0,0.9630363567333498
23,11,+,0,0.9624999999999998
23,11,-,0,0.9630363567333498
23,12,+,0,0.9499999999999998
23,12,-,0,0.9249999999999998
23,13,+,0,0.8624999999999998
23,13,-,0,0.8874999999999998
23,14,+,0,0.8874999999999998
23,14,-,0,0.8874999999999998
23,15,+,0,0.9249999999999998
23,15,-,0,0.9249999999999998
23,16,+,0,0.9249999999999998
23,16,-,0,0.9249999999999998
23,17,+,0,0.9249999999999998
23,17,-,0,0.8999999999999998
23,18,+,0,0.8874999999999998
23,18,-,0,0.8249999999999998
23,19,+,0,0.9124999999999999
23,19,-,0,0.8624999999999998
23,20,+,0,0.9124999999999999
23,20,-,0,0.8749999999999999
23,21,+,0,0.9124999999999999
23,21,-,0,0.9124999999999999
23,22,+,0,0.9249999999999998
23,22,-,0,0.9124999999999999
23,23,+,0,0.9249999999999998
23,23,-,0,0.9124999999999999
23,24,+,0,0.8624999999999998
23,24,-,0,0.8874999999999998
23,25,+,0,0.8499999999999999
23,25,-,0,0.8499999999999999
23,26,+,0,0.8499999999999999
23,26,-,0,0.9068497908749147
23,27,+,0,0.8999999999999998
23,27,-,0,0.9068497908749147
23,28,+,0,0.8999999999999998
23,28,-,0,0.8874999999999998
23,29,+,0,0.8999999999999998
23,29,-,0,0.8874999999999998
23,30,+,0,0.8749999999999999
23,30,-,0,0.8499999999999999
23,31,+,0,0.8749999999999999
23,31,-,0,0.8374999999999998
23,32,+,0,0.8499999999999999
23,32,-,0,0.8499999999999999
23,33,+,0,0.8749999999999999
23,33,-,0,0.9068497908749147
23,34,+,0,0.9149063183892499
23,34,-,0,0.9068497908749147
23,35,+,0,0.9819805060619657
23,35,-,0,0.9624999999999998
23,36,+,0,0.9819805060619657
23,36,-,0,0.9624999999999998
23,37,+,0,0.9316949906249123
23,37,-,0,0.8999999999999998
23,38,+,0,0.8874999999999998
23,38,-,0,0.8999999999999998
23,39,+,0,0.8624999999999998
23,39,-,0,0.8999999999999998
23,40,+,0,0.8177284239164608
23,40,-,0,0.8999999999999998
23,41,+,0,0.9249999999999998
23,41,-,0,0.8999999999999998
23,42,+,0,0.9249999999999998
23,42,-,0,0.8749999999999999
23,43,+,0,0.9042052915695226
23,43,-,0,0.8749999999999999
23,44,+,0,0.9124999999999999
23,44,-,0,0.9374999999999999
23,45,+,0,0.9124999999999999
23,45,-,0,0.9374999999999999
23,46,+,0,0.8624999999999998
23,46,-,0,0.8661113147418232
23,47,+,0,0.8835852486128687
23,47,-,0,0.9374999999999999
23,48,+,0,0.8835852486128687
23,48,-,0,0.9374999999999999
23,49,+,0,0.9124999999999999
23,49,-,0,0.8749999999999999
23,50,+,0,0.9124999999999999
23,50,-,0,0.8749999999999999
23,51,+,0,0.8944271909999159
23,51,-,0,0.9124999999999999
23,52,+,0,0.8944271909999159
23,52,-,0,0.9124999999999999
23,53,+,0,0.8695819912499182
23,53,-,0,0.8624999999999998
23,54,+,0,0.8624999999999998
23,54,-,0,0.8624999999999998
23,55,+,0,0.8499999999999999
23,55,-,0,0.8624999999999998
23,56,+,0,0.8499999999999999
23,56,-,0,0.8624999999999998
23,57,+,0,0.8571593913749194
23,57,-,0,0.8571593913749194
23,58,+,0,0.8624999999999998
23,58,-,0,0.8624999999999998
23,59,+,0,0.8874999999999998
23,59,-,0,0.8874999999999998
23,60,+,0,0.8874999999999998
23,60,-,0,0.8999999999999998
23,61,+,0,0.8749999999999999
23,61,-,0,0.8999999999999998
23,62,+,0,0.8499999999999999
23,62,-,0,0.8695819912499182
23,63,+,0,0.8499999999999999
23,63,-,0,0.8695819912499182
23,64,+,0,0.8124999999999999
23,64,-,0,0.8835852486128687
23,65,+,0,0.8749999999999999
23,65,-,0,0.9124999999999999
23,66,+,0,0.9749999999999999
23,66,-,0,0.9624999999999998
23,67,+,0,0.9749999999999999
23,67,-,0,0.9624999999999998
23,68,+,0,0.8874999999999998
23,68,-,0,0.8874999999999998
23,69,+,0,0.8999999999999998
23,69,-,0,0.9124999999999999
23,70,+,0,0.9124999999999999
23,70,-,0,0.9124999999999999
23,71,+,0,0.9249999999999998
23,71,-,0,0.9374999999999999
23,72,+,0,0.9624999999999998
23,72,-,0,0.9374999999999999
23,73,+,0,0.9624999999999998
23,73,-,0,0.9374999999999999
23,74,+,0,0.8874999999999998
23,74,-,0,0.9249999999999998
23,75,+,0,0.8874999999999998
23,75,-,0,0.8999999999999998
23,76,+,0,0.9259964968589901
23,76,-,0,0.8835852486128687
23,77,+,0,0.9259964968589901
23,77,-,0,0.8835852486128687
23,78,+,0,0.9704311900788594
23,78,-,0,0.977589800571701
23,79,+,0,0.9704311900788594
23,79,-,0,0.977589800571701
23,80,+,0,0.9701425001453319
23,80,-,0,0.9271050693011066
23,81,+,0,0.9701425001453319
23,81,-,0,0.9271050693011066
24,0,+,0,0.9624999999999998
24,0,-,0,0.8907337387831413
24,1,+,0,0.9624999999999998
24,1,-,0,0.8907337387831413
24,2,+,0,0.9878048780487804
24,2,-,0,0.9874999999999998
24,3,+,0,0.9878048780487804
24,3,-,0,0.9874999999999998
24,4,+,0,0.9624999999999998
24,4,-,0,0.9874999999999998
24,5,+,0,0.9624999999999998
24,5,-,0,0.9499999999999998
24,6,+,0,0.8571593913749194
24,6,-,0,0.8874999999999998
24,7,+,0,0.8889566369846305
24,7,-,0,0.8731282501307986
24,8,+,0,0.8889566369846305
24,8,-,0,0.9249999999999998
24,9,+,0,0.9249999999999998
24,9,-,0,0.9249999999999998
24,10,+,0,0.9249999999999998
24,10,-,0,0.9027075674773932
24,11,+,0,0.9124999999999999
24,11,-,0,0.8749999999999999
24,12,+,0,0.9374999999999999
24,12,-,0,0.9374999999999999
24,13,+,0,0.9374999999999999
24,13,-,0,0.9374999999999999
24,14,+,0,0.8999999999999998
24,14,-,0,0.8999999999999998
24,15,+,0,0.8999999999999998
24,15,-,0,0.8999999999999998
24,16,+,0,0.8749999999999999
24,16,-,0,0.8749999999999999
24,17,+,0,0.8888888888888888
24,17,-,0,0.8888888888888888
24,18,+,0,0.8999999999999998
24,18,-,0,0.8999999999999998
24,19,+,0,0.9124999999999999
24,19,-,0,0.9068497908749147
24,20,+,0,0.9124999999999999
24,20,-,0,0.9068497908749147
24,21,+,0,0.8624999999999998
24,21,-,0,0.8695819912499182
24,22,+,0,0.8624999999999998
24,22,-,0,0.8249999999999998
24,23,+,0,0.8624999999999998
24,23,-,0,0.8624999999999998
24,24,+,0,0.9249999999999998
24,24,-,0,0.9374999999999999
24,25,+,0,0.9249999999999998
24,25,-,0,0.9374999999999999
24,26,+,0,0.9013032569427504
24,26,-,0,0.8888888888888888
24,27,+,0,0.9013032569427504
24,27,-,0,0.8888888888888888
24,28,+,0,0.8499999999999999
24,28,-,0,0.8499999999999999
24,29,+,0,0.9499999999999998
24,29,-,0,0.9374999999999999
24,30,+,0,0.9499999999999998
24,30,-,0,0.9499999999999998
24,31,+,0,0.9499999999999998
24,31,-,0,0.9499999999999998
24,32,+,0,0.8874999999999998
24,32,-,0,0.9124999999999999
24,33,+,0,0.8749999999999999
24,33,-,0,0.8749999999999999
24,34,+,0,0.8624999999999998
24,34,-,0,0.8624999999999998
24,35,+,0,0.8874999999999998
24,35,-,0,0.8999999999999998
24,36,+,0,0.9374999999999999
24,36,-,0,0.9124999999999999
24,37,+,0,0.9374999999999999
24,37,-,0,0.9192723907499135
24,38,+,0,0.9124999999999999
24,38,-,0,0.9192723907499135
24,39,+,0,0.9124999999999999
24,39,-,0,0.9068497908749147
24,40,+,0,0.8999999999999998
24,40,-,0,0.8874999999999998
24,41,+,0,0.7999999999999998
24,41,-,0,0.7901836773196715
24,42,+,0,0.9374999999999999
24,42,-,0,0.9124999999999999
24,43,+,0,0.9374999999999999
24,43,-,0,0.9249999999999998
24,44,+,0,0.8374999999999998
24,44,-,0,0.9249999999999998
24,45,+,0,0.9249999999999998
24,45,-,0,0.9068497908749147
24,46,+,0,0.9499999999999998
24,46,-,0,0.9761870601839528
24,47,+,0,0.9499999999999998
24,47,-,0,0.9761870601839528
24,48,+,0,0.9271050693011066
24,48,-,0,0.9124999999999999
24,49,+,0,0.8661113147418232
24,49,-,0,0.9124999999999999
24,50,+,0,0.8999999999999998
24,50,-,0,0.882004591124917
24,51,+,0,0.9124999999999999
24,51,-,0,0.9374999999999999
24,52,+,0,0.9624999999999998
24,52,-,0,0.9624999999999998
24,53,+,0,0.9813853901249077
24,53,-,0,0.9624999999999998
24,54,+,0,0.9813853901249077
24,54,-,0,0.9624999999999998
24,55,+,0,0.9124999999999999
24,55,-,0,0.9374999999999999
24,56,+,0,0.9124999999999999
24,56,-,0,0.9374999999999999
24,57,+,0,0.7874999999999999
24,57,-,0,0.7826237921249264
24,58,+,0,0.9499999999999998
24,58,-,0,0.9624999999999998
24,59,+,0,0.9624999999999998
24,59,-,0,0.9624999999999998
24,60,+,0,0.9624999999999998
24,60,-,0,0.9624999999999998
24,61,+,0,0.9624999999999998
24,61,-,0,0.9624999999999998
24,62,+,0,0.7749999999999999
24,62,-,0,0.7407971974871921
24,63,+,0,0.8124999999999999
24,63,-,0,0.8695104295503154
24,64,+,0,0.8874999999999998
24,64,-,0,0.8695104295503154
24,65,+,0,0.8874999999999998
24,65,-,0,0.8749999999999999
24,66,+,0,0.8874999999999998
24,66,-,0,0.8749999999999999
24,67,+,0,0.8874999999999998
24,67,-,0,0.8874999999999998
24,68,+,0,0.8874999999999998
24,68,-,0,0.8874999999999998
24,69,+,0,0.9249999999999998
24,69,-,0,0.9249999999999998
24,70,+,0,0.9249999999999998
24,70,-,0,0.9249999999999998
24,71,+,0,0.8999999999999998
24,71,-,0,0.8999999999999998
24,72,+,0,0.8749999999999999
24,72,-,0,0.8749999999999999
24,73,+,0,0.8766100170265106
24,73,-,0,0.8766100170265106
24,74,+,0,0.7950463919999252
24,74,-,0,0.8148769172359113
24,75,+,0,0.8499999999999999
24,75,-,0,0.8874999999999998
24,76,+,0,0.9249999999999998
24,76,-,0,0.9124999999999999
24,77,+,0,0.9249999999999998
24,77,-,0,0.9124999999999999
24,78,+,0,0.8874999999999998
24,78,-,0,0.8999999999999998
24,79,+,0,0.8835852486128687
24,79,-,0,0.8999999999999998
24,80,+,0,0.9013032569427504
24,80,-,0,0.9013032569427504
24,81,+,0,0.8749999999999999
24,81,-,0,0.8749999999999999
25,0,+,0,0.9506897367752298
25,0,-,0,0.9449453353220957
25,1,+,0,0.9506897367752298
25,1,-,0,0.9499999999999998
25,2,+,0,0.9383431168171099
25,2,-,0,0.9499999999999998
25,3,+,0,0.8374999999999998
25,3,-,0,0.8374999999999998
25,4,+,0,0.8249999999999998
25,4,-,0,0.8249999999999998
25,5,+,0,0.8999999999999998
25,5,-,0,0.882004591124917
25,6,+,0,0.9249999999999998
25,6,-,0,0.9441175904999112
25,7,+,0,0.9249999999999998
25,7,-,0,0.9441175904999112
25,8,+,0,0.8454777771074351
25,8,-,0,0.8749999999999999
25,9,+,0,0.9013032569427504
25,9,-,0,0.882004591124917
25,10,+,0,0.9013032569427504
25,10,-,0,0.8999999999999998
25,11,+,0,0.8889566369846305
25,11,-,0,0.8999999999999998
25,12,+,0,0.9013032569427504
25,12,-,0,0.9249999999999998
25,13,+,0,0.9013032569427504
25,13,-,0,0.9249999999999998
25,14,+,0,0.8999999999999998
25,14,-,0,0.9249999999999998
25,15,+,0,0.8999999999999998
25,15,-,0,0.8944271909999159
25,16,+,0,0.9624999999999998
25,16,-,0,0.9693433955458752
25,17,+,0,0.9624999999999998
25,17,-,0,0.9693433955458752
25,18,+,0,0.9124999999999999
25,18,-,0,0.9570732259820034
25,19,+,0,0.9124999999999999
25,19,-,0,0.9570732259820034
25,20,+,0,0.9068497908749147
25,20,-,0,0.9213644254408567
25,21,+,0,0.9068497908749147
25,21,-,0,0.9213644254408567
25,22,+,0,0.8874999999999998
25,22,-,0,0.9216353751380653
25,23,+,0,0.9124999999999999
25,23,-,0,0.9365570123773326
25,24,+,0,0.9124999999999999
25,24,-,0,0.9365570123773326
25,25,+,0,0.8749999999999999
25,25,-,0,0.7999999999999998
25,26,+,0,0.9249999999999998
25,26,-,0,0.9081292832965595
25,27,+,0,0.9249999999999998
25,27,-,0,0.9204013006384049
25,28,+,0,0.8944271909999159
25,28,-,0,0.9204013006384049
25,29,+,0,0.9124999999999999
25,29,-,0,0.9124999999999999
25,30,+,0,0.9124999999999999
25,30,-,0,0.9249999999999998
25,31,+,0,0.8957223781626442
25,31,-,0,0.9249999999999998
25,32,+,0,0.8957223781626442
25,32,-,0,0.8874999999999998
25,33,+,0,0.8198915917499229
25,33,-,0,0.8874999999999998
25,34,+,0,0.8198915917499229
25,34,-,0,0.8222251619036417
25,35,+,0,0.8695819912499182
25,35,-,0,0.8835852486128687
25,36,+,0,0.8749999999999999
25,36,-,0,0.8835852486128687
25,37,+,0,0.8499999999999999
25,37,-,0,0.839570157152151
25,38,+,0,0.8624999999999998
25,38,-,0,0.8624999999999998
25,39,+,0,0.9124999999999999
25,39,-,0,0.9124999999999999
25,40,+,0,0.9499999999999998
25,40,-,0,0.9499999999999998
25,41,+,0,0.9499999999999998
25,41,-,0,0.9499999999999998
25,42,+,0,0.8624999999999998
25,42,-,0,0.8624999999999998
25,43,+,0,0.8249999999999998
25,43,-,0,0.8624999999999998
25,44,+,0,0.8124999999999999
25,44,-,0,0.8374999999999998
25,45,+,0,0.9124999999999999
25,45,-,0,0.8499999999999999
25,46,+,0,0.9124999999999999
25,46,-,0,0.8874999999999998
25,47,+,0,0.9249999999999998
25,47,-,0,0.9249999999999998
25,48,+,0,0.9249999999999998
25,48,-,0,0.9249999999999998
25,49,+,0,0.9249999999999998
25,49,-,0,0.8999999999999998
25,50,+,0,0.8874999999999998
25,50,-,0,0.8749999999999999
25,51,+,0,0.7749999999999999
25,51,-,0,0.7749999999999999
25,52,+,0,0.7976811272199509
25,52,-,0,0.7976811272199509
25,53,+,0,0.8695819912499182
25,53,-,0,0.8874999999999998
25,54,+,0,0.9249999999999998
25,54,-,0,0.9249999999999998
25,55,+,0,0.9624999999999998
25,55,-,0,0.9624999999999998
25,56,+,0,0.9624999999999998
25,56,-,0,0.9624999999999998
25,57,+,0,0.9499999999999998
25,57,-,0,0.9249999999999998
25,58,+,0,0.8124943438717154
25,58,-,0,0.8749999999999999
25,59,+,0,0.7713082944663331
25,59,-,0,0.7249999999999999
25,60,+,0,0.9499999999999998
25,60,-,0,0.9589266029707681
25,61,+,0,0.9499999999999998
25,61,-,0,0.9589266029707681
25,62,+,0,0.8874999999999998
25,62,-,0,0.8783100656536799
25,63,+,0,0.9042052915695226
25,63,-,0,0.8999999999999998
25,64,+,0,0.9042052915695226
25,64,-,0,0.8999999999999998
25,65,+,0,0.8499999999999999
25,65,-,0,0.8499999999999999
25,66,+,0,0.8874999999999998
25,66,-,0,0.8874999999999998
25,67,+,0,0.8944271909999159
25,67,-,0,0.9068497908749147
25,68,+,0,0.8944271909999159
25,68,-,0,0.9068497908749147
25,69,+,0,0.8749999999999999
25,69,-,0,0.8944271909999159
25,70,+,0,0.8749999999999999
25,70,-,0,0.8749999999999999
25,71,+,0,0.8499999999999999
25,71,-,0,0.8499999999999999
25,72,+,0,0.9249999999999998
25,72,-,0,0.8624999999999998
25,73,+,0,0.9499999999999998
25,73,-,0,0.9374999999999999
25,74,+,0,0.9499999999999998
25,74,-,0,0.9374999999999999
25,75,+,0,0.8374999999999998
25,75,-,0,0.8374999999999998
25,76,+,0,0.8874999999999998
25,76,-,0,0.8874999999999998
25,77,+,0,0.8874999999999998
25,77,-,0,0.8874999999999998
25,78,+,0,0.9374999999999999
25,78,-,0,0.9192723907499135
25,79,+,0,0.9374999999999999
25,79,-,0,0.9192723907499135
25,80,+,0,0.9249999999999998
25,80,-,0,0.8999999999999998
25,81,+,0,0.9249999999999998
25,81,-,0,0.8624999999999998
26,0,+,0,0.982472940072843
26,0,-,0,0.9874999999999998
26,1,+,0,0.982472940072843
26,1,-,0,0.9874999999999998
26,2,+,0,0.8027550894033749
26,2,-,0,0.8522052878384301
26,3,+,0,0.8025302972777915
26,3,-,0,0.8522052878384301
26,4,+,0,0.8624999999999998
26,4,-,0,0.7874999999999999
26,5,+,0,0.8624999999999998
26,5,-,0,0.8944271909999159
26,6,+,0,0.9499999999999998
26,6,-,0,0.907992547726516
26,7,+,0,0.9499999999999998
26,7,-,0,0.907992547726516
26,8,+,0,0.9192723907499135
26,8,-,0,0.9249999999999998
26,9,+,0,0.9192723907499135
26,9,-,0,0.9249999999999998
26,10,+,0,0.8749999999999999
26,10,-,0,0.8749999999999999
26,11,+,0,0.8695819912499182
26,11,-,0,0.8695819912499182
26,12,+,0,0.9124999999999999
26,12,-,0,0.9249999999999998
26,13,+,0,0.9124999999999999
26,13,-,0,0.9249999999999998
26,14,+,0,0.9068497908749147
26,14,-,0,0.882004591124917
26,15,+,0,0.9068497908749147
26,15,-,0,0.8874999999999998
26,16,+,0,0.8999999999999998
26,16,-,0,0.8874999999999998
26,17,+,0,0.8447367914999205
26,17,-,0,0.8447367914999205
26,18,+,0,0.8874999999999998
26,18,-,0,0.8571593913749194
26,19,+,0,0.8874999999999998
26,19,-,0,0.8571593913749194
26,20,+,0,0.8624999999999998
26,20,-,0,0.9249999999999998
26,21,+,0,0.9374999999999999
26,21,-,0,0.9249999999999998
26,22,+,0,0.9624999999999998
26,22,-,0,0.9689627902499088
26,23,+,0,0.9624999999999998
26,23,-,0,0.9689627902499088
26,24,+,0,0.8749999999999999
26,24,-,0,0.882004591124917
26,25,+,0,0.9374999999999999
26,25,-,0,0.9374999999999999
26,26,+,0,0.9374999999999999
26,26,-,0,0.9374999999999999
26,27,+,0,0.8999999999999998
26,27,-,0,0.9124999999999999
26,28,+,0,0.8499999999999999
26,28,-,0,0.8249999999999998
26,29,+,0,0.9249999999999998
26,29,-,0,0.9249999999999998
26,30,+,0,0.9249999999999998
26,30,-,0,0.9249999999999998
26,31,+,0,0.8999999999999998
26,31,-,0,0.8749999999999999
26,32,+,0,0.8999999999999998
26,32,-,0,0.9249999999999998
26,33,+,0,0.9624999999999998
26,33,-,0,0.9374999999999999
26,34,+,0,0.9624999999999998
26,34,-,0,0.9374999999999999
26,35,+,0,0.9124999999999999
26,35,-,0,0.9316949906249123
26,36,+,0,0.9068497908749147
26,36,-,0,0.882004591124917
26,37,+,0,0.9124999999999999
26,37,-,0,0.9192723907499135
26,38,+,0,0.9124999999999999
26,38,-,0,0.9192723907499135
26,39,+,0,0.8249999999999998
26,39,-,0,0.8249999999999998
26,40,+,0,0.8374999999999998
26,40,-,0,0.7874999999999999
26,41,+,0,0.8874999999999998
26,41,-,0,0.8999999999999998
26,42,+,0,0.8874999999999998
26,42,-,0,0.8999999999999998
26,43,+,0,0.9624999999999998
26,43,-,0,0.9013032569427504
26,44,+,0,0.9749999999999999
26,44,-,0,0.9068497908749147
26,45,+,0,0.9749999999999999
26,45,-,0,0.9068497908749147
26,46,+,0,0.8999999999999998
26,46,-,0,0.9249999999999998
26,47,+,0,0.882004591124917
26,47,-,0,0.9249999999999998
26,48,+,0,0.8624999999999998
26,48,-,0,0.8624999999999998
26,49,+,0,0.8624999999999998
26,49,-,0,0.8624999999999998
26,50,+,0,0.8499999999999999
26,50,-,0,0.8499999999999999
26,51,+,0,0.8499999999999999
26,51,-,0,0.8874999999999998
26,52,+,0,0.8624999999999998
26,52,-,0,0.8874999999999998
26,53,+,0,0.8874999999999998
26,53,-,0,0.8874999999999998
26,54,+,0,0.8999999999999998
26,54,-,0,0.8999999999999998
26,55,+,0,0.8874999999999998
26,55,-,0,0.8874999999999998
26,56,+,0,0.8874999999999998
26,56,-,0,0.8874999999999998
26,57,+,0,0.8874999999999998
26,57,-,0,0.8874999999999998
26,58,+,0,0.9374999999999999
26,58,-,0,0.9249999999999998
26,59,+,0,0.9374999999999999
26,59,-,0,0.9249999999999998
26,60,+,0,0.9013032569427504
26,60,-,0,0.9124999999999999
26,61,+,0,0.8642633970683907
26,61,-,0,0.9124999999999999
26,62,+,0,0.8499999999999999
26,62,-,0,0.8499999999999999
26,63,+,0,0.8999999999999998
26,63,-,0,0.8624999999999998
26,64,+,0,0.9124999999999999
26,64,-,0,0.9499999999999998
26,65,+,0,0.9124999999999999
26,65,-,0,0.9499999999999998
26,66,+,0,0.9124999999999999
26,66,-,0,0.8624999999999998
26,67,+,0,0.9124999999999999
26,67,-,0,0.8624999999999998
26,68,+,0,0.8519167771102709
26,68,-,0,0.8519167771102709
26,69,+,0,0.8999999999999998
26,69,-,0,0.9249999999999998
26,70,+,0,0.9624999999999998
26,70,-,0,0.9249999999999998
26,71,+,0,0.9624999999999998
26,71,-,0,0.9249999999999998
26,72,+,0,0.9249999999999998
26,72,-,0,0.9124999999999999
26,73,+,0,0.8571593913749194
26,73,-,0,0.8571593913749194
26,74,+,0,0.8499999999999999
26,74,-,0,0.8499999999999999
26,75,+,0,0.8624999999999998
26,75,-,0,0.8624999999999998
26,76,+,0,0.8874999999999998
26,76,-,0,0.8624999999999998
26,77,+,0,0.9813853901249077
26,77,-,0,0.9749999999999999
26,78,+,0,0.9813853901249077
26,78,-,0,0.9749999999999999
26,79,+,0,0.9749999999999999
26,79,-,0,0.9499999999999998
26,80,+,0,0.9999999999999998
26,80,-,1,0.9999999999999998
26,81,+,0,0.9999999999999998
26,81,-,0,0.9999999999999998
27,0,+,0,0.9449453353220957
27,0,-,0,0.9249999999999998
27,1,+,0,0.9449453353220957
27,1,-,0,0.9249999999999998
27,2,+,0,0.9212290401744669
27,2,-,0,0.8999999999999998
27,3,+,0,0.9124999999999999
27,3,-,0,0.9124999999999999
27,4,+,0,0.8874999999999998
27,4,-,0,0.8874999999999998
27,5,+,0,0.8874999999999998
27,5,-,0,0.8874999999999998
27,6,+,0,0.8874999999999998
27,6,-,0,0.8874999999999998
27,7,+,0,0.8749999999999999
27,7,-,0,0.8874999999999998
27,8,+,0,0.8749999999999999
27,8,-,0,0.8749999999999999
27,9,+,0,0.9068497908749147
27,9,-,0,0.8999999999999998
27,10,+,0,0.9068497908749147
27,10,-,0,0.8999999999999998
27,11,+,0,0.8624999999999998
27,11,-,0,0.8624999999999998
27,12,+,0,0.8749999999999999
27,12,-,0,0.8749999999999999
27,13,+,0,0.882004591124917
27,13,-,0,0.8374999999999998
27,14,+,0,0.882004591124917
27,14,-,0,0.9124999999999999
27,15,+,0,0.9057894597833126
27,15,-,0,0.9515025711248198
27,16,+,0,0.9057894597833126
27,16,-,0,0.9515025711248198
27,17,+,0,0.8624999999999998
27,17,-,0,0.8624999999999998
27,18,+,0,0.8749999999999999
27,18,-,0,0.8749999999999999
27,19,+,0,0.882004591124917
27,19,-,0,0.882004591124917
27,20,+,0,0.9647058823529412
27,20,-,0,0.9666666666666667
27,21,+,0,0.9647058823529412
27,21,-,0,0.9666666666666667
27,22,+,0,0.8823529411764706
27,22,-,0,0.8888888888888888
27,23,+,0,0.8749999999999999
27,23,-,0,0.8749999999999999
27,24,+,0,0.9013032569427504
27,24,-,0,0.9124999999999999
27,25,+,0,0.9013032569427504
27,25,-,0,0.9124999999999999
27,26,+,0,0.9013032569427504
27,26,-,0,0.8999999999999998
27,27,+,0,0.8374999999999998
27,27,-,0,0.8374999999999998
27,28,+,0,0.9124999999999999
27,28,-,0,0.9456108576893003
27,29,+,0,0.9124999999999999
27,29,-,0,0.9456108576893003
27,30,+,0,0.8874999999999998
27,30,-,0,0.9068497908749147
27,31,+,0,0.8624999999999998
27,31,-,0,0.8749999999999999
27,32,+,0,0.8249999999999998
27,32,-,0,0.8499999999999999
27,33,+,0,0.8374999999999998
27,33,-,0,0.8499999999999999
27,34,+,0,0.8944271909999159
27,34,-,0,0.8783100656536799
27,35,+,0,0.9135802469135802
27,35,-,0,0.9271050693011066
27,36,+,0,0.9135802469135802
27,36,-,0,0.9271050693011066
27,37,+,0,0.8571593913749194
27,37,-,0,0.8999999999999998
27,38,+,0,0.7249999999999999
27,38,-,0,0.6999999999999998
27,39,+,0,0.8874999999999998
27,39,-,0,0.8874999999999998
27,40,+,0,0.8874999999999998
27,40,-,0,0.8874999999999998
27,41,+,0,0.9124999999999999
27,41,-,0,0.9124999999999999
27,42,+,0,0.9441175904999112
27,42,-,0,0.9374999999999999
27,43,+,0,0.9441175904999112
27,43,-,0,0.9374999999999999
27,44,+,0,0.9374999999999999
27,44,-,0,0.9192723907499135
27,45,+,0,0.9124999999999999
27,45,-,0,0.9192723907499135
27,46,+,0,0.8571593913749194
27,46,-,0,0.8488746876271653
27,47,+,0,0.8571593913749194
27,47,-,0,0.8488746876271653
27,48,+,0,0.9249999999999998
27,48,-,0,0.9374999999999999
27,49,+,0,0.9249999999999998
27,49,-,0,0.9374999999999999
27,50,+,0,0.9249999999999998
27,50,-,0,0.9192723907499135
27,51,+,0,0.9249999999999998
27,51,-,0,0.9192723907499135
27,52,+,0,0.8999999999999998
27,52,-,0,0.9192723907499135
27,53,+,0,0.8999999999999998
27,53,-,0,0.8695819912499182
27,54,+,0,0.8999999999999998
27,54,-,0,0.882004591124917
27,55,+,0,0.8874999999999998
27,55,-,0,0.8874999999999998
27,56,+,0,0.8749999999999999
27,56,-,0,0.8874999999999998
27,57,+,0,0.8874999999999998
27,57,-,0,0.8874999999999998
27,58,+,0,0.8874999999999998
27,58,-,0,0.8874999999999998
27,59,+,0,0.8999999999999998
27,59,-,0,0.8999999999999998
27,60,+,0,0.9249999999999998
27,60,-,0,0.9124999999999999
27,61,+,0,0.9249999999999998
27,61,-,0,0.9124999999999999
27,62,+,0,0.7874999999999999
27,62,-,0,0.834497179245487
27,63,+,0,0.8222251619036417
27,63,-,0,0.834497179245487
27,64,+,0,0.8624999999999998
27,64,-,0,0.8624999999999998
27,65,+,0,0.9124999999999999
27,65,-,0,0.8874999999999998
27,66,+,0,0.9249999999999998
27,66,-,0,0.9499999999999998
27,67,+,1,0.9999999999999998
27,67,-,0,0.9874999999999998
27,68,+,0,0.9999999999999998
27,68,-,0,0.9874999999999998
27,69,+,0,0.9374999999999999
27,69,-,0,0.9249999999999998
27,70,+,0,0.8749999999999999
27,70,-,0,0.8749999999999999
27,71,+,0,0.8749999999999999
27,71,-,0,0.8749999999999999
27,72,+,0,0.8499999999999999
27,72,-,0,0.8499999999999999
27,73,+,0,0.8999999999999998
27,73,-,0,0.8999999999999998
27,74,+,0,0.9499999999999998
27,74,-,0,0.9374999999999999
27,75,+,0,0.9499999999999998
27,75,-,0,0.9374999999999999
27,76,+,0,0.9249999999999998
27,76,-,0,0.9499999999999998
27,77,+,0,0.9374999999999999
27,77,-,0,0.9499999999999998
27,78,+,0,0.9374999999999999
27,78,-,0,0.9124999999999999
27,79,+,0,0.8749999999999999
27,79,-,0,0.8624999999999998
27,80,+,0,0.9938079899999065
27,80,-,0,0.9874999999999998
27,81,+,0,0.9938079899999065
27,81,-,0,0.9874999999999998
28,0,+,0,0.9499999999999998
28,0,-,0,0.9515025711248198
28,1,+,0,0.9753829766914696
28,1,-,0,0.9515025711248198
28,2,+,0,0.9753829766914696
28,2,-,0,0.9454719096527424
28,3,+,0,0.834371530343285
28,3,-,0,0.9454719096527424
28,4,+,0,0.8249999999999998
28,4,-,0,0.8148769172359113
28,5,+,0,0.8249999999999998
28,5,-,0,0.8198915917499229
28,6,+,0,0.9624999999999998
28,6,-,0,0.9316949906249123
28,7,+,0,0.9624999999999998
28,7,-,0,0.9749999999999999
28,8,+,0,0.9624999999999998
28,8,-,0,0.9749999999999999
28,9,+,0,0.9374999999999999
28,9,-,0,0.8999999999999998
28,10,+,0,0.8249999999999998
28,10,-,0,0.7761140001162655
28,11,+,0,0.7749999999999999
28,11,-,0,0.7761140001162655
28,12,+,0,0.9124999999999999
28,12,-,0,0.8999999999999998
28,13,+,0,0.9124999999999999
28,13,-,0,0.8999999999999998
28,14,+,0,0.9249999999999998
28,14,-,0,0.9025061376930095
28,15,+,0,0.9374999999999999
28,15,-,0,0.9449453353220957
28,16,+,0,0.9374999999999999
28,16,-,0,0.9449453353220957
28,17,+,0,0.8874999999999998
28,17,-,0,0.8874999999999998
28,18,+,0,0.8874999999999998
28,18,-,0,0.8874999999999998
28,19,+,0,0.8874999999999998
28,19,-,0,0.8874999999999998
28,20,+,0,0.9249999999999998
28,20,-,0,0.9374999999999999
28,21,+,0,0.9624999999999998
28,21,-,0,0.9374999999999999
28,22,+,0,0.9624999999999998
28,22,-,0,0.9027075674773932
28,23,+,0,0.8766100170265106
28,23,-,0,0.9341484842923421
28,24,+,0,0.8889566369846305
28,24,-,0,0.9341484842923421
28,25,+,0,0.8889566369846305
28,25,-,0,0.8781140799175228
28,26,+,0,0.8198915917499229
28,26,-,0,0.9268981954684963
28,27,+,0,0.8749999999999999
28,27,-,0,0.9268981954684963
28,28,+,0,0.8749999999999999
28,28,-,0,0.8695819912499182
28,29,+,0,0.9124999999999999
28,29,-,0,0.8766100170265106
28,30,+,0,0.9124999999999999
28,30,-,0,0.8766100170265106
28,31,+,0,0.8624999999999998
28,31,-,0,0.9249999999999998
28,32,+,0,0.9441175904999112
28,32,-,0,0.9249999999999998
28,33,+,0,0.9441175904999112
28,33,-,0,0.8624999999999998
28,34,+,0,0.8447367914999205
28,34,-,0,0.8374999999999998
28,35,+,0,0.8766100170265106
28,35,-,0,0.9624999999999998
28,36,+,0,0.8889566369846305
28,36,-,0,0.9624999999999998
28,37,+,0,0.8889566369846305
28,37,-,0,0.9383431168171099
28,38,+,0,0.839570157152151
28,38,-,0,0.9325328868542597
28,39,+,0,0.839570157152151
28,39,-,0,0.8323141916249217
28,40,+,0,0.8999999999999998
28,40,-,0,0.8695819912499182
28,41,+,0,0.8999999999999998
28,41,-,0,0.9374999999999999
28,42,+,0,0.8874999999999998
28,42,-,0,0.9374999999999999
28,43,+,0,0.8874999999999998
28,43,-,0,0.8999999999999998
28,44,+,0,0.8874999999999998
28,44,-,0,0.9374999999999999
28,45,+,0,0.8499999999999999
28,45,-,0,0.9374999999999999
28,46,+,0,0.7624999999999998
28,46,-,0,0.8249999999999998
28,47,+,0,0.8499999999999999
28,47,-,0,0.8447367914999205
28,48,+,0,0.8624999999999998
28,48,-,0,0.8749999999999999
28,49,+,0,0.9374999999999999
28,49,-,0,0.9124999999999999
28,50,+,0,0.9374999999999999
28,50,-,0,0.9124999999999999
28,51,+,0,0.9124999999999999
28,51,-,0,0.8999999999999998
28,52,+,0,0.8874999999999998
28,52,-,0,0.9374999999999999
28,53,+,0,0.8749999999999999
28,53,-,0,0.9374999999999999
28,54,+,0,0.8124999999999999
28,54,-,0,0.8624999999999998
28,55,+,0,0.8499999999999999
28,55,-,0,0.8624999999999998
28,56,+,0,0.9249999999999998
28,56,-,0,0.9013032569427504
28,57,+,0,0.9249999999999998
28,57,-,0,0.9013032569427504
28,58,+,0,0.9124999999999999
28,58,-,0,0.9013032569427504
28,59,+,0,0.9124999999999999
28,59,-,0,0.8969861706961915
28,60,+,0,0.8624999999999998
28,60,-,0,0.8835852486128687
28,61,+,0,0.8249999999999998
28,61,-,0,0.8249999999999998
28,62,+,0,0.9749999999999999
28,62,-,0,0.9624999999999998
28,63,+,0,0.9749999999999999
28,63,-,0,0.9624999999999998
28,64,+,0,0.9499999999999998
28,64,-,0,0.9624999999999998
28,65,+,0,0.8888888888888888
28,65,-,0,0.8888888888888888
28,66,+,0,0.8323141916249217
28,66,-,0,0.8124999999999999
28,67,+,0,0.7999999999999998
28,67,-,0,0.7999999999999998
28,68,+,0,0.8374999999999998
28,68,-,0,0.9499999999999998
28,69,+,0,0.8374999999999998
28,69,-,0,0.9499999999999998
28,70,+,0,0.8249999999999998
28,70,-,0,0.8695819912499182
28,71,+,0,0.8999999999999998
28,71,-,0,0.8944271909999159
28,72,+,0,0.8999999999999998
28,72,-,0,0.9499999999999998
28,73,+,0,0.8590412139291779
28,73,-,0,0.9499999999999998
28,74,+,0,0.8835852486128687
28,74,-,0,0.9318181818181818
28,75,+,0,0.8835852486128687
28,75,-,0,0.9318181818181818
28,76,+,0,0.8766100170265106
28,76,-,0,0.9172518353612243
28,77,+,0,0.9013032569427504
28,77,-,0,0.931878351526172
28,78,+,0,0.9624999999999998
28,78,-,0,0.9601410923231513
28,79,+,0,0.9938079899999065
28,79,-,0,0.9601410923231513
28,80,+,0,1.0
28,80,-,0,0.9707768336434045
28,81,+,0,1.0
28,81,-,0,0.9707768336434045
29,0,+,0,0.9159285996787706
29,0,-,0,0.8944271909999159
29,1,+,0,0.9216353751380653
29,1,-,0,0.9192723907499135
29,2,+,0,0.9249999999999998
29,2,-,0,0.9192723907499135
29,3,+,0,0.9249999999999998
29,3,-,0,0.9124999999999999
29,4,+,0,0.9124999999999999
29,4,-,0,0.9124999999999999
29,5,+,0,0.8749999999999999
29,5,-,0,0.8624999999999998
29,6,+,0,0.8874999999999998
29,6,-,0,0.8999999999999998
29,7,+,0,0.8874999999999998
29,7,-,0,0.8999999999999998
29,8,+,0,0.8249999999999998
29,8,-,0,0.8124999999999999
29,9,+,0,0.8249999999999998
29,9,-,0,0.8374999999999998
29,10,+,0,0.8499999999999999
29,10,-,0,0.8749999999999999
29,11,+,0,0.8624999999999998
29,11,-,0,0.8874999999999998
29,12,+,0,0.8749999999999999
29,12,-,0,0.8999999999999998
29,13,+,0,0.8749999999999999
29,13,-,0,0.8999999999999998
29,14,+,0,0.8374999999999998
29,14,-,0,0.8499999999999999
29,15,+,0,0.8272235371940312
29,15,-,0,0.8272235371940312
29,16,+,0,0.8571593913749194
29,16,-,0,0.8571593913749194
29,17,+,0,0.9124999999999999
29,17,-,0,0.9124999999999999
29,18,+,0,0.8999999999999998
29,18,-,0,0.8999999999999998
29,19,+,0,0.8749999999999999
29,19,-,0,0.8749999999999999
29,20,+,0,0.8624999999999998
29,20,-,0,0.8624999999999998
29,21,+,0,0.8124999999999999
29,21,-,0,0.8624999999999998
29,22,+,0,0.9624999999999998
29,22,-,0,0.9499999999999998
29,23,+,0,0.9624999999999998
29,23,-,0,0.9499999999999998
29,24,+,0,0.9499999999999998
29,24,-,0,0.9499999999999998
29,25,+,0,0.8374999999999998
29,25,-,0,0.8374999999999998
29,26,+,0,0.8590412139291779
29,26,-,0,0.8749999999999999
29,27,+,0,0.8590412139291779
29,27,-,0,0.8749999999999999
29,28,+,0,0.8124999999999999
29,28,-,0,0.8374999999999998
29,29,+,0,0.9316949906249123
29,29,-,0,0.882004591124917
29,30,+,0,0.9316949906249123
29,30,-,0,0.882004591124917
29,31,+,0,0.8749999999999999
29,31,-,0,0.8571593913749194
29,32,+,0,0.8749999999999999
29,32,-,0,0.8749999999999999
29,33,+,0,0.8999999999999998
29,33,-,0,0.8999999999999998
29,34,+,0,0.8999999999999998
29,34,-,0,0.8874999999999998
29,35,+,0,0.8999999999999998
29,35,-,0,0.8999999999999998
29,36,+,0,0.8447367914999205
29,36,-,0,0.8999999999999998
29,37,+,0,0.8198915917499229
29,37,-,0,0.7999999999999998
29,38,+,0,0.8624999999999998
29,38,-,0,0.8999999999999998
29,39,+,0,0.9374999999999999
29,39,-,0,0.9624999999999998
29,40,+,0,0.9749999999999999
29,40,-,0,0.9624999999999998
29,41,+,0,0.9749999999999999
29,41,-,0,0.9499999999999998
29,42,+,0,0.9499999999999998
29,42,-,0,0.9499999999999998
29,43,+,0,0.9499999999999998
29,43,-,0,0.9374999999999999
29,44,+,0,0.8499999999999999
29,44,-,0,0.8642633970683907
29,45,+,0,0.8499999999999999
29,45,-,0,0.8148769172359113
29,46,+,0,0.7999999999999998
29,46,-,0,0.7624999999999998
29,47,+,0,0.9124999999999999
29,47,-,0,0.9383431168171099
29,48,+,0,0.9449453353220957
29,48,-,0,0.9878048780487804
29,49,+,0,0.9449453353220957
29,49,-,0,0.9878048780487804
29,50,+,0,0.9374999999999999
29,50,-,0,0.9759744527415568
29,51,+,0,0.9749999999999999
29,51,-,0,0.95654019037491
29,52,+,0,0.9749999999999999
29,52,-,0,0.95654019037491
29,53,+,0,0.8624999999999998
29,53,-,0,0.8124999999999999
29,54,+,0,0.7999999999999998
29,54,-,0,0.8499999999999999
29,55,+,0,0.8374999999999998
29,55,-,0,0.8499999999999999
29,56,+,0,0.8374999999999998
29,56,-,0,0.824621125123532
29,57,+,0,0.8077567271354402
29,57,-,0,0.7999999999999998
29,58,+,0,0.8624999999999998
29,58,-,0,0.8624999999999998
29,59,+,0,0.9374999999999999
29,59,-,0,0.9374999999999999
29,60,+,0,0.9499999999999998
29,60,-,0,0.9499999999999998
29,61,+,0,0.9499999999999998
29,61,-,0,0.9499999999999998
29,62,+,0,0.9374999999999999
29,62,-,0,0.8874999999999998
29,63,+,0,0.8447367914999205
29,63,-,0,0.8624999999999998
29,64,+,0,0.8124999999999999
29,64,-,0,0.882004591124917
29,65,+,0,0.8124999999999999
29,65,-,0,0.882004591124917
29,66,+,0,0.8571593913749194
29,66,-,0,0.8571593913749194
29,67,+,0,0.9068497908749147
29,67,-,0,0.8571593913749194
29,68,+,0,0.9068497908749147
29,68,-,0,0.8499999999999999
29,69,+,0,0.8374999999999998
29,69,-,0,0.8499999999999999
29,70,+,0,0.8374999999999998
29,70,-,0,0.8499999999999999
29,71,+,0,0.8749999999999999
29,71,-,0,0.8124999999999999
29,72,+,0,0.8999999999999998
29,72,-,0,0.8999999999999998
29,73,+,0,0.9124999999999999
29,73,-,0,0.9271050693011066
29,74,+,0,0.9204013006384049
29,74,-,0,0.9271050693011066
29,75,+,0,0.9204013006384049
29,75,-,0,0.9157291161525718
29,76,+,0,0.8624999999999998
29,76,-,0,0.9124999999999999
29,77,+,0,0.8624999999999998
29,77,-,0,0.9124999999999999
29,78,+,0,0.9070380657603828
29,78,-,0,0.8695819912499182
29,79,+,0,0.9941002434954169
29,79,-,0,0.9938079899999065
29,80,+,0,1.0
29,80,-,0,0.9999999999999998
29,81,+,0,1.0
29,81,-,1,0.9999999999999998
